item_codeDataTextBox,barcode1,textBox1
IN-A1-K1-P1,IN-A1-K1-P1,Pusat
IN-A1-K1-P10,IN-A1-K1-P10,Pusat
IN-A1-K1-P11,IN-A1-K1-P11,Pusat
IN-A1-K1-P12,IN-A1-K1-P12,Pusat
IN-A1-K1-P13,IN-A1-K1-P13,Pusat
IN-A1-K1-P14,IN-A1-K1-P14,Pusat
IN-A1-K1-P15,IN-A1-K1-P15,Pusat
IN-A1-K1-P16,IN-A1-K1-P16,Pusat
IN-A1-K1-P2,IN-A1-K1-P2,Pusat
IN-A1-K1-P3,IN-A1-K1-P3,Pusat
IN-A1-K1-P4,IN-A1-K1-P4,Pusat
IN-A1-K1-P5,IN-A1-K1-P5,Pusat
IN-A1-K1-P6,IN-A1-K1-P6,Pusat
IN-A1-K1-P7,IN-A1-K1-P7,Pusat
IN-A1-K1-P8,IN-A1-K1-P8,Pusat
IN-A1-K1-P9,IN-A1-K1-P9,Pusat
IN-A1-K2-P1,IN-A1-K2-P1,Pusat
IN-A1-K2-P10,IN-A1-K2-P10,Pusat
IN-A1-K2-P11,IN-A1-K2-P11,Pusat
IN-A1-K2-P12,IN-A1-K2-P12,Pusat
IN-A1-K2-P13,IN-A1-K2-P13,Pusat
IN-A1-K2-P14,IN-A1-K2-P14,Pusat
IN-A1-K2-P15,IN-A1-K2-P15,Pusat
IN-A1-K2-P16,IN-A1-K2-P16,Pusat
IN-A1-K2-P2,IN-A1-K2-P2,Pusat
IN-A1-K2-P3,IN-A1-K2-P3,Pusat
IN-A1-K2-P4,IN-A1-K2-P4,Pusat
IN-A1-K2-P5,IN-A1-K2-P5,Pusat
IN-A1-K2-P6,IN-A1-K2-P6,Pusat
IN-A1-K2-P7,IN-A1-K2-P7,Pusat
IN-A1-K2-P8,IN-A1-K2-P8,Pusat
IN-A1-K2-P9,IN-A1-K2-P9,Pusat
IN-A1-K3-P1,IN-A1-K3-P1,Pusat
IN-A1-K3-P10,IN-A1-K3-P10,Pusat
IN-A1-K3-P11,IN-A1-K3-P11,Pusat
IN-A1-K3-P12,IN-A1-K3-P12,Pusat
IN-A1-K3-P13,IN-A1-K3-P13,Pusat
IN-A1-K3-P14,IN-A1-K3-P14,Pusat
IN-A1-K3-P15,IN-A1-K3-P15,Pusat
IN-A1-K3-P16,IN-A1-K3-P16,Pusat
IN-A1-K3-P2,IN-A1-K3-P2,Pusat
IN-A1-K3-P3,IN-A1-K3-P3,Pusat
IN-A1-K3-P4,IN-A1-K3-P4,Pusat
IN-A1-K3-P5,IN-A1-K3-P5,Pusat
IN-A1-K3-P6,IN-A1-K3-P6,Pusat
IN-A1-K3-P7,IN-A1-K3-P7,Pusat
IN-A1-K3-P8,IN-A1-K3-P8,Pusat
IN-A1-K3-P9,IN-A1-K3-P9,Pusat
IN-A1-K4-P1,IN-A1-K4-P1,Pusat
IN-A1-K4-P10,IN-A1-K4-P10,Pusat
IN-A1-K4-P11,IN-A1-K4-P11,Pusat
IN-A1-K4-P12,IN-A1-K4-P12,Pusat
IN-A1-K4-P13,IN-A1-K4-P13,Pusat
IN-A1-K4-P14,IN-A1-K4-P14,Pusat
IN-A1-K4-P15,IN-A1-K4-P15,Pusat
IN-A1-K4-P16,IN-A1-K4-P16,Pusat
IN-A1-K4-P2,IN-A1-K4-P2,Pusat
IN-A1-K4-P3,IN-A1-K4-P3,Pusat
IN-A1-K4-P4,IN-A1-K4-P4,Pusat
IN-A1-K4-P5,IN-A1-K4-P5,Pusat
IN-A1-K4-P6,IN-A1-K4-P6,Pusat
IN-A1-K4-P7,IN-A1-K4-P7,Pusat
IN-A1-K4-P8,IN-A1-K4-P8,Pusat
IN-A1-K4-P9,IN-A1-K4-P9,Pusat
IN-A1-K5-P1,IN-A1-K5-P1,Pusat
IN-A1-K5-P10,IN-A1-K5-P10,Pusat
IN-A1-K5-P11,IN-A1-K5-P11,Pusat
IN-A1-K5-P12,IN-A1-K5-P12,Pusat
IN-A1-K5-P13,IN-A1-K5-P13,Pusat
IN-A1-K5-P14,IN-A1-K5-P14,Pusat
IN-A1-K5-P15,IN-A1-K5-P15,Pusat
IN-A1-K5-P16,IN-A1-K5-P16,Pusat
IN-A1-K5-P2,IN-A1-K5-P2,Pusat
IN-A1-K5-P3,IN-A1-K5-P3,Pusat
IN-A1-K5-P4,IN-A1-K5-P4,Pusat
IN-A1-K5-P5,IN-A1-K5-P5,Pusat
IN-A1-K5-P6,IN-A1-K5-P6,Pusat
IN-A1-K5-P7,IN-A1-K5-P7,Pusat
IN-A1-K5-P8,IN-A1-K5-P8,Pusat
IN-A1-K5-P9,IN-A1-K5-P9,Pusat
IN-A1-K6-P1,IN-A1-K6-P1,Pusat
IN-A1-K6-P10,IN-A1-K6-P10,Pusat
IN-A1-K6-P11,IN-A1-K6-P11,Pusat
IN-A1-K6-P12,IN-A1-K6-P12,Pusat
IN-A1-K6-P13,IN-A1-K6-P13,Pusat
IN-A1-K6-P14,IN-A1-K6-P14,Pusat
IN-A1-K6-P15,IN-A1-K6-P15,Pusat
IN-A1-K6-P16,IN-A1-K6-P16,Pusat
IN-A1-K6-P2,IN-A1-K6-P2,Pusat
IN-A1-K6-P3,IN-A1-K6-P3,Pusat
IN-A1-K6-P4,IN-A1-K6-P4,Pusat
IN-A1-K6-P5,IN-A1-K6-P5,Pusat
IN-A1-K6-P6,IN-A1-K6-P6,Pusat
IN-A1-K6-P7,IN-A1-K6-P7,Pusat
IN-A1-K6-P8,IN-A1-K6-P8,Pusat
IN-A1-K6-P9,IN-A1-K6-P9,Pusat
IN-A2-K1-P1,IN-A2-K1-P1,Pusat
IN-A2-K1-P10,IN-A2-K1-P10,Pusat
IN-A2-K1-P11,IN-A2-K1-P11,Pusat
IN-A2-K1-P12,IN-A2-K1-P12,Pusat
IN-A2-K1-P13,IN-A2-K1-P13,Pusat
IN-A2-K1-P14,IN-A2-K1-P14,Pusat
IN-A2-K1-P15,IN-A2-K1-P15,Pusat
IN-A2-K1-P16,IN-A2-K1-P16,Pusat
IN-A2-K1-P2,IN-A2-K1-P2,Pusat
IN-A2-K1-P3,IN-A2-K1-P3,Pusat
IN-A2-K1-P4,IN-A2-K1-P4,Pusat
IN-A2-K1-P5,IN-A2-K1-P5,Pusat
IN-A2-K1-P6,IN-A2-K1-P6,Pusat
IN-A2-K1-P7,IN-A2-K1-P7,Pusat
IN-A2-K1-P8,IN-A2-K1-P8,Pusat
IN-A2-K1-P9,IN-A2-K1-P9,Pusat
IN-A2-K2-P1,IN-A2-K2-P1,Pusat
IN-A2-K2-P10,IN-A2-K2-P10,Pusat
IN-A2-K2-P11,IN-A2-K2-P11,Pusat
IN-A2-K2-P12,IN-A2-K2-P12,Pusat
IN-A2-K2-P13,IN-A2-K2-P13,Pusat
IN-A2-K2-P14,IN-A2-K2-P14,Pusat
IN-A2-K2-P15,IN-A2-K2-P15,Pusat
IN-A2-K2-P16,IN-A2-K2-P16,Pusat
IN-A2-K2-P2,IN-A2-K2-P2,Pusat
IN-A2-K2-P3,IN-A2-K2-P3,Pusat
IN-A2-K2-P4,IN-A2-K2-P4,Pusat
IN-A2-K2-P5,IN-A2-K2-P5,Pusat
IN-A2-K2-P6,IN-A2-K2-P6,Pusat
IN-A2-K2-P7,IN-A2-K2-P7,Pusat
IN-A2-K2-P8,IN-A2-K2-P8,Pusat
IN-A2-K2-P9,IN-A2-K2-P9,Pusat
IN-A2-K3-P1,IN-A2-K3-P1,Pusat
IN-A2-K3-P10,IN-A2-K3-P10,Pusat
IN-A2-K3-P11,IN-A2-K3-P11,Pusat
IN-A2-K3-P12,IN-A2-K3-P12,Pusat
IN-A2-K3-P13,IN-A2-K3-P13,Pusat
IN-A2-K3-P14,IN-A2-K3-P14,Pusat
IN-A2-K3-P15,IN-A2-K3-P15,Pusat
IN-A2-K3-P16,IN-A2-K3-P16,Pusat
IN-A2-K3-P2,IN-A2-K3-P2,Pusat
IN-A2-K3-P3,IN-A2-K3-P3,Pusat
IN-A2-K3-P4,IN-A2-K3-P4,Pusat
IN-A2-K3-P5,IN-A2-K3-P5,Pusat
IN-A2-K3-P6,IN-A2-K3-P6,Pusat
IN-A2-K3-P7,IN-A2-K3-P7,Pusat
IN-A2-K3-P8,IN-A2-K3-P8,Pusat
IN-A2-K3-P9,IN-A2-K3-P9,Pusat
IN-A2-K4-P1,IN-A2-K4-P1,Pusat
IN-A2-K4-P10,IN-A2-K4-P10,Pusat
IN-A2-K4-P11,IN-A2-K4-P11,Pusat
IN-A2-K4-P12,IN-A2-K4-P12,Pusat
IN-A2-K4-P13,IN-A2-K4-P13,Pusat
IN-A2-K4-P14,IN-A2-K4-P14,Pusat
IN-A2-K4-P15,IN-A2-K4-P15,Pusat
IN-A2-K4-P16,IN-A2-K4-P16,Pusat
IN-A2-K4-P2,IN-A2-K4-P2,Pusat
IN-A2-K4-P3,IN-A2-K4-P3,Pusat
IN-A2-K4-P4,IN-A2-K4-P4,Pusat
IN-A2-K4-P5,IN-A2-K4-P5,Pusat
IN-A2-K4-P6,IN-A2-K4-P6,Pusat
IN-A2-K4-P7,IN-A2-K4-P7,Pusat
IN-A2-K4-P8,IN-A2-K4-P8,Pusat
IN-A2-K4-P9,IN-A2-K4-P9,Pusat
IN-A2-K5-P1,IN-A2-K5-P1,Pusat
IN-A2-K5-P10,IN-A2-K5-P10,Pusat
IN-A2-K5-P11,IN-A2-K5-P11,Pusat
IN-A2-K5-P12,IN-A2-K5-P12,Pusat
IN-A2-K5-P13,IN-A2-K5-P13,Pusat
IN-A2-K5-P14,IN-A2-K5-P14,Pusat
IN-A2-K5-P15,IN-A2-K5-P15,Pusat
IN-A2-K5-P16,IN-A2-K5-P16,Pusat
IN-A2-K5-P2,IN-A2-K5-P2,Pusat
IN-A2-K5-P3,IN-A2-K5-P3,Pusat
IN-A2-K5-P4,IN-A2-K5-P4,Pusat
IN-A2-K5-P5,IN-A2-K5-P5,Pusat
IN-A2-K5-P6,IN-A2-K5-P6,Pusat
IN-A2-K5-P7,IN-A2-K5-P7,Pusat
IN-A2-K5-P8,IN-A2-K5-P8,Pusat
IN-A2-K5-P9,IN-A2-K5-P9,Pusat
IN-A2-K6-P1,IN-A2-K6-P1,Pusat
IN-A2-K6-P10,IN-A2-K6-P10,Pusat
IN-A2-K6-P11,IN-A2-K6-P11,Pusat
IN-A2-K6-P12,IN-A2-K6-P12,Pusat
IN-A2-K6-P13,IN-A2-K6-P13,Pusat
IN-A2-K6-P14,IN-A2-K6-P14,Pusat
IN-A2-K6-P15,IN-A2-K6-P15,Pusat
IN-A2-K6-P16,IN-A2-K6-P16,Pusat
IN-A2-K6-P2,IN-A2-K6-P2,Pusat
IN-A2-K6-P3,IN-A2-K6-P3,Pusat
IN-A2-K6-P4,IN-A2-K6-P4,Pusat
IN-A2-K6-P5,IN-A2-K6-P5,Pusat
IN-A2-K6-P6,IN-A2-K6-P6,Pusat
IN-A2-K6-P7,IN-A2-K6-P7,Pusat
IN-A2-K6-P8,IN-A2-K6-P8,Pusat
IN-A2-K6-P9,IN-A2-K6-P9,Pusat
IN-A3-K1-P1,IN-A3-K1-P1,Pusat
IN-A3-K1-P10,IN-A3-K1-P10,Pusat
IN-A3-K1-P11,IN-A3-K1-P11,Pusat
IN-A3-K1-P12,IN-A3-K1-P12,Pusat
IN-A3-K1-P13,IN-A3-K1-P13,Pusat
IN-A3-K1-P14,IN-A3-K1-P14,Pusat
IN-A3-K1-P15,IN-A3-K1-P15,Pusat
IN-A3-K1-P16,IN-A3-K1-P16,Pusat
IN-A3-K1-P2,IN-A3-K1-P2,Pusat
IN-A3-K1-P3,IN-A3-K1-P3,Pusat
IN-A3-K1-P4,IN-A3-K1-P4,Pusat
IN-A3-K1-P5,IN-A3-K1-P5,Pusat
IN-A3-K1-P6,IN-A3-K1-P6,Pusat
IN-A3-K1-P7,IN-A3-K1-P7,Pusat
IN-A3-K1-P8,IN-A3-K1-P8,Pusat
IN-A3-K1-P9,IN-A3-K1-P9,Pusat
IN-A3-K2-P1,IN-A3-K2-P1,Pusat
IN-A3-K2-P10,IN-A3-K2-P10,Pusat
IN-A3-K2-P11,IN-A3-K2-P11,Pusat
IN-A3-K2-P12,IN-A3-K2-P12,Pusat
IN-A3-K2-P13,IN-A3-K2-P13,Pusat
IN-A3-K2-P14,IN-A3-K2-P14,Pusat
IN-A3-K2-P15,IN-A3-K2-P15,Pusat
IN-A3-K2-P16,IN-A3-K2-P16,Pusat
IN-A3-K2-P2,IN-A3-K2-P2,Pusat
IN-A3-K2-P3,IN-A3-K2-P3,Pusat
IN-A3-K2-P4,IN-A3-K2-P4,Pusat
IN-A3-K2-P5,IN-A3-K2-P5,Pusat
IN-A3-K2-P6,IN-A3-K2-P6,Pusat
IN-A3-K2-P7,IN-A3-K2-P7,Pusat
IN-A3-K2-P8,IN-A3-K2-P8,Pusat
IN-A3-K2-P9,IN-A3-K2-P9,Pusat
IN-A3-K3-P1,IN-A3-K3-P1,Pusat
IN-A3-K3-P10,IN-A3-K3-P10,Pusat
IN-A3-K3-P11,IN-A3-K3-P11,Pusat
IN-A3-K3-P12,IN-A3-K3-P12,Pusat
IN-A3-K3-P13,IN-A3-K3-P13,Pusat
IN-A3-K3-P14,IN-A3-K3-P14,Pusat
IN-A3-K3-P15,IN-A3-K3-P15,Pusat
IN-A3-K3-P16,IN-A3-K3-P16,Pusat
IN-A3-K3-P2,IN-A3-K3-P2,Pusat
IN-A3-K3-P3,IN-A3-K3-P3,Pusat
IN-A3-K3-P4,IN-A3-K3-P4,Pusat
IN-A3-K3-P5,IN-A3-K3-P5,Pusat
IN-A3-K3-P6,IN-A3-K3-P6,Pusat
IN-A3-K3-P7,IN-A3-K3-P7,Pusat
IN-A3-K3-P8,IN-A3-K3-P8,Pusat
IN-A3-K3-P9,IN-A3-K3-P9,Pusat
IN-A3-K4-P1,IN-A3-K4-P1,Pusat
IN-A3-K4-P10,IN-A3-K4-P10,Pusat
IN-A3-K4-P11,IN-A3-K4-P11,Pusat
IN-A3-K4-P12,IN-A3-K4-P12,Pusat
IN-A3-K4-P13,IN-A3-K4-P13,Pusat
IN-A3-K4-P14,IN-A3-K4-P14,Pusat
IN-A3-K4-P15,IN-A3-K4-P15,Pusat
IN-A3-K4-P16,IN-A3-K4-P16,Pusat
IN-A3-K4-P2,IN-A3-K4-P2,Pusat
IN-A3-K4-P3,IN-A3-K4-P3,Pusat
IN-A3-K4-P4,IN-A3-K4-P4,Pusat
IN-A3-K4-P5,IN-A3-K4-P5,Pusat
IN-A3-K4-P6,IN-A3-K4-P6,Pusat
IN-A3-K4-P7,IN-A3-K4-P7,Pusat
IN-A3-K4-P8,IN-A3-K4-P8,Pusat
IN-A3-K4-P9,IN-A3-K4-P9,Pusat
IN-A3-K5-P1,IN-A3-K5-P1,Pusat
IN-A3-K5-P10,IN-A3-K5-P10,Pusat
IN-A3-K5-P11,IN-A3-K5-P11,Pusat
IN-A3-K5-P12,IN-A3-K5-P12,Pusat
IN-A3-K5-P13,IN-A3-K5-P13,Pusat
IN-A3-K5-P14,IN-A3-K5-P14,Pusat
IN-A3-K5-P15,IN-A3-K5-P15,Pusat
IN-A3-K5-P16,IN-A3-K5-P16,Pusat
IN-A3-K5-P2,IN-A3-K5-P2,Pusat
IN-A3-K5-P3,IN-A3-K5-P3,Pusat
IN-A3-K5-P4,IN-A3-K5-P4,Pusat
IN-A3-K5-P5,IN-A3-K5-P5,Pusat
IN-A3-K5-P6,IN-A3-K5-P6,Pusat
IN-A3-K5-P7,IN-A3-K5-P7,Pusat
IN-A3-K5-P8,IN-A3-K5-P8,Pusat
IN-A3-K5-P9,IN-A3-K5-P9,Pusat
IN-A3-K6-P1,IN-A3-K6-P1,Pusat
IN-A3-K6-P10,IN-A3-K6-P10,Pusat
IN-A3-K6-P11,IN-A3-K6-P11,Pusat
IN-A3-K6-P12,IN-A3-K6-P12,Pusat
IN-A3-K6-P13,IN-A3-K6-P13,Pusat
IN-A3-K6-P14,IN-A3-K6-P14,Pusat
IN-A3-K6-P15,IN-A3-K6-P15,Pusat
IN-A3-K6-P16,IN-A3-K6-P16,Pusat
IN-A3-K6-P2,IN-A3-K6-P2,Pusat
IN-A3-K6-P3,IN-A3-K6-P3,Pusat
IN-A3-K6-P4,IN-A3-K6-P4,Pusat
IN-A3-K6-P5,IN-A3-K6-P5,Pusat
IN-A3-K6-P6,IN-A3-K6-P6,Pusat
IN-A3-K6-P7,IN-A3-K6-P7,Pusat
IN-A3-K6-P8,IN-A3-K6-P8,Pusat
IN-A3-K6-P9,IN-A3-K6-P9,Pusat
IN-A4-K1-P1,IN-A4-K1-P1,Pusat
IN-A4-K1-P10,IN-A4-K1-P10,Pusat
IN-A4-K1-P11,IN-A4-K1-P11,Pusat
IN-A4-K1-P12,IN-A4-K1-P12,Pusat
IN-A4-K1-P13,IN-A4-K1-P13,Pusat
IN-A4-K1-P14,IN-A4-K1-P14,Pusat
IN-A4-K1-P15,IN-A4-K1-P15,Pusat
IN-A4-K1-P16,IN-A4-K1-P16,Pusat
IN-A4-K1-P2,IN-A4-K1-P2,Pusat
IN-A4-K1-P3,IN-A4-K1-P3,Pusat
IN-A4-K1-P4,IN-A4-K1-P4,Pusat
IN-A4-K1-P5,IN-A4-K1-P5,Pusat
IN-A4-K1-P6,IN-A4-K1-P6,Pusat
IN-A4-K1-P7,IN-A4-K1-P7,Pusat
IN-A4-K1-P8,IN-A4-K1-P8,Pusat
IN-A4-K1-P9,IN-A4-K1-P9,Pusat
IN-A4-K2-P1,IN-A4-K2-P1,Pusat
IN-A4-K2-P10,IN-A4-K2-P10,Pusat
IN-A4-K2-P11,IN-A4-K2-P11,Pusat
IN-A4-K2-P12,IN-A4-K2-P12,Pusat
IN-A4-K2-P13,IN-A4-K2-P13,Pusat
IN-A4-K2-P14,IN-A4-K2-P14,Pusat
IN-A4-K2-P15,IN-A4-K2-P15,Pusat
IN-A4-K2-P16,IN-A4-K2-P16,Pusat
IN-A4-K2-P2,IN-A4-K2-P2,Pusat
IN-A4-K2-P3,IN-A4-K2-P3,Pusat
IN-A4-K2-P4,IN-A4-K2-P4,Pusat
IN-A4-K2-P5,IN-A4-K2-P5,Pusat
IN-A4-K2-P6,IN-A4-K2-P6,Pusat
IN-A4-K2-P7,IN-A4-K2-P7,Pusat
IN-A4-K2-P8,IN-A4-K2-P8,Pusat
IN-A4-K2-P9,IN-A4-K2-P9,Pusat
IN-A4-K3-P1,IN-A4-K3-P1,Pusat
IN-A4-K3-P10,IN-A4-K3-P10,Pusat
IN-A4-K3-P11,IN-A4-K3-P11,Pusat
IN-A4-K3-P12,IN-A4-K3-P12,Pusat
IN-A4-K3-P13,IN-A4-K3-P13,Pusat
IN-A4-K3-P14,IN-A4-K3-P14,Pusat
IN-A4-K3-P15,IN-A4-K3-P15,Pusat
IN-A4-K3-P16,IN-A4-K3-P16,Pusat
IN-A4-K3-P2,IN-A4-K3-P2,Pusat
IN-A4-K3-P3,IN-A4-K3-P3,Pusat
IN-A4-K3-P4,IN-A4-K3-P4,Pusat
IN-A4-K3-P5,IN-A4-K3-P5,Pusat
IN-A4-K3-P6,IN-A4-K3-P6,Pusat
IN-A4-K3-P7,IN-A4-K3-P7,Pusat
IN-A4-K3-P8,IN-A4-K3-P8,Pusat
IN-A4-K3-P9,IN-A4-K3-P9,Pusat
IN-A4-K4-P1,IN-A4-K4-P1,Pusat
IN-A4-K4-P10,IN-A4-K4-P10,Pusat
IN-A4-K4-P11,IN-A4-K4-P11,Pusat
IN-A4-K4-P12,IN-A4-K4-P12,Pusat
IN-A4-K4-P13,IN-A4-K4-P13,Pusat
IN-A4-K4-P14,IN-A4-K4-P14,Pusat
IN-A4-K4-P15,IN-A4-K4-P15,Pusat
IN-A4-K4-P16,IN-A4-K4-P16,Pusat
IN-A4-K4-P2,IN-A4-K4-P2,Pusat
IN-A4-K4-P3,IN-A4-K4-P3,Pusat
IN-A4-K4-P4,IN-A4-K4-P4,Pusat
IN-A4-K4-P5,IN-A4-K4-P5,Pusat
IN-A4-K4-P6,IN-A4-K4-P6,Pusat
IN-A4-K4-P7,IN-A4-K4-P7,Pusat
IN-A4-K4-P8,IN-A4-K4-P8,Pusat
IN-A4-K4-P9,IN-A4-K4-P9,Pusat
IN-A4-K5-P1,IN-A4-K5-P1,Pusat
IN-A4-K5-P10,IN-A4-K5-P10,Pusat
IN-A4-K5-P11,IN-A4-K5-P11,Pusat
IN-A4-K5-P12,IN-A4-K5-P12,Pusat
IN-A4-K5-P13,IN-A4-K5-P13,Pusat
IN-A4-K5-P14,IN-A4-K5-P14,Pusat
IN-A4-K5-P15,IN-A4-K5-P15,Pusat
IN-A4-K5-P16,IN-A4-K5-P16,Pusat
IN-A4-K5-P2,IN-A4-K5-P2,Pusat
IN-A4-K5-P3,IN-A4-K5-P3,Pusat
IN-A4-K5-P4,IN-A4-K5-P4,Pusat
IN-A4-K5-P5,IN-A4-K5-P5,Pusat
IN-A4-K5-P6,IN-A4-K5-P6,Pusat
IN-A4-K5-P7,IN-A4-K5-P7,Pusat
IN-A4-K5-P8,IN-A4-K5-P8,Pusat
IN-A4-K5-P9,IN-A4-K5-P9,Pusat
IN-A4-K6-P1,IN-A4-K6-P1,Pusat
IN-A4-K6-P10,IN-A4-K6-P10,Pusat
IN-A4-K6-P11,IN-A4-K6-P11,Pusat
IN-A4-K6-P12,IN-A4-K6-P12,Pusat
IN-A4-K6-P13,IN-A4-K6-P13,Pusat
IN-A4-K6-P14,IN-A4-K6-P14,Pusat
IN-A4-K6-P15,IN-A4-K6-P15,Pusat
IN-A4-K6-P16,IN-A4-K6-P16,Pusat
IN-A4-K6-P2,IN-A4-K6-P2,Pusat
IN-A4-K6-P3,IN-A4-K6-P3,Pusat
IN-A4-K6-P4,IN-A4-K6-P4,Pusat
IN-A4-K6-P5,IN-A4-K6-P5,Pusat
IN-A4-K6-P6,IN-A4-K6-P6,Pusat
IN-A4-K6-P7,IN-A4-K6-P7,Pusat
IN-A4-K6-P8,IN-A4-K6-P8,Pusat
IN-A4-K6-P9,IN-A4-K6-P9,Pusat
IN-A5-K1-P1,IN-A5-K1-P1,Pusat
IN-A5-K1-P10,IN-A5-K1-P10,Pusat
IN-A5-K1-P11,IN-A5-K1-P11,Pusat
IN-A5-K1-P12,IN-A5-K1-P12,Pusat
IN-A5-K1-P13,IN-A5-K1-P13,Pusat
IN-A5-K1-P14,IN-A5-K1-P14,Pusat
IN-A5-K1-P15,IN-A5-K1-P15,Pusat
IN-A5-K1-P16,IN-A5-K1-P16,Pusat
IN-A5-K1-P2,IN-A5-K1-P2,Pusat
IN-A5-K1-P3,IN-A5-K1-P3,Pusat
IN-A5-K1-P4,IN-A5-K1-P4,Pusat
IN-A5-K1-P5,IN-A5-K1-P5,Pusat
IN-A5-K1-P6,IN-A5-K1-P6,Pusat
IN-A5-K1-P7,IN-A5-K1-P7,Pusat
IN-A5-K1-P8,IN-A5-K1-P8,Pusat
IN-A5-K1-P9,IN-A5-K1-P9,Pusat
IN-A5-K2-P1,IN-A5-K2-P1,Pusat
IN-A5-K2-P10,IN-A5-K2-P10,Pusat
IN-A5-K2-P11,IN-A5-K2-P11,Pusat
IN-A5-K2-P12,IN-A5-K2-P12,Pusat
IN-A5-K2-P13,IN-A5-K2-P13,Pusat
IN-A5-K2-P14,IN-A5-K2-P14,Pusat
IN-A5-K2-P15,IN-A5-K2-P15,Pusat
IN-A5-K2-P16,IN-A5-K2-P16,Pusat
IN-A5-K2-P2,IN-A5-K2-P2,Pusat
IN-A5-K2-P3,IN-A5-K2-P3,Pusat
IN-A5-K2-P4,IN-A5-K2-P4,Pusat
IN-A5-K2-P5,IN-A5-K2-P5,Pusat
IN-A5-K2-P6,IN-A5-K2-P6,Pusat
IN-A5-K2-P7,IN-A5-K2-P7,Pusat
IN-A5-K2-P8,IN-A5-K2-P8,Pusat
IN-A5-K2-P9,IN-A5-K2-P9,Pusat
IN-A5-K3-P1,IN-A5-K3-P1,Pusat
IN-A5-K3-P10,IN-A5-K3-P10,Pusat
IN-A5-K3-P11,IN-A5-K3-P11,Pusat
IN-A5-K3-P12,IN-A5-K3-P12,Pusat
IN-A5-K3-P13,IN-A5-K3-P13,Pusat
IN-A5-K3-P14,IN-A5-K3-P14,Pusat
IN-A5-K3-P15,IN-A5-K3-P15,Pusat
IN-A5-K3-P16,IN-A5-K3-P16,Pusat
IN-A5-K3-P2,IN-A5-K3-P2,Pusat
IN-A5-K3-P3,IN-A5-K3-P3,Pusat
IN-A5-K3-P4,IN-A5-K3-P4,Pusat
IN-A5-K3-P5,IN-A5-K3-P5,Pusat
IN-A5-K3-P6,IN-A5-K3-P6,Pusat
IN-A5-K3-P7,IN-A5-K3-P7,Pusat
IN-A5-K3-P8,IN-A5-K3-P8,Pusat
IN-A5-K3-P9,IN-A5-K3-P9,Pusat
IN-A5-K4-P1,IN-A5-K4-P1,Pusat
IN-A5-K4-P10,IN-A5-K4-P10,Pusat
IN-A5-K4-P11,IN-A5-K4-P11,Pusat
IN-A5-K4-P12,IN-A5-K4-P12,Pusat
IN-A5-K4-P13,IN-A5-K4-P13,Pusat
IN-A5-K4-P14,IN-A5-K4-P14,Pusat
IN-A5-K4-P15,IN-A5-K4-P15,Pusat
IN-A5-K4-P16,IN-A5-K4-P16,Pusat
IN-A5-K4-P2,IN-A5-K4-P2,Pusat
IN-A5-K4-P3,IN-A5-K4-P3,Pusat
IN-A5-K4-P4,IN-A5-K4-P4,Pusat
IN-A5-K4-P5,IN-A5-K4-P5,Pusat
IN-A5-K4-P6,IN-A5-K4-P6,Pusat
IN-A5-K4-P7,IN-A5-K4-P7,Pusat
IN-A5-K4-P8,IN-A5-K4-P8,Pusat
IN-A5-K4-P9,IN-A5-K4-P9,Pusat
IN-A5-K5-P1,IN-A5-K5-P1,Pusat
IN-A5-K5-P10,IN-A5-K5-P10,Pusat
IN-A5-K5-P11,IN-A5-K5-P11,Pusat
IN-A5-K5-P12,IN-A5-K5-P12,Pusat
IN-A5-K5-P13,IN-A5-K5-P13,Pusat
IN-A5-K5-P14,IN-A5-K5-P14,Pusat
IN-A5-K5-P15,IN-A5-K5-P15,Pusat
IN-A5-K5-P16,IN-A5-K5-P16,Pusat
IN-A5-K5-P2,IN-A5-K5-P2,Pusat
IN-A5-K5-P3,IN-A5-K5-P3,Pusat
IN-A5-K5-P4,IN-A5-K5-P4,Pusat
IN-A5-K5-P5,IN-A5-K5-P5,Pusat
IN-A5-K5-P6,IN-A5-K5-P6,Pusat
IN-A5-K5-P7,IN-A5-K5-P7,Pusat
IN-A5-K5-P8,IN-A5-K5-P8,Pusat
IN-A5-K5-P9,IN-A5-K5-P9,Pusat
IN-A5-K6-P1,IN-A5-K6-P1,Pusat
IN-A5-K6-P10,IN-A5-K6-P10,Pusat
IN-A5-K6-P11,IN-A5-K6-P11,Pusat
IN-A5-K6-P12,IN-A5-K6-P12,Pusat
IN-A5-K6-P13,IN-A5-K6-P13,Pusat
IN-A5-K6-P14,IN-A5-K6-P14,Pusat
IN-A5-K6-P15,IN-A5-K6-P15,Pusat
IN-A5-K6-P16,IN-A5-K6-P16,Pusat
IN-A5-K6-P2,IN-A5-K6-P2,Pusat
IN-A5-K6-P3,IN-A5-K6-P3,Pusat
IN-A5-K6-P4,IN-A5-K6-P4,Pusat
IN-A5-K6-P5,IN-A5-K6-P5,Pusat
IN-A5-K6-P6,IN-A5-K6-P6,Pusat
IN-A5-K6-P7,IN-A5-K6-P7,Pusat
IN-A5-K6-P8,IN-A5-K6-P8,Pusat
IN-A5-K6-P9,IN-A5-K6-P9,Pusat
IN-A6-K1-P1,IN-A6-K1-P1,Pusat
IN-A6-K1-P10,IN-A6-K1-P10,Pusat
IN-A6-K1-P11,IN-A6-K1-P11,Pusat
IN-A6-K1-P13,IN-A6-K1-P13,Pusat
IN-A6-K1-P14,IN-A6-K1-P14,Pusat
IN-A6-K1-P15,IN-A6-K1-P15,Pusat
IN-A6-K1-P2,IN-A6-K1-P2,Pusat
IN-A6-K1-P3,IN-A6-K1-P3,Pusat
IN-A6-K1-P5,IN-A6-K1-P5,Pusat
IN-A6-K1-P6,IN-A6-K1-P6,Pusat
IN-A6-K1-P7,IN-A6-K1-P7,Pusat
IN-A6-K1-P9,IN-A6-K1-P9,Pusat
IN-A6-K2-P1,IN-A6-K2-P1,Pusat
IN-A6-K2-P10,IN-A6-K2-P10,Pusat
IN-A6-K2-P11,IN-A6-K2-P11,Pusat
IN-A6-K2-P13,IN-A6-K2-P13,Pusat
IN-A6-K2-P14,IN-A6-K2-P14,Pusat
IN-A6-K2-P15,IN-A6-K2-P15,Pusat
IN-A6-K2-P2,IN-A6-K2-P2,Pusat
IN-A6-K2-P3,IN-A6-K2-P3,Pusat
IN-A6-K2-P5,IN-A6-K2-P5,Pusat
IN-A6-K2-P6,IN-A6-K2-P6,Pusat
IN-A6-K2-P7,IN-A6-K2-P7,Pusat
IN-A6-K2-P9,IN-A6-K2-P9,Pusat
IN-A6-K3-P1,IN-A6-K3-P1,Pusat
IN-A6-K3-P10,IN-A6-K3-P10,Pusat
IN-A6-K3-P11,IN-A6-K3-P11,Pusat
IN-A6-K3-P13,IN-A6-K3-P13,Pusat
IN-A6-K3-P14,IN-A6-K3-P14,Pusat
IN-A6-K3-P15,IN-A6-K3-P15,Pusat
IN-A6-K3-P2,IN-A6-K3-P2,Pusat
IN-A6-K3-P3,IN-A6-K3-P3,Pusat
IN-A6-K3-P5,IN-A6-K3-P5,Pusat
IN-A6-K3-P6,IN-A6-K3-P6,Pusat
IN-A6-K3-P7,IN-A6-K3-P7,Pusat
IN-A6-K3-P9,IN-A6-K3-P9,Pusat
IN-A6-K4-P1,IN-A6-K4-P1,Pusat
IN-A6-K4-P10,IN-A6-K4-P10,Pusat
IN-A6-K4-P11,IN-A6-K4-P11,Pusat
IN-A6-K4-P13,IN-A6-K4-P13,Pusat
IN-A6-K4-P14,IN-A6-K4-P14,Pusat
IN-A6-K4-P15,IN-A6-K4-P15,Pusat
IN-A6-K4-P2,IN-A6-K4-P2,Pusat
IN-A6-K4-P3,IN-A6-K4-P3,Pusat
IN-A6-K4-P5,IN-A6-K4-P5,Pusat
IN-A6-K4-P6,IN-A6-K4-P6,Pusat
IN-A6-K4-P7,IN-A6-K4-P7,Pusat
IN-A6-K4-P9,IN-A6-K4-P9,Pusat
IN-A6-K5-P1,IN-A6-K5-P1,Pusat
IN-A6-K5-P10,IN-A6-K5-P10,Pusat
IN-A6-K5-P11,IN-A6-K5-P11,Pusat
IN-A6-K5-P13,IN-A6-K5-P13,Pusat
IN-A6-K5-P14,IN-A6-K5-P14,Pusat
IN-A6-K5-P15,IN-A6-K5-P15,Pusat
IN-A6-K5-P2,IN-A6-K5-P2,Pusat
IN-A6-K5-P3,IN-A6-K5-P3,Pusat
IN-A6-K5-P5,IN-A6-K5-P5,Pusat
IN-A6-K5-P6,IN-A6-K5-P6,Pusat
IN-A6-K5-P7,IN-A6-K5-P7,Pusat
IN-A6-K5-P9,IN-A6-K5-P9,Pusat
IN-A6-K6-P1,IN-A6-K6-P1,Pusat
IN-A6-K6-P10,IN-A6-K6-P10,Pusat
IN-A6-K6-P11,IN-A6-K6-P11,Pusat
IN-A6-K6-P13,IN-A6-K6-P13,Pusat
IN-A6-K6-P14,IN-A6-K6-P14,Pusat
IN-A6-K6-P15,IN-A6-K6-P15,Pusat
IN-A6-K6-P2,IN-A6-K6-P2,Pusat
IN-A6-K6-P3,IN-A6-K6-P3,Pusat
IN-A6-K6-P5,IN-A6-K6-P5,Pusat
IN-A6-K6-P6,IN-A6-K6-P6,Pusat
IN-A6-K6-P7,IN-A6-K6-P7,Pusat
IN-A6-K6-P9,IN-A6-K6-P9,Pusat
IN-A7-K1-P1,IN-A7-K1-P1,Pusat
IN-A7-K1-P10,IN-A7-K1-P10,Pusat
IN-A7-K1-P11,IN-A7-K1-P11,Pusat
IN-A7-K1-P12,IN-A7-K1-P12,Pusat
IN-A7-K1-P13,IN-A7-K1-P13,Pusat
IN-A7-K1-P14,IN-A7-K1-P14,Pusat
IN-A7-K1-P15,IN-A7-K1-P15,Pusat
IN-A7-K1-P2,IN-A7-K1-P2,Pusat
IN-A7-K1-P3,IN-A7-K1-P3,Pusat
IN-A7-K1-P4,IN-A7-K1-P4,Pusat
IN-A7-K1-P5,IN-A7-K1-P5,Pusat
IN-A7-K1-P6,IN-A7-K1-P6,Pusat
IN-A7-K1-P7,IN-A7-K1-P7,Pusat
IN-A7-K1-P8,IN-A7-K1-P8,Pusat
IN-A7-K1-P9,IN-A7-K1-P9,Pusat
IN-A7-K2-P1,IN-A7-K2-P1,Pusat
IN-A7-K2-P10,IN-A7-K2-P10,Pusat
IN-A7-K2-P11,IN-A7-K2-P11,Pusat
IN-A7-K2-P12,IN-A7-K2-P12,Pusat
IN-A7-K2-P13,IN-A7-K2-P13,Pusat
IN-A7-K2-P14,IN-A7-K2-P14,Pusat
IN-A7-K2-P15,IN-A7-K2-P15,Pusat
IN-A7-K2-P2,IN-A7-K2-P2,Pusat
IN-A7-K2-P3,IN-A7-K2-P3,Pusat
IN-A7-K2-P4,IN-A7-K2-P4,Pusat
IN-A7-K2-P5,IN-A7-K2-P5,Pusat
IN-A7-K2-P6,IN-A7-K2-P6,Pusat
IN-A7-K2-P7,IN-A7-K2-P7,Pusat
IN-A7-K2-P8,IN-A7-K2-P8,Pusat
IN-A7-K2-P9,IN-A7-K2-P9,Pusat
IN-A7-K3-P1,IN-A7-K3-P1,Pusat
IN-A7-K3-P10,IN-A7-K3-P10,Pusat
IN-A7-K3-P11,IN-A7-K3-P11,Pusat
IN-A7-K3-P12,IN-A7-K3-P12,Pusat
IN-A7-K3-P13,IN-A7-K3-P13,Pusat
IN-A7-K3-P14,IN-A7-K3-P14,Pusat
IN-A7-K3-P15,IN-A7-K3-P15,Pusat
IN-A7-K3-P2,IN-A7-K3-P2,Pusat
IN-A7-K3-P3,IN-A7-K3-P3,Pusat
IN-A7-K3-P4,IN-A7-K3-P4,Pusat
IN-A7-K3-P5,IN-A7-K3-P5,Pusat
IN-A7-K3-P6,IN-A7-K3-P6,Pusat
IN-A7-K3-P7,IN-A7-K3-P7,Pusat
IN-A7-K3-P8,IN-A7-K3-P8,Pusat
IN-A7-K3-P9,IN-A7-K3-P9,Pusat
IN-A7-K4-P1,IN-A7-K4-P1,Pusat
IN-A7-K4-P10,IN-A7-K4-P10,Pusat
IN-A7-K4-P11,IN-A7-K4-P11,Pusat
IN-A7-K4-P12,IN-A7-K4-P12,Pusat
IN-A7-K4-P13,IN-A7-K4-P13,Pusat
IN-A7-K4-P14,IN-A7-K4-P14,Pusat
IN-A7-K4-P15,IN-A7-K4-P15,Pusat
IN-A7-K4-P2,IN-A7-K4-P2,Pusat
IN-A7-K4-P3,IN-A7-K4-P3,Pusat
IN-A7-K4-P4,IN-A7-K4-P4,Pusat
IN-A7-K4-P5,IN-A7-K4-P5,Pusat
IN-A7-K4-P6,IN-A7-K4-P6,Pusat
IN-A7-K4-P7,IN-A7-K4-P7,Pusat
IN-A7-K4-P8,IN-A7-K4-P8,Pusat
IN-A7-K4-P9,IN-A7-K4-P9,Pusat
IN-A7-K5-P1,IN-A7-K5-P1,Pusat
IN-A7-K5-P10,IN-A7-K5-P10,Pusat
IN-A7-K5-P11,IN-A7-K5-P11,Pusat
IN-A7-K5-P12,IN-A7-K5-P12,Pusat
IN-A7-K5-P13,IN-A7-K5-P13,Pusat
IN-A7-K5-P14,IN-A7-K5-P14,Pusat
IN-A7-K5-P15,IN-A7-K5-P15,Pusat
IN-A7-K5-P2,IN-A7-K5-P2,Pusat
IN-A7-K5-P3,IN-A7-K5-P3,Pusat
IN-A7-K5-P4,IN-A7-K5-P4,Pusat
IN-A7-K5-P5,IN-A7-K5-P5,Pusat
IN-A7-K5-P6,IN-A7-K5-P6,Pusat
IN-A7-K5-P7,IN-A7-K5-P7,Pusat
IN-A7-K5-P8,IN-A7-K5-P8,Pusat
IN-A7-K5-P9,IN-A7-K5-P9,Pusat
IN-A7-K6-P1,IN-A7-K6-P1,Pusat
IN-A7-K6-P10,IN-A7-K6-P10,Pusat
IN-A7-K6-P11,IN-A7-K6-P11,Pusat
IN-A7-K6-P12,IN-A7-K6-P12,Pusat
IN-A7-K6-P13,IN-A7-K6-P13,Pusat
IN-A7-K6-P14,IN-A7-K6-P14,Pusat
IN-A7-K6-P15,IN-A7-K6-P15,Pusat
IN-A7-K6-P2,IN-A7-K6-P2,Pusat
IN-A7-K6-P3,IN-A7-K6-P3,Pusat
IN-A7-K6-P4,IN-A7-K6-P4,Pusat
IN-A7-K6-P5,IN-A7-K6-P5,Pusat
IN-A7-K6-P6,IN-A7-K6-P6,Pusat
IN-A7-K6-P7,IN-A7-K6-P7,Pusat
IN-A7-K6-P8,IN-A7-K6-P8,Pusat
IN-A7-K6-P9,IN-A7-K6-P9,Pusat
IN-A8-K1-P1,IN-A8-K1-P1,Pusat
IN-A8-K1-P10,IN-A8-K1-P10,Pusat
IN-A8-K1-P11,IN-A8-K1-P11,Pusat
IN-A8-K1-P12,IN-A8-K1-P12,Pusat
IN-A8-K1-P13,IN-A8-K1-P13,Pusat
IN-A8-K1-P14,IN-A8-K1-P14,Pusat
IN-A8-K1-P15,IN-A8-K1-P15,Pusat
IN-A8-K1-P2,IN-A8-K1-P2,Pusat
IN-A8-K1-P3,IN-A8-K1-P3,Pusat
IN-A8-K1-P4,IN-A8-K1-P4,Pusat
IN-A8-K1-P5,IN-A8-K1-P5,Pusat
IN-A8-K1-P6,IN-A8-K1-P6,Pusat
IN-A8-K1-P7,IN-A8-K1-P7,Pusat
IN-A8-K1-P8,IN-A8-K1-P8,Pusat
IN-A8-K1-P9,IN-A8-K1-P9,Pusat
IN-A8-K2-P1,IN-A8-K2-P1,Pusat
IN-A8-K2-P10,IN-A8-K2-P10,Pusat
IN-A8-K2-P11,IN-A8-K2-P11,Pusat
IN-A8-K2-P12,IN-A8-K2-P12,Pusat
IN-A8-K2-P13,IN-A8-K2-P13,Pusat
IN-A8-K2-P14,IN-A8-K2-P14,Pusat
IN-A8-K2-P15,IN-A8-K2-P15,Pusat
IN-A8-K2-P2,IN-A8-K2-P2,Pusat
IN-A8-K2-P3,IN-A8-K2-P3,Pusat
IN-A8-K2-P4,IN-A8-K2-P4,Pusat
IN-A8-K2-P5,IN-A8-K2-P5,Pusat
IN-A8-K2-P6,IN-A8-K2-P6,Pusat
IN-A8-K2-P7,IN-A8-K2-P7,Pusat
IN-A8-K2-P8,IN-A8-K2-P8,Pusat
IN-A8-K2-P9,IN-A8-K2-P9,Pusat
IN-A8-K3-P1,IN-A8-K3-P1,Pusat
IN-A8-K3-P10,IN-A8-K3-P10,Pusat
IN-A8-K3-P11,IN-A8-K3-P11,Pusat
IN-A8-K3-P12,IN-A8-K3-P12,Pusat
IN-A8-K3-P13,IN-A8-K3-P13,Pusat
IN-A8-K3-P14,IN-A8-K3-P14,Pusat
IN-A8-K3-P15,IN-A8-K3-P15,Pusat
IN-A8-K3-P2,IN-A8-K3-P2,Pusat
IN-A8-K3-P3,IN-A8-K3-P3,Pusat
IN-A8-K3-P4,IN-A8-K3-P4,Pusat
IN-A8-K3-P5,IN-A8-K3-P5,Pusat
IN-A8-K3-P6,IN-A8-K3-P6,Pusat
IN-A8-K3-P7,IN-A8-K3-P7,Pusat
IN-A8-K3-P8,IN-A8-K3-P8,Pusat
IN-A8-K3-P9,IN-A8-K3-P9,Pusat
IN-A8-K4-P1,IN-A8-K4-P1,Pusat
IN-A8-K4-P10,IN-A8-K4-P10,Pusat
IN-A8-K4-P11,IN-A8-K4-P11,Pusat
IN-A8-K4-P12,IN-A8-K4-P12,Pusat
IN-A8-K4-P13,IN-A8-K4-P13,Pusat
IN-A8-K4-P14,IN-A8-K4-P14,Pusat
IN-A8-K4-P15,IN-A8-K4-P15,Pusat
IN-A8-K4-P2,IN-A8-K4-P2,Pusat
IN-A8-K4-P3,IN-A8-K4-P3,Pusat
IN-A8-K4-P4,IN-A8-K4-P4,Pusat
IN-A8-K4-P5,IN-A8-K4-P5,Pusat
IN-A8-K4-P6,IN-A8-K4-P6,Pusat
IN-A8-K4-P7,IN-A8-K4-P7,Pusat
IN-A8-K4-P8,IN-A8-K4-P8,Pusat
IN-A8-K4-P9,IN-A8-K4-P9,Pusat
IN-A8-K5-P1,IN-A8-K5-P1,Pusat
IN-A8-K5-P10,IN-A8-K5-P10,Pusat
IN-A8-K5-P11,IN-A8-K5-P11,Pusat
IN-A8-K5-P12,IN-A8-K5-P12,Pusat
IN-A8-K5-P13,IN-A8-K5-P13,Pusat
IN-A8-K5-P14,IN-A8-K5-P14,Pusat
IN-A8-K5-P15,IN-A8-K5-P15,Pusat
IN-A8-K5-P2,IN-A8-K5-P2,Pusat
IN-A8-K5-P3,IN-A8-K5-P3,Pusat
IN-A8-K5-P4,IN-A8-K5-P4,Pusat
IN-A8-K5-P5,IN-A8-K5-P5,Pusat
IN-A8-K5-P6,IN-A8-K5-P6,Pusat
IN-A8-K5-P7,IN-A8-K5-P7,Pusat
IN-A8-K5-P8,IN-A8-K5-P8,Pusat
IN-A8-K5-P9,IN-A8-K5-P9,Pusat
IN-A8-K6-P1,IN-A8-K6-P1,Pusat
IN-A8-K6-P10,IN-A8-K6-P10,Pusat
IN-A8-K6-P11,IN-A8-K6-P11,Pusat
IN-A8-K6-P12,IN-A8-K6-P12,Pusat
IN-A8-K6-P13,IN-A8-K6-P13,Pusat
IN-A8-K6-P14,IN-A8-K6-P14,Pusat
IN-A8-K6-P15,IN-A8-K6-P15,Pusat
IN-A8-K6-P2,IN-A8-K6-P2,Pusat
IN-A8-K6-P3,IN-A8-K6-P3,Pusat
IN-A8-K6-P4,IN-A8-K6-P4,Pusat
IN-A8-K6-P5,IN-A8-K6-P5,Pusat
IN-A8-K6-P6,IN-A8-K6-P6,Pusat
IN-A8-K6-P7,IN-A8-K6-P7,Pusat
IN-A8-K6-P8,IN-A8-K6-P8,Pusat
IN-A8-K6-P9,IN-A8-K6-P9,Pusat
IN-B1-K1-P1,IN-B1-K1-P1,Pusat
IN-B1-K1-P10,IN-B1-K1-P10,Pusat
IN-B1-K1-P11,IN-B1-K1-P11,Pusat
IN-B1-K1-P12,IN-B1-K1-P12,Pusat
IN-B1-K1-P13,IN-B1-K1-P13,Pusat
IN-B1-K1-P14,IN-B1-K1-P14,Pusat
IN-B1-K1-P15,IN-B1-K1-P15,Pusat
IN-B1-K1-P16,IN-B1-K1-P16,Pusat
IN-B1-K1-P2,IN-B1-K1-P2,Pusat
IN-B1-K1-P3,IN-B1-K1-P3,Pusat
IN-B1-K1-P4,IN-B1-K1-P4,Pusat
IN-B1-K1-P5,IN-B1-K1-P5,Pusat
IN-B1-K1-P6,IN-B1-K1-P6,Pusat
IN-B1-K1-P7,IN-B1-K1-P7,Pusat
IN-B1-K1-P8,IN-B1-K1-P8,Pusat
IN-B1-K1-P9,IN-B1-K1-P9,Pusat
IN-B1-K2-P1,IN-B1-K2-P1,Pusat
IN-B1-K2-P10,IN-B1-K2-P10,Pusat
IN-B1-K2-P11,IN-B1-K2-P11,Pusat
IN-B1-K2-P12,IN-B1-K2-P12,Pusat
IN-B1-K2-P13,IN-B1-K2-P13,Pusat
IN-B1-K2-P14,IN-B1-K2-P14,Pusat
IN-B1-K2-P15,IN-B1-K2-P15,Pusat
IN-B1-K2-P16,IN-B1-K2-P16,Pusat
IN-B1-K2-P2,IN-B1-K2-P2,Pusat
IN-B1-K2-P3,IN-B1-K2-P3,Pusat
IN-B1-K2-P4,IN-B1-K2-P4,Pusat
IN-B1-K2-P5,IN-B1-K2-P5,Pusat
IN-B1-K2-P6,IN-B1-K2-P6,Pusat
IN-B1-K2-P7,IN-B1-K2-P7,Pusat
IN-B1-K2-P8,IN-B1-K2-P8,Pusat
IN-B1-K2-P9,IN-B1-K2-P9,Pusat
IN-B1-K3-P1,IN-B1-K3-P1,Pusat
IN-B1-K3-P10,IN-B1-K3-P10,Pusat
IN-B1-K3-P11,IN-B1-K3-P11,Pusat
IN-B1-K3-P12,IN-B1-K3-P12,Pusat
IN-B1-K3-P13,IN-B1-K3-P13,Pusat
IN-B1-K3-P14,IN-B1-K3-P14,Pusat
IN-B1-K3-P15,IN-B1-K3-P15,Pusat
IN-B1-K3-P16,IN-B1-K3-P16,Pusat
IN-B1-K3-P2,IN-B1-K3-P2,Pusat
IN-B1-K3-P3,IN-B1-K3-P3,Pusat
IN-B1-K3-P4,IN-B1-K3-P4,Pusat
IN-B1-K3-P5,IN-B1-K3-P5,Pusat
IN-B1-K3-P6,IN-B1-K3-P6,Pusat
IN-B1-K3-P7,IN-B1-K3-P7,Pusat
IN-B1-K3-P8,IN-B1-K3-P8,Pusat
IN-B1-K3-P9,IN-B1-K3-P9,Pusat
IN-B1-K4-P1,IN-B1-K4-P1,Pusat
IN-B1-K4-P10,IN-B1-K4-P10,Pusat
IN-B1-K4-P11,IN-B1-K4-P11,Pusat
IN-B1-K4-P12,IN-B1-K4-P12,Pusat
IN-B1-K4-P13,IN-B1-K4-P13,Pusat
IN-B1-K4-P14,IN-B1-K4-P14,Pusat
IN-B1-K4-P15,IN-B1-K4-P15,Pusat
IN-B1-K4-P16,IN-B1-K4-P16,Pusat
IN-B1-K4-P2,IN-B1-K4-P2,Pusat
IN-B1-K4-P3,IN-B1-K4-P3,Pusat
IN-B1-K4-P4,IN-B1-K4-P4,Pusat
IN-B1-K4-P5,IN-B1-K4-P5,Pusat
IN-B1-K4-P6,IN-B1-K4-P6,Pusat
IN-B1-K4-P7,IN-B1-K4-P7,Pusat
IN-B1-K4-P8,IN-B1-K4-P8,Pusat
IN-B1-K4-P9,IN-B1-K4-P9,Pusat
IN-B1-K5-P1,IN-B1-K5-P1,Pusat
IN-B1-K5-P10,IN-B1-K5-P10,Pusat
IN-B1-K5-P11,IN-B1-K5-P11,Pusat
IN-B1-K5-P12,IN-B1-K5-P12,Pusat
IN-B1-K5-P13,IN-B1-K5-P13,Pusat
IN-B1-K5-P14,IN-B1-K5-P14,Pusat
IN-B1-K5-P15,IN-B1-K5-P15,Pusat
IN-B1-K5-P16,IN-B1-K5-P16,Pusat
IN-B1-K5-P2,IN-B1-K5-P2,Pusat
IN-B1-K5-P3,IN-B1-K5-P3,Pusat
IN-B1-K5-P4,IN-B1-K5-P4,Pusat
IN-B1-K5-P5,IN-B1-K5-P5,Pusat
IN-B1-K5-P6,IN-B1-K5-P6,Pusat
IN-B1-K5-P7,IN-B1-K5-P7,Pusat
IN-B1-K5-P8,IN-B1-K5-P8,Pusat
IN-B1-K5-P9,IN-B1-K5-P9,Pusat
IN-B1-K6-P1,IN-B1-K6-P1,Pusat
IN-B1-K6-P10,IN-B1-K6-P10,Pusat
IN-B1-K6-P11,IN-B1-K6-P11,Pusat
IN-B1-K6-P12,IN-B1-K6-P12,Pusat
IN-B1-K6-P13,IN-B1-K6-P13,Pusat
IN-B1-K6-P14,IN-B1-K6-P14,Pusat
IN-B1-K6-P15,IN-B1-K6-P15,Pusat
IN-B1-K6-P16,IN-B1-K6-P16,Pusat
IN-B1-K6-P2,IN-B1-K6-P2,Pusat
IN-B1-K6-P3,IN-B1-K6-P3,Pusat
IN-B1-K6-P4,IN-B1-K6-P4,Pusat
IN-B1-K6-P5,IN-B1-K6-P5,Pusat
IN-B1-K6-P6,IN-B1-K6-P6,Pusat
IN-B1-K6-P7,IN-B1-K6-P7,Pusat
IN-B1-K6-P8,IN-B1-K6-P8,Pusat
IN-B1-K6-P9,IN-B1-K6-P9,Pusat
IN-B10-K1-P1,IN-B10-K1-P1,Pusat
IN-B10-K1-P10,IN-B10-K1-P10,Pusat
IN-B10-K1-P11,IN-B10-K1-P11,Pusat
IN-B10-K1-P12,IN-B10-K1-P12,Pusat
IN-B10-K1-P13,IN-B10-K1-P13,Pusat
IN-B10-K1-P14,IN-B10-K1-P14,Pusat
IN-B10-K1-P15,IN-B10-K1-P15,Pusat
IN-B10-K1-P2,IN-B10-K1-P2,Pusat
IN-B10-K1-P3,IN-B10-K1-P3,Pusat
IN-B10-K1-P4,IN-B10-K1-P4,Pusat
IN-B10-K1-P5,IN-B10-K1-P5,Pusat
IN-B10-K1-P6,IN-B10-K1-P6,Pusat
IN-B10-K1-P7,IN-B10-K1-P7,Pusat
IN-B10-K1-P8,IN-B10-K1-P8,Pusat
IN-B10-K1-P9,IN-B10-K1-P9,Pusat
IN-B10-K2-P10,IN-B10-K2-P10,Pusat
IN-B10-K2-P11,IN-B10-K2-P11,Pusat
IN-B10-K2-P12,IN-B10-K2-P12,Pusat
IN-B10-K2-P13,IN-B10-K2-P13,Pusat
IN-B10-K2-P14,IN-B10-K2-P14,Pusat
IN-B10-K2-P15,IN-B10-K2-P15,Pusat
IN-B10-K2-P2,IN-B10-K2-P2,Pusat
IN-B10-K2-P3,IN-B10-K2-P3,Pusat
IN-B10-K2-P4,IN-B10-K2-P4,Pusat
IN-B10-K2-P5,IN-B10-K2-P5,Pusat
IN-B10-K2-P6,IN-B10-K2-P6,Pusat
IN-B10-K2-P7,IN-B10-K2-P7,Pusat
IN-B10-K2-P8,IN-B10-K2-P8,Pusat
IN-B10-K2-P9,IN-B10-K2-P9,Pusat
IN-B10-K2-p1,IN-B10-K2-p1,Pusat
IN-B10-K3-P10,IN-B10-K3-P10,Pusat
IN-B10-K3-P11,IN-B10-K3-P11,Pusat
IN-B10-K3-P12,IN-B10-K3-P12,Pusat
IN-B10-K3-P13,IN-B10-K3-P13,Pusat
IN-B10-K3-P14,IN-B10-K3-P14,Pusat
IN-B10-K3-P15,IN-B10-K3-P15,Pusat
IN-B10-K3-P2,IN-B10-K3-P2,Pusat
IN-B10-K3-P3,IN-B10-K3-P3,Pusat
IN-B10-K3-P4,IN-B10-K3-P4,Pusat
IN-B10-K3-P5,IN-B10-K3-P5,Pusat
IN-B10-K3-P6,IN-B10-K3-P6,Pusat
IN-B10-K3-P7,IN-B10-K3-P7,Pusat
IN-B10-K3-P8,IN-B10-K3-P8,Pusat
IN-B10-K3-P9,IN-B10-K3-P9,Pusat
IN-B10-K3-p1,IN-B10-K3-p1,Pusat
IN-B10-K4-P1,IN-B10-K4-P1,Pusat
IN-B10-K4-P10,IN-B10-K4-P10,Pusat
IN-B10-K4-P11,IN-B10-K4-P11,Pusat
IN-B10-K4-P12,IN-B10-K4-P12,Pusat
IN-B10-K4-P13,IN-B10-K4-P13,Pusat
IN-B10-K4-P14,IN-B10-K4-P14,Pusat
IN-B10-K4-P15,IN-B10-K4-P15,Pusat
IN-B10-K4-P2,IN-B10-K4-P2,Pusat
IN-B10-K4-P3,IN-B10-K4-P3,Pusat
IN-B10-K4-P4,IN-B10-K4-P4,Pusat
IN-B10-K4-P5,IN-B10-K4-P5,Pusat
IN-B10-K4-P6,IN-B10-K4-P6,Pusat
IN-B10-K4-P7,IN-B10-K4-P7,Pusat
IN-B10-K4-P8,IN-B10-K4-P8,Pusat
IN-B10-K4-P9,IN-B10-K4-P9,Pusat
IN-B10-K5-P1,IN-B10-K5-P1,Pusat
IN-B10-K5-P10,IN-B10-K5-P10,Pusat
IN-B10-K5-P11,IN-B10-K5-P11,Pusat
IN-B10-K5-P12,IN-B10-K5-P12,Pusat
IN-B10-K5-P13,IN-B10-K5-P13,Pusat
IN-B10-K5-P14,IN-B10-K5-P14,Pusat
IN-B10-K5-P15,IN-B10-K5-P15,Pusat
IN-B10-K5-P2,IN-B10-K5-P2,Pusat
IN-B10-K5-P3,IN-B10-K5-P3,Pusat
IN-B10-K5-P4,IN-B10-K5-P4,Pusat
IN-B10-K5-P5,IN-B10-K5-P5,Pusat
IN-B10-K5-P6,IN-B10-K5-P6,Pusat
IN-B10-K5-P7,IN-B10-K5-P7,Pusat
IN-B10-K5-P8,IN-B10-K5-P8,Pusat
IN-B10-K5-P9,IN-B10-K5-P9,Pusat
IN-B10-K6-P1,IN-B10-K6-P1,Pusat
IN-B10-K6-P10,IN-B10-K6-P10,Pusat
IN-B10-K6-P11,IN-B10-K6-P11,Pusat
IN-B10-K6-P12,IN-B10-K6-P12,Pusat
IN-B10-K6-P13,IN-B10-K6-P13,Pusat
IN-B10-K6-P14,IN-B10-K6-P14,Pusat
IN-B10-K6-P15,IN-B10-K6-P15,Pusat
IN-B10-K6-P2,IN-B10-K6-P2,Pusat
IN-B10-K6-P3,IN-B10-K6-P3,Pusat
IN-B10-K6-P4,IN-B10-K6-P4,Pusat
IN-B10-K6-P5,IN-B10-K6-P5,Pusat
IN-B10-K6-P6,IN-B10-K6-P6,Pusat
IN-B10-K6-P7,IN-B10-K6-P7,Pusat
IN-B10-K6-P8,IN-B10-K6-P8,Pusat
IN-B10-K6-P9,IN-B10-K6-P9,Pusat
IN-B2-K1-P1,IN-B2-K1-P1,Pusat
IN-B2-K1-P10,IN-B2-K1-P10,Pusat
IN-B2-K1-P11,IN-B2-K1-P11,Pusat
IN-B2-K1-P12,IN-B2-K1-P12,Pusat
IN-B2-K1-P13,IN-B2-K1-P13,Pusat
IN-B2-K1-P14,IN-B2-K1-P14,Pusat
IN-B2-K1-P15,IN-B2-K1-P15,Pusat
IN-B2-K1-P16,IN-B2-K1-P16,Pusat
IN-B2-K1-P2,IN-B2-K1-P2,Pusat
IN-B2-K1-P3,IN-B2-K1-P3,Pusat
IN-B2-K1-P4,IN-B2-K1-P4,Pusat
IN-B2-K1-P5,IN-B2-K1-P5,Pusat
IN-B2-K1-P6,IN-B2-K1-P6,Pusat
IN-B2-K1-P7,IN-B2-K1-P7,Pusat
IN-B2-K1-P8,IN-B2-K1-P8,Pusat
IN-B2-K1-P9,IN-B2-K1-P9,Pusat
IN-B2-K2-P1,IN-B2-K2-P1,Pusat
IN-B2-K2-P10,IN-B2-K2-P10,Pusat
IN-B2-K2-P11,IN-B2-K2-P11,Pusat
IN-B2-K2-P12,IN-B2-K2-P12,Pusat
IN-B2-K2-P13,IN-B2-K2-P13,Pusat
IN-B2-K2-P14,IN-B2-K2-P14,Pusat
IN-B2-K2-P15,IN-B2-K2-P15,Pusat
IN-B2-K2-P16,IN-B2-K2-P16,Pusat
IN-B2-K2-P2,IN-B2-K2-P2,Pusat
IN-B2-K2-P3,IN-B2-K2-P3,Pusat
IN-B2-K2-P4,IN-B2-K2-P4,Pusat
IN-B2-K2-P5,IN-B2-K2-P5,Pusat
IN-B2-K2-P6,IN-B2-K2-P6,Pusat
IN-B2-K2-P7,IN-B2-K2-P7,Pusat
IN-B2-K2-P8,IN-B2-K2-P8,Pusat
IN-B2-K2-P9,IN-B2-K2-P9,Pusat
IN-B2-K3-P1,IN-B2-K3-P1,Pusat
IN-B2-K3-P10,IN-B2-K3-P10,Pusat
IN-B2-K3-P11,IN-B2-K3-P11,Pusat
IN-B2-K3-P12,IN-B2-K3-P12,Pusat
IN-B2-K3-P13,IN-B2-K3-P13,Pusat
IN-B2-K3-P14,IN-B2-K3-P14,Pusat
IN-B2-K3-P15,IN-B2-K3-P15,Pusat
IN-B2-K3-P16,IN-B2-K3-P16,Pusat
IN-B2-K3-P2,IN-B2-K3-P2,Pusat
IN-B2-K3-P3,IN-B2-K3-P3,Pusat
IN-B2-K3-P4,IN-B2-K3-P4,Pusat
IN-B2-K3-P5,IN-B2-K3-P5,Pusat
IN-B2-K3-P6,IN-B2-K3-P6,Pusat
IN-B2-K3-P7,IN-B2-K3-P7,Pusat
IN-B2-K3-P8,IN-B2-K3-P8,Pusat
IN-B2-K3-P9,IN-B2-K3-P9,Pusat
IN-B2-K4-P1,IN-B2-K4-P1,Pusat
IN-B2-K4-P10,IN-B2-K4-P10,Pusat
IN-B2-K4-P11,IN-B2-K4-P11,Pusat
IN-B2-K4-P12,IN-B2-K4-P12,Pusat
IN-B2-K4-P13,IN-B2-K4-P13,Pusat
IN-B2-K4-P14,IN-B2-K4-P14,Pusat
IN-B2-K4-P15,IN-B2-K4-P15,Pusat
IN-B2-K4-P16,IN-B2-K4-P16,Pusat
IN-B2-K4-P2,IN-B2-K4-P2,Pusat
IN-B2-K4-P3,IN-B2-K4-P3,Pusat
IN-B2-K4-P4,IN-B2-K4-P4,Pusat
IN-B2-K4-P5,IN-B2-K4-P5,Pusat
IN-B2-K4-P6,IN-B2-K4-P6,Pusat
IN-B2-K4-P7,IN-B2-K4-P7,Pusat
IN-B2-K4-P8,IN-B2-K4-P8,Pusat
IN-B2-K4-P9,IN-B2-K4-P9,Pusat
IN-B2-K5-P1,IN-B2-K5-P1,Pusat
IN-B2-K5-P10,IN-B2-K5-P10,Pusat
IN-B2-K5-P11,IN-B2-K5-P11,Pusat
IN-B2-K5-P12,IN-B2-K5-P12,Pusat
IN-B2-K5-P13,IN-B2-K5-P13,Pusat
IN-B2-K5-P14,IN-B2-K5-P14,Pusat
IN-B2-K5-P15,IN-B2-K5-P15,Pusat
IN-B2-K5-P16,IN-B2-K5-P16,Pusat
IN-B2-K5-P2,IN-B2-K5-P2,Pusat
IN-B2-K5-P3,IN-B2-K5-P3,Pusat
IN-B2-K5-P4,IN-B2-K5-P4,Pusat
IN-B2-K5-P5,IN-B2-K5-P5,Pusat
IN-B2-K5-P6,IN-B2-K5-P6,Pusat
IN-B2-K5-P7,IN-B2-K5-P7,Pusat
IN-B2-K5-P8,IN-B2-K5-P8,Pusat
IN-B2-K5-P9,IN-B2-K5-P9,Pusat
IN-B2-K6-P1,IN-B2-K6-P1,Pusat
IN-B2-K6-P10,IN-B2-K6-P10,Pusat
IN-B2-K6-P11,IN-B2-K6-P11,Pusat
IN-B2-K6-P12,IN-B2-K6-P12,Pusat
IN-B2-K6-P13,IN-B2-K6-P13,Pusat
IN-B2-K6-P14,IN-B2-K6-P14,Pusat
IN-B2-K6-P15,IN-B2-K6-P15,Pusat
IN-B2-K6-P16,IN-B2-K6-P16,Pusat
IN-B2-K6-P2,IN-B2-K6-P2,Pusat
IN-B2-K6-P3,IN-B2-K6-P3,Pusat
IN-B2-K6-P4,IN-B2-K6-P4,Pusat
IN-B2-K6-P5,IN-B2-K6-P5,Pusat
IN-B2-K6-P6,IN-B2-K6-P6,Pusat
IN-B2-K6-P7,IN-B2-K6-P7,Pusat
IN-B2-K6-P8,IN-B2-K6-P8,Pusat
IN-B2-K6-P9,IN-B2-K6-P9,Pusat
IN-B3-K1-P1,IN-B3-K1-P1,Pusat
IN-B3-K1-P10,IN-B3-K1-P10,Pusat
IN-B3-K1-P11,IN-B3-K1-P11,Pusat
IN-B3-K1-P12,IN-B3-K1-P12,Pusat
IN-B3-K1-P13,IN-B3-K1-P13,Pusat
IN-B3-K1-P14,IN-B3-K1-P14,Pusat
IN-B3-K1-P15,IN-B3-K1-P15,Pusat
IN-B3-K1-P16,IN-B3-K1-P16,Pusat
IN-B3-K1-P2,IN-B3-K1-P2,Pusat
IN-B3-K1-P3,IN-B3-K1-P3,Pusat
IN-B3-K1-P4,IN-B3-K1-P4,Pusat
IN-B3-K1-P5,IN-B3-K1-P5,Pusat
IN-B3-K1-P6,IN-B3-K1-P6,Pusat
IN-B3-K1-P7,IN-B3-K1-P7,Pusat
IN-B3-K1-P8,IN-B3-K1-P8,Pusat
IN-B3-K1-P9,IN-B3-K1-P9,Pusat
IN-B3-K2-P1,IN-B3-K2-P1,Pusat
IN-B3-K2-P10,IN-B3-K2-P10,Pusat
IN-B3-K2-P11,IN-B3-K2-P11,Pusat
IN-B3-K2-P12,IN-B3-K2-P12,Pusat
IN-B3-K2-P13,IN-B3-K2-P13,Pusat
IN-B3-K2-P14,IN-B3-K2-P14,Pusat
IN-B3-K2-P15,IN-B3-K2-P15,Pusat
IN-B3-K2-P16,IN-B3-K2-P16,Pusat
IN-B3-K2-P2,IN-B3-K2-P2,Pusat
IN-B3-K2-P3,IN-B3-K2-P3,Pusat
IN-B3-K2-P4,IN-B3-K2-P4,Pusat
IN-B3-K2-P5,IN-B3-K2-P5,Pusat
IN-B3-K2-P6,IN-B3-K2-P6,Pusat
IN-B3-K2-P7,IN-B3-K2-P7,Pusat
IN-B3-K2-P8,IN-B3-K2-P8,Pusat
IN-B3-K2-P9,IN-B3-K2-P9,Pusat
IN-B3-K3-P1,IN-B3-K3-P1,Pusat
IN-B3-K3-P10,IN-B3-K3-P10,Pusat
IN-B3-K3-P11,IN-B3-K3-P11,Pusat
IN-B3-K3-P12,IN-B3-K3-P12,Pusat
IN-B3-K3-P13,IN-B3-K3-P13,Pusat
IN-B3-K3-P14,IN-B3-K3-P14,Pusat
IN-B3-K3-P15,IN-B3-K3-P15,Pusat
IN-B3-K3-P16,IN-B3-K3-P16,Pusat
IN-B3-K3-P2,IN-B3-K3-P2,Pusat
IN-B3-K3-P3,IN-B3-K3-P3,Pusat
IN-B3-K3-P4,IN-B3-K3-P4,Pusat
IN-B3-K3-P5,IN-B3-K3-P5,Pusat
IN-B3-K3-P6,IN-B3-K3-P6,Pusat
IN-B3-K3-P7,IN-B3-K3-P7,Pusat
IN-B3-K3-P8,IN-B3-K3-P8,Pusat
IN-B3-K3-P9,IN-B3-K3-P9,Pusat
IN-B3-K4-P1,IN-B3-K4-P1,Pusat
IN-B3-K4-P10,IN-B3-K4-P10,Pusat
IN-B3-K4-P11,IN-B3-K4-P11,Pusat
IN-B3-K4-P12,IN-B3-K4-P12,Pusat
IN-B3-K4-P13,IN-B3-K4-P13,Pusat
IN-B3-K4-P14,IN-B3-K4-P14,Pusat
IN-B3-K4-P15,IN-B3-K4-P15,Pusat
IN-B3-K4-P16,IN-B3-K4-P16,Pusat
IN-B3-K4-P2,IN-B3-K4-P2,Pusat
IN-B3-K4-P3,IN-B3-K4-P3,Pusat
IN-B3-K4-P4,IN-B3-K4-P4,Pusat
IN-B3-K4-P5,IN-B3-K4-P5,Pusat
IN-B3-K4-P6,IN-B3-K4-P6,Pusat
IN-B3-K4-P7,IN-B3-K4-P7,Pusat
IN-B3-K4-P8,IN-B3-K4-P8,Pusat
IN-B3-K4-P9,IN-B3-K4-P9,Pusat
IN-B3-K5-P1,IN-B3-K5-P1,Pusat
IN-B3-K5-P10,IN-B3-K5-P10,Pusat
IN-B3-K5-P11,IN-B3-K5-P11,Pusat
IN-B3-K5-P12,IN-B3-K5-P12,Pusat
IN-B3-K5-P13,IN-B3-K5-P13,Pusat
IN-B3-K5-P14,IN-B3-K5-P14,Pusat
IN-B3-K5-P15,IN-B3-K5-P15,Pusat
IN-B3-K5-P16,IN-B3-K5-P16,Pusat
IN-B3-K5-P2,IN-B3-K5-P2,Pusat
IN-B3-K5-P3,IN-B3-K5-P3,Pusat
IN-B3-K5-P4,IN-B3-K5-P4,Pusat
IN-B3-K5-P5,IN-B3-K5-P5,Pusat
IN-B3-K5-P6,IN-B3-K5-P6,Pusat
IN-B3-K5-P7,IN-B3-K5-P7,Pusat
IN-B3-K5-P8,IN-B3-K5-P8,Pusat
IN-B3-K5-P9,IN-B3-K5-P9,Pusat
IN-B3-K6-P1,IN-B3-K6-P1,Pusat
IN-B3-K6-P10,IN-B3-K6-P10,Pusat
IN-B3-K6-P11,IN-B3-K6-P11,Pusat
IN-B3-K6-P12,IN-B3-K6-P12,Pusat
IN-B3-K6-P13,IN-B3-K6-P13,Pusat
IN-B3-K6-P14,IN-B3-K6-P14,Pusat
IN-B3-K6-P15,IN-B3-K6-P15,Pusat
IN-B3-K6-P16,IN-B3-K6-P16,Pusat
IN-B3-K6-P2,IN-B3-K6-P2,Pusat
IN-B3-K6-P3,IN-B3-K6-P3,Pusat
IN-B3-K6-P4,IN-B3-K6-P4,Pusat
IN-B3-K6-P5,IN-B3-K6-P5,Pusat
IN-B3-K6-P6,IN-B3-K6-P6,Pusat
IN-B3-K6-P7,IN-B3-K6-P7,Pusat
IN-B3-K6-P8,IN-B3-K6-P8,Pusat
IN-B3-K6-P9,IN-B3-K6-P9,Pusat
IN-B4-K1-P1,IN-B4-K1-P1,Pusat
IN-B4-K1-P10,IN-B4-K1-P10,Pusat
IN-B4-K1-P11,IN-B4-K1-P11,Pusat
IN-B4-K1-P12,IN-B4-K1-P12,Pusat
IN-B4-K1-P13,IN-B4-K1-P13,Pusat
IN-B4-K1-P14,IN-B4-K1-P14,Pusat
IN-B4-K1-P15,IN-B4-K1-P15,Pusat
IN-B4-K1-P16,IN-B4-K1-P16,Pusat
IN-B4-K1-P2,IN-B4-K1-P2,Pusat
IN-B4-K1-P3,IN-B4-K1-P3,Pusat
IN-B4-K1-P4,IN-B4-K1-P4,Pusat
IN-B4-K1-P5,IN-B4-K1-P5,Pusat
IN-B4-K1-P6,IN-B4-K1-P6,Pusat
IN-B4-K1-P7,IN-B4-K1-P7,Pusat
IN-B4-K1-P8,IN-B4-K1-P8,Pusat
IN-B4-K1-P9,IN-B4-K1-P9,Pusat
IN-B4-K2-P1,IN-B4-K2-P1,Pusat
IN-B4-K2-P10,IN-B4-K2-P10,Pusat
IN-B4-K2-P11,IN-B4-K2-P11,Pusat
IN-B4-K2-P12,IN-B4-K2-P12,Pusat
IN-B4-K2-P13,IN-B4-K2-P13,Pusat
IN-B4-K2-P14,IN-B4-K2-P14,Pusat
IN-B4-K2-P15,IN-B4-K2-P15,Pusat
IN-B4-K2-P16,IN-B4-K2-P16,Pusat
IN-B4-K2-P2,IN-B4-K2-P2,Pusat
IN-B4-K2-P3,IN-B4-K2-P3,Pusat
IN-B4-K2-P4,IN-B4-K2-P4,Pusat
IN-B4-K2-P5,IN-B4-K2-P5,Pusat
IN-B4-K2-P6,IN-B4-K2-P6,Pusat
IN-B4-K2-P7,IN-B4-K2-P7,Pusat
IN-B4-K2-P8,IN-B4-K2-P8,Pusat
IN-B4-K2-P9,IN-B4-K2-P9,Pusat
IN-B4-K3-P1,IN-B4-K3-P1,Pusat
IN-B4-K3-P10,IN-B4-K3-P10,Pusat
IN-B4-K3-P11,IN-B4-K3-P11,Pusat
IN-B4-K3-P12,IN-B4-K3-P12,Pusat
IN-B4-K3-P13,IN-B4-K3-P13,Pusat
IN-B4-K3-P14,IN-B4-K3-P14,Pusat
IN-B4-K3-P15,IN-B4-K3-P15,Pusat
IN-B4-K3-P16,IN-B4-K3-P16,Pusat
IN-B4-K3-P2,IN-B4-K3-P2,Pusat
IN-B4-K3-P3,IN-B4-K3-P3,Pusat
IN-B4-K3-P4,IN-B4-K3-P4,Pusat
IN-B4-K3-P5,IN-B4-K3-P5,Pusat
IN-B4-K3-P6,IN-B4-K3-P6,Pusat
IN-B4-K3-P7,IN-B4-K3-P7,Pusat
IN-B4-K3-P8,IN-B4-K3-P8,Pusat
IN-B4-K3-P9,IN-B4-K3-P9,Pusat
IN-B4-K4-P1,IN-B4-K4-P1,Pusat
IN-B4-K4-P10,IN-B4-K4-P10,Pusat
IN-B4-K4-P11,IN-B4-K4-P11,Pusat
IN-B4-K4-P12,IN-B4-K4-P12,Pusat
IN-B4-K4-P13,IN-B4-K4-P13,Pusat
IN-B4-K4-P14,IN-B4-K4-P14,Pusat
IN-B4-K4-P15,IN-B4-K4-P15,Pusat
IN-B4-K4-P16,IN-B4-K4-P16,Pusat
IN-B4-K4-P2,IN-B4-K4-P2,Pusat
IN-B4-K4-P3,IN-B4-K4-P3,Pusat
IN-B4-K4-P4,IN-B4-K4-P4,Pusat
IN-B4-K4-P5,IN-B4-K4-P5,Pusat
IN-B4-K4-P6,IN-B4-K4-P6,Pusat
IN-B4-K4-P7,IN-B4-K4-P7,Pusat
IN-B4-K4-P8,IN-B4-K4-P8,Pusat
IN-B4-K4-P9,IN-B4-K4-P9,Pusat
IN-B4-K5-P1,IN-B4-K5-P1,Pusat
IN-B4-K5-P10,IN-B4-K5-P10,Pusat
IN-B4-K5-P11,IN-B4-K5-P11,Pusat
IN-B4-K5-P12,IN-B4-K5-P12,Pusat
IN-B4-K5-P13,IN-B4-K5-P13,Pusat
IN-B4-K5-P14,IN-B4-K5-P14,Pusat
IN-B4-K5-P15,IN-B4-K5-P15,Pusat
IN-B4-K5-P16,IN-B4-K5-P16,Pusat
IN-B4-K5-P2,IN-B4-K5-P2,Pusat
IN-B4-K5-P3,IN-B4-K5-P3,Pusat
IN-B4-K5-P4,IN-B4-K5-P4,Pusat
IN-B4-K5-P5,IN-B4-K5-P5,Pusat
IN-B4-K5-P6,IN-B4-K5-P6,Pusat
IN-B4-K5-P7,IN-B4-K5-P7,Pusat
IN-B4-K5-P8,IN-B4-K5-P8,Pusat
IN-B4-K5-P9,IN-B4-K5-P9,Pusat
IN-B4-K6-P1,IN-B4-K6-P1,Pusat
IN-B4-K6-P10,IN-B4-K6-P10,Pusat
IN-B4-K6-P11,IN-B4-K6-P11,Pusat
IN-B4-K6-P12,IN-B4-K6-P12,Pusat
IN-B4-K6-P13,IN-B4-K6-P13,Pusat
IN-B4-K6-P14,IN-B4-K6-P14,Pusat
IN-B4-K6-P15,IN-B4-K6-P15,Pusat
IN-B4-K6-P16,IN-B4-K6-P16,Pusat
IN-B4-K6-P2,IN-B4-K6-P2,Pusat
IN-B4-K6-P3,IN-B4-K6-P3,Pusat
IN-B4-K6-P4,IN-B4-K6-P4,Pusat
IN-B4-K6-P5,IN-B4-K6-P5,Pusat
IN-B4-K6-P6,IN-B4-K6-P6,Pusat
IN-B4-K6-P7,IN-B4-K6-P7,Pusat
IN-B4-K6-P8,IN-B4-K6-P8,Pusat
IN-B4-K6-P9,IN-B4-K6-P9,Pusat
IN-B5-K1-P1,IN-B5-K1-P1,Pusat
IN-B5-K1-P10,IN-B5-K1-P10,Pusat
IN-B5-K1-P11,IN-B5-K1-P11,Pusat
IN-B5-K1-P13,IN-B5-K1-P13,Pusat
IN-B5-K1-P14,IN-B5-K1-P14,Pusat
IN-B5-K1-P15,IN-B5-K1-P15,Pusat
IN-B5-K1-P2,IN-B5-K1-P2,Pusat
IN-B5-K1-P3,IN-B5-K1-P3,Pusat
IN-B5-K1-P5,IN-B5-K1-P5,Pusat
IN-B5-K1-P6,IN-B5-K1-P6,Pusat
IN-B5-K1-P7,IN-B5-K1-P7,Pusat
IN-B5-K1-P9,IN-B5-K1-P9,Pusat
IN-B5-K2-P1,IN-B5-K2-P1,Pusat
IN-B5-K2-P10,IN-B5-K2-P10,Pusat
IN-B5-K2-P11,IN-B5-K2-P11,Pusat
IN-B5-K2-P13,IN-B5-K2-P13,Pusat
IN-B5-K2-P14,IN-B5-K2-P14,Pusat
IN-B5-K2-P15,IN-B5-K2-P15,Pusat
IN-B5-K2-P2,IN-B5-K2-P2,Pusat
IN-B5-K2-P3,IN-B5-K2-P3,Pusat
IN-B5-K2-P5,IN-B5-K2-P5,Pusat
IN-B5-K2-P6,IN-B5-K2-P6,Pusat
IN-B5-K2-P7,IN-B5-K2-P7,Pusat
IN-B5-K2-P9,IN-B5-K2-P9,Pusat
IN-B5-K3-P1,IN-B5-K3-P1,Pusat
IN-B5-K3-P10,IN-B5-K3-P10,Pusat
IN-B5-K3-P11,IN-B5-K3-P11,Pusat
IN-B5-K3-P13,IN-B5-K3-P13,Pusat
IN-B5-K3-P14,IN-B5-K3-P14,Pusat
IN-B5-K3-P15,IN-B5-K3-P15,Pusat
IN-B5-K3-P2,IN-B5-K3-P2,Pusat
IN-B5-K3-P3,IN-B5-K3-P3,Pusat
IN-B5-K3-P5,IN-B5-K3-P5,Pusat
IN-B5-K3-P6,IN-B5-K3-P6,Pusat
IN-B5-K3-P7,IN-B5-K3-P7,Pusat
IN-B5-K3-P9,IN-B5-K3-P9,Pusat
IN-B5-K4-P1,IN-B5-K4-P1,Pusat
IN-B5-K4-P10,IN-B5-K4-P10,Pusat
IN-B5-K4-P11,IN-B5-K4-P11,Pusat
IN-B5-K4-P13,IN-B5-K4-P13,Pusat
IN-B5-K4-P14,IN-B5-K4-P14,Pusat
IN-B5-K4-P15,IN-B5-K4-P15,Pusat
IN-B5-K4-P2,IN-B5-K4-P2,Pusat
IN-B5-K4-P3,IN-B5-K4-P3,Pusat
IN-B5-K4-P5,IN-B5-K4-P5,Pusat
IN-B5-K4-P6,IN-B5-K4-P6,Pusat
IN-B5-K4-P7,IN-B5-K4-P7,Pusat
IN-B5-K4-P9,IN-B5-K4-P9,Pusat
IN-B5-K5-P1,IN-B5-K5-P1,Pusat
IN-B5-K5-P10,IN-B5-K5-P10,Pusat
IN-B5-K5-P11,IN-B5-K5-P11,Pusat
IN-B5-K5-P13,IN-B5-K5-P13,Pusat
IN-B5-K5-P14,IN-B5-K5-P14,Pusat
IN-B5-K5-P15,IN-B5-K5-P15,Pusat
IN-B5-K5-P2,IN-B5-K5-P2,Pusat
IN-B5-K5-P3,IN-B5-K5-P3,Pusat
IN-B5-K5-P5,IN-B5-K5-P5,Pusat
IN-B5-K5-P6,IN-B5-K5-P6,Pusat
IN-B5-K5-P7,IN-B5-K5-P7,Pusat
IN-B5-K5-P9,IN-B5-K5-P9,Pusat
IN-B5-K6-P1,IN-B5-K6-P1,Pusat
IN-B5-K6-P10,IN-B5-K6-P10,Pusat
IN-B5-K6-P11,IN-B5-K6-P11,Pusat
IN-B5-K6-P13,IN-B5-K6-P13,Pusat
IN-B5-K6-P14,IN-B5-K6-P14,Pusat
IN-B5-K6-P15,IN-B5-K6-P15,Pusat
IN-B5-K6-P2,IN-B5-K6-P2,Pusat
IN-B5-K6-P3,IN-B5-K6-P3,Pusat
IN-B5-K6-P5,IN-B5-K6-P5,Pusat
IN-B5-K6-P6,IN-B5-K6-P6,Pusat
IN-B5-K6-P7,IN-B5-K6-P7,Pusat
IN-B5-K6-P9,IN-B5-K6-P9,Pusat
IN-B6-K1-P1,IN-B6-K1-P1,Pusat
IN-B6-K1-P10,IN-B6-K1-P10,Pusat
IN-B6-K1-P11,IN-B6-K1-P11,Pusat
IN-B6-K1-P13,IN-B6-K1-P13,Pusat
IN-B6-K1-P14,IN-B6-K1-P14,Pusat
IN-B6-K1-P15,IN-B6-K1-P15,Pusat
IN-B6-K1-P2,IN-B6-K1-P2,Pusat
IN-B6-K1-P3,IN-B6-K1-P3,Pusat
IN-B6-K1-P5,IN-B6-K1-P5,Pusat
IN-B6-K1-P6,IN-B6-K1-P6,Pusat
IN-B6-K1-P7,IN-B6-K1-P7,Pusat
IN-B6-K1-P9,IN-B6-K1-P9,Pusat
IN-B6-K2-P1,IN-B6-K2-P1,Pusat
IN-B6-K2-P10,IN-B6-K2-P10,Pusat
IN-B6-K2-P11,IN-B6-K2-P11,Pusat
IN-B6-K2-P13,IN-B6-K2-P13,Pusat
IN-B6-K2-P14,IN-B6-K2-P14,Pusat
IN-B6-K2-P15,IN-B6-K2-P15,Pusat
IN-B6-K2-P2,IN-B6-K2-P2,Pusat
IN-B6-K2-P3,IN-B6-K2-P3,Pusat
IN-B6-K2-P5,IN-B6-K2-P5,Pusat
IN-B6-K2-P6,IN-B6-K2-P6,Pusat
IN-B6-K2-P7,IN-B6-K2-P7,Pusat
IN-B6-K2-P9,IN-B6-K2-P9,Pusat
IN-B6-K3-P1,IN-B6-K3-P1,Pusat
IN-B6-K3-P10,IN-B6-K3-P10,Pusat
IN-B6-K3-P11,IN-B6-K3-P11,Pusat
IN-B6-K3-P13,IN-B6-K3-P13,Pusat
IN-B6-K3-P14,IN-B6-K3-P14,Pusat
IN-B6-K3-P15,IN-B6-K3-P15,Pusat
IN-B6-K3-P2,IN-B6-K3-P2,Pusat
IN-B6-K3-P3,IN-B6-K3-P3,Pusat
IN-B6-K3-P5,IN-B6-K3-P5,Pusat
IN-B6-K3-P6,IN-B6-K3-P6,Pusat
IN-B6-K3-P7,IN-B6-K3-P7,Pusat
IN-B6-K3-P9,IN-B6-K3-P9,Pusat
IN-B6-K4-P1,IN-B6-K4-P1,Pusat
IN-B6-K4-P10,IN-B6-K4-P10,Pusat
IN-B6-K4-P11,IN-B6-K4-P11,Pusat
IN-B6-K4-P13,IN-B6-K4-P13,Pusat
IN-B6-K4-P14,IN-B6-K4-P14,Pusat
IN-B6-K4-P15,IN-B6-K4-P15,Pusat
IN-B6-K4-P2,IN-B6-K4-P2,Pusat
IN-B6-K4-P3,IN-B6-K4-P3,Pusat
IN-B6-K4-P5,IN-B6-K4-P5,Pusat
IN-B6-K4-P6,IN-B6-K4-P6,Pusat
IN-B6-K4-P7,IN-B6-K4-P7,Pusat
IN-B6-K4-P9,IN-B6-K4-P9,Pusat
IN-B6-K5-P1,IN-B6-K5-P1,Pusat
IN-B6-K5-P10,IN-B6-K5-P10,Pusat
IN-B6-K5-P11,IN-B6-K5-P11,Pusat
IN-B6-K5-P13,IN-B6-K5-P13,Pusat
IN-B6-K5-P14,IN-B6-K5-P14,Pusat
IN-B6-K5-P15,IN-B6-K5-P15,Pusat
IN-B6-K5-P2,IN-B6-K5-P2,Pusat
IN-B6-K5-P3,IN-B6-K5-P3,Pusat
IN-B6-K5-P5,IN-B6-K5-P5,Pusat
IN-B6-K5-P6,IN-B6-K5-P6,Pusat
IN-B6-K5-P7,IN-B6-K5-P7,Pusat
IN-B6-K5-P9,IN-B6-K5-P9,Pusat
IN-B6-K6-P1,IN-B6-K6-P1,Pusat
IN-B6-K6-P10,IN-B6-K6-P10,Pusat
IN-B6-K6-P11,IN-B6-K6-P11,Pusat
IN-B6-K6-P13,IN-B6-K6-P13,Pusat
IN-B6-K6-P14,IN-B6-K6-P14,Pusat
IN-B6-K6-P15,IN-B6-K6-P15,Pusat
IN-B6-K6-P2,IN-B6-K6-P2,Pusat
IN-B6-K6-P3,IN-B6-K6-P3,Pusat
IN-B6-K6-P5,IN-B6-K6-P5,Pusat
IN-B6-K6-P6,IN-B6-K6-P6,Pusat
IN-B6-K6-P7,IN-B6-K6-P7,Pusat
IN-B6-K6-P9,IN-B6-K6-P9,Pusat
IN-B7-K1-P1,IN-B7-K1-P1,Pusat
IN-B7-K1-P10,IN-B7-K1-P10,Pusat
IN-B7-K1-P11,IN-B7-K1-P11,Pusat
IN-B7-K1-P13,IN-B7-K1-P13,Pusat
IN-B7-K1-P14,IN-B7-K1-P14,Pusat
IN-B7-K1-P15,IN-B7-K1-P15,Pusat
IN-B7-K1-P2,IN-B7-K1-P2,Pusat
IN-B7-K1-P3,IN-B7-K1-P3,Pusat
IN-B7-K1-P5,IN-B7-K1-P5,Pusat
IN-B7-K1-P6,IN-B7-K1-P6,Pusat
IN-B7-K1-P7,IN-B7-K1-P7,Pusat
IN-B7-K1-P9,IN-B7-K1-P9,Pusat
IN-B7-K2-P1,IN-B7-K2-P1,Pusat
IN-B7-K2-P10,IN-B7-K2-P10,Pusat
IN-B7-K2-P11,IN-B7-K2-P11,Pusat
IN-B7-K2-P13,IN-B7-K2-P13,Pusat
IN-B7-K2-P14,IN-B7-K2-P14,Pusat
IN-B7-K2-P15,IN-B7-K2-P15,Pusat
IN-B7-K2-P2,IN-B7-K2-P2,Pusat
IN-B7-K2-P3,IN-B7-K2-P3,Pusat
IN-B7-K2-P5,IN-B7-K2-P5,Pusat
IN-B7-K2-P6,IN-B7-K2-P6,Pusat
IN-B7-K2-P7,IN-B7-K2-P7,Pusat
IN-B7-K2-P9,IN-B7-K2-P9,Pusat
IN-B7-K3-P1,IN-B7-K3-P1,Pusat
IN-B7-K3-P10,IN-B7-K3-P10,Pusat
IN-B7-K3-P11,IN-B7-K3-P11,Pusat
IN-B7-K3-P13,IN-B7-K3-P13,Pusat
IN-B7-K3-P14,IN-B7-K3-P14,Pusat
IN-B7-K3-P15,IN-B7-K3-P15,Pusat
IN-B7-K3-P2,IN-B7-K3-P2,Pusat
IN-B7-K3-P3,IN-B7-K3-P3,Pusat
IN-B7-K3-P5,IN-B7-K3-P5,Pusat
IN-B7-K3-P6,IN-B7-K3-P6,Pusat
IN-B7-K3-P7,IN-B7-K3-P7,Pusat
IN-B7-K3-P9,IN-B7-K3-P9,Pusat
IN-B7-K4-P1,IN-B7-K4-P1,Pusat
IN-B7-K4-P10,IN-B7-K4-P10,Pusat
IN-B7-K4-P11,IN-B7-K4-P11,Pusat
IN-B7-K4-P13,IN-B7-K4-P13,Pusat
IN-B7-K4-P14,IN-B7-K4-P14,Pusat
IN-B7-K4-P15,IN-B7-K4-P15,Pusat
IN-B7-K4-P2,IN-B7-K4-P2,Pusat
IN-B7-K4-P3,IN-B7-K4-P3,Pusat
IN-B7-K4-P5,IN-B7-K4-P5,Pusat
IN-B7-K4-P6,IN-B7-K4-P6,Pusat
IN-B7-K4-P7,IN-B7-K4-P7,Pusat
IN-B7-K4-P9,IN-B7-K4-P9,Pusat
IN-B7-K5-P1,IN-B7-K5-P1,Pusat
IN-B7-K5-P10,IN-B7-K5-P10,Pusat
IN-B7-K5-P11,IN-B7-K5-P11,Pusat
IN-B7-K5-P13,IN-B7-K5-P13,Pusat
IN-B7-K5-P14,IN-B7-K5-P14,Pusat
IN-B7-K5-P15,IN-B7-K5-P15,Pusat
IN-B7-K5-P2,IN-B7-K5-P2,Pusat
IN-B7-K5-P3,IN-B7-K5-P3,Pusat
IN-B7-K5-P5,IN-B7-K5-P5,Pusat
IN-B7-K5-P6,IN-B7-K5-P6,Pusat
IN-B7-K5-P7,IN-B7-K5-P7,Pusat
IN-B7-K5-P9,IN-B7-K5-P9,Pusat
IN-B7-K6-P1,IN-B7-K6-P1,Pusat
IN-B7-K6-P10,IN-B7-K6-P10,Pusat
IN-B7-K6-P11,IN-B7-K6-P11,Pusat
IN-B7-K6-P13,IN-B7-K6-P13,Pusat
IN-B7-K6-P14,IN-B7-K6-P14,Pusat
IN-B7-K6-P15,IN-B7-K6-P15,Pusat
IN-B7-K6-P2,IN-B7-K6-P2,Pusat
IN-B7-K6-P3,IN-B7-K6-P3,Pusat
IN-B7-K6-P5,IN-B7-K6-P5,Pusat
IN-B7-K6-P6,IN-B7-K6-P6,Pusat
IN-B7-K6-P7,IN-B7-K6-P7,Pusat
IN-B7-K6-P9,IN-B7-K6-P9,Pusat
IN-B8-K1-P1,IN-B8-K1-P1,Pusat
IN-B8-K1-P10,IN-B8-K1-P10,Pusat
IN-B8-K1-P11,IN-B8-K1-P11,Pusat
IN-B8-K1-P13,IN-B8-K1-P13,Pusat
IN-B8-K1-P14,IN-B8-K1-P14,Pusat
IN-B8-K1-P15,IN-B8-K1-P15,Pusat
IN-B8-K1-P2,IN-B8-K1-P2,Pusat
IN-B8-K1-P3,IN-B8-K1-P3,Pusat
IN-B8-K1-P5,IN-B8-K1-P5,Pusat
IN-B8-K1-P6,IN-B8-K1-P6,Pusat
IN-B8-K1-P7,IN-B8-K1-P7,Pusat
IN-B8-K1-P9,IN-B8-K1-P9,Pusat
IN-B8-K2-P1,IN-B8-K2-P1,Pusat
IN-B8-K2-P10,IN-B8-K2-P10,Pusat
IN-B8-K2-P11,IN-B8-K2-P11,Pusat
IN-B8-K2-P13,IN-B8-K2-P13,Pusat
IN-B8-K2-P14,IN-B8-K2-P14,Pusat
IN-B8-K2-P15,IN-B8-K2-P15,Pusat
IN-B8-K2-P2,IN-B8-K2-P2,Pusat
IN-B8-K2-P3,IN-B8-K2-P3,Pusat
IN-B8-K2-P5,IN-B8-K2-P5,Pusat
IN-B8-K2-P6,IN-B8-K2-P6,Pusat
IN-B8-K2-P7,IN-B8-K2-P7,Pusat
IN-B8-K2-P9,IN-B8-K2-P9,Pusat
IN-B8-K3-P1,IN-B8-K3-P1,Pusat
IN-B8-K3-P10,IN-B8-K3-P10,Pusat
IN-B8-K3-P11,IN-B8-K3-P11,Pusat
IN-B8-K3-P13,IN-B8-K3-P13,Pusat
IN-B8-K3-P14,IN-B8-K3-P14,Pusat
IN-B8-K3-P15,IN-B8-K3-P15,Pusat
IN-B8-K3-P2,IN-B8-K3-P2,Pusat
IN-B8-K3-P3,IN-B8-K3-P3,Pusat
IN-B8-K3-P5,IN-B8-K3-P5,Pusat
IN-B8-K3-P6,IN-B8-K3-P6,Pusat
IN-B8-K3-P7,IN-B8-K3-P7,Pusat
IN-B8-K3-P9,IN-B8-K3-P9,Pusat
IN-B8-K4-P1,IN-B8-K4-P1,Pusat
IN-B8-K4-P10,IN-B8-K4-P10,Pusat
IN-B8-K4-P11,IN-B8-K4-P11,Pusat
IN-B8-K4-P13,IN-B8-K4-P13,Pusat
IN-B8-K4-P14,IN-B8-K4-P14,Pusat
IN-B8-K4-P15,IN-B8-K4-P15,Pusat
IN-B8-K4-P2,IN-B8-K4-P2,Pusat
IN-B8-K4-P3,IN-B8-K4-P3,Pusat
IN-B8-K4-P5,IN-B8-K4-P5,Pusat
IN-B8-K4-P6,IN-B8-K4-P6,Pusat
IN-B8-K4-P7,IN-B8-K4-P7,Pusat
IN-B8-K4-P9,IN-B8-K4-P9,Pusat
IN-B8-K5-P1,IN-B8-K5-P1,Pusat
IN-B8-K5-P10,IN-B8-K5-P10,Pusat
IN-B8-K5-P11,IN-B8-K5-P11,Pusat
IN-B8-K5-P13,IN-B8-K5-P13,Pusat
IN-B8-K5-P14,IN-B8-K5-P14,Pusat
IN-B8-K5-P15,IN-B8-K5-P15,Pusat
IN-B8-K5-P2,IN-B8-K5-P2,Pusat
IN-B8-K5-P3,IN-B8-K5-P3,Pusat
IN-B8-K5-P5,IN-B8-K5-P5,Pusat
IN-B8-K5-P6,IN-B8-K5-P6,Pusat
IN-B8-K5-P7,IN-B8-K5-P7,Pusat
IN-B8-K5-P9,IN-B8-K5-P9,Pusat
IN-B8-K6-P1,IN-B8-K6-P1,Pusat
IN-B8-K6-P10,IN-B8-K6-P10,Pusat
IN-B8-K6-P11,IN-B8-K6-P11,Pusat
IN-B8-K6-P13,IN-B8-K6-P13,Pusat
IN-B8-K6-P14,IN-B8-K6-P14,Pusat
IN-B8-K6-P15,IN-B8-K6-P15,Pusat
IN-B8-K6-P2,IN-B8-K6-P2,Pusat
IN-B8-K6-P3,IN-B8-K6-P3,Pusat
IN-B8-K6-P5,IN-B8-K6-P5,Pusat
IN-B8-K6-P6,IN-B8-K6-P6,Pusat
IN-B8-K6-P7,IN-B8-K6-P7,Pusat
IN-B8-K6-P9,IN-B8-K6-P9,Pusat
IN-B9-K1-P1,IN-B9-K1-P1,Pusat
IN-B9-K1-P10,IN-B9-K1-P10,Pusat
IN-B9-K1-P11,IN-B9-K1-P11,Pusat
IN-B9-K1-P12,IN-B9-K1-P12,Pusat
IN-B9-K1-P13,IN-B9-K1-P13,Pusat
IN-B9-K1-P14,IN-B9-K1-P14,Pusat
IN-B9-K1-P15,IN-B9-K1-P15,Pusat
IN-B9-K1-P2,IN-B9-K1-P2,Pusat
IN-B9-K1-P3,IN-B9-K1-P3,Pusat
IN-B9-K1-P4,IN-B9-K1-P4,Pusat
IN-B9-K1-P5,IN-B9-K1-P5,Pusat
IN-B9-K1-P6,IN-B9-K1-P6,Pusat
IN-B9-K1-P7,IN-B9-K1-P7,Pusat
IN-B9-K1-P8,IN-B9-K1-P8,Pusat
IN-B9-K1-P9,IN-B9-K1-P9,Pusat
IN-B9-K2-P1,IN-B9-K2-P1,Pusat
IN-B9-K2-P10,IN-B9-K2-P10,Pusat
IN-B9-K2-P11,IN-B9-K2-P11,Pusat
IN-B9-K2-P12,IN-B9-K2-P12,Pusat
IN-B9-K2-P13,IN-B9-K2-P13,Pusat
IN-B9-K2-P14,IN-B9-K2-P14,Pusat
IN-B9-K2-P15,IN-B9-K2-P15,Pusat
IN-B9-K2-P2,IN-B9-K2-P2,Pusat
IN-B9-K2-P3,IN-B9-K2-P3,Pusat
IN-B9-K2-P4,IN-B9-K2-P4,Pusat
IN-B9-K2-P5,IN-B9-K2-P5,Pusat
IN-B9-K2-P6,IN-B9-K2-P6,Pusat
IN-B9-K2-P7,IN-B9-K2-P7,Pusat
IN-B9-K2-P8,IN-B9-K2-P8,Pusat
IN-B9-K2-P9,IN-B9-K2-P9,Pusat
IN-B9-K3-P1,IN-B9-K3-P1,Pusat
IN-B9-K3-P10,IN-B9-K3-P10,Pusat
IN-B9-K3-P11,IN-B9-K3-P11,Pusat
IN-B9-K3-P12,IN-B9-K3-P12,Pusat
IN-B9-K3-P13,IN-B9-K3-P13,Pusat
IN-B9-K3-P14,IN-B9-K3-P14,Pusat
IN-B9-K3-P15,IN-B9-K3-P15,Pusat
IN-B9-K3-P2,IN-B9-K3-P2,Pusat
IN-B9-K3-P3,IN-B9-K3-P3,Pusat
IN-B9-K3-P4,IN-B9-K3-P4,Pusat
IN-B9-K3-P5,IN-B9-K3-P5,Pusat
IN-B9-K3-P6,IN-B9-K3-P6,Pusat
IN-B9-K3-P7,IN-B9-K3-P7,Pusat
IN-B9-K3-P8,IN-B9-K3-P8,Pusat
IN-B9-K3-P9,IN-B9-K3-P9,Pusat
IN-B9-K4-P1,IN-B9-K4-P1,Pusat
IN-B9-K4-P10,IN-B9-K4-P10,Pusat
IN-B9-K4-P11,IN-B9-K4-P11,Pusat
IN-B9-K4-P12,IN-B9-K4-P12,Pusat
IN-B9-K4-P13,IN-B9-K4-P13,Pusat
IN-B9-K4-P14,IN-B9-K4-P14,Pusat
IN-B9-K4-P15,IN-B9-K4-P15,Pusat
IN-B9-K4-P2,IN-B9-K4-P2,Pusat
IN-B9-K4-P3,IN-B9-K4-P3,Pusat
IN-B9-K4-P4,IN-B9-K4-P4,Pusat
IN-B9-K4-P5,IN-B9-K4-P5,Pusat
IN-B9-K4-P6,IN-B9-K4-P6,Pusat
IN-B9-K4-P7,IN-B9-K4-P7,Pusat
IN-B9-K4-P8,IN-B9-K4-P8,Pusat
IN-B9-K4-P9,IN-B9-K4-P9,Pusat
IN-B9-K5-P1,IN-B9-K5-P1,Pusat
IN-B9-K5-P10,IN-B9-K5-P10,Pusat
IN-B9-K5-P11,IN-B9-K5-P11,Pusat
IN-B9-K5-P12,IN-B9-K5-P12,Pusat
IN-B9-K5-P13,IN-B9-K5-P13,Pusat
IN-B9-K5-P14,IN-B9-K5-P14,Pusat
IN-B9-K5-P15,IN-B9-K5-P15,Pusat
IN-B9-K5-P2,IN-B9-K5-P2,Pusat
IN-B9-K5-P3,IN-B9-K5-P3,Pusat
IN-B9-K5-P4,IN-B9-K5-P4,Pusat
IN-B9-K5-P5,IN-B9-K5-P5,Pusat
IN-B9-K5-P6,IN-B9-K5-P6,Pusat
IN-B9-K5-P7,IN-B9-K5-P7,Pusat
IN-B9-K5-P8,IN-B9-K5-P8,Pusat
IN-B9-K5-P9,IN-B9-K5-P9,Pusat
IN-B9-K6-P1,IN-B9-K6-P1,Pusat
IN-B9-K6-P10,IN-B9-K6-P10,Pusat
IN-B9-K6-P11,IN-B9-K6-P11,Pusat
IN-B9-K6-P12,IN-B9-K6-P12,Pusat
IN-B9-K6-P13,IN-B9-K6-P13,Pusat
IN-B9-K6-P14,IN-B9-K6-P14,Pusat
IN-B9-K6-P15,IN-B9-K6-P15,Pusat
IN-B9-K6-P2,IN-B9-K6-P2,Pusat
IN-B9-K6-P3,IN-B9-K6-P3,Pusat
IN-B9-K6-P4,IN-B9-K6-P4,Pusat
IN-B9-K6-P5,IN-B9-K6-P5,Pusat
IN-B9-K6-P6,IN-B9-K6-P6,Pusat
IN-B9-K6-P7,IN-B9-K6-P7,Pusat
IN-B9-K6-P8,IN-B9-K6-P8,Pusat
IN-B9-K6-P9,IN-B9-K6-P9,Pusat
IN-C1-K1-P1,IN-C1-K1-P1,Pusat
IN-C1-K1-P10,IN-C1-K1-P10,Pusat
IN-C1-K1-P11,IN-C1-K1-P11,Pusat
IN-C1-K1-P13,IN-C1-K1-P13,Pusat
IN-C1-K1-P14,IN-C1-K1-P14,Pusat
IN-C1-K1-P15,IN-C1-K1-P15,Pusat
IN-C1-K1-P2,IN-C1-K1-P2,Pusat
IN-C1-K1-P3,IN-C1-K1-P3,Pusat
IN-C1-K1-P5,IN-C1-K1-P5,Pusat
IN-C1-K1-P6,IN-C1-K1-P6,Pusat
IN-C1-K1-P7,IN-C1-K1-P7,Pusat
IN-C1-K1-P9,IN-C1-K1-P9,Pusat
IN-C1-K2-P1,IN-C1-K2-P1,Pusat
IN-C1-K2-P10,IN-C1-K2-P10,Pusat
IN-C1-K2-P11,IN-C1-K2-P11,Pusat
IN-C1-K2-P13,IN-C1-K2-P13,Pusat
IN-C1-K2-P14,IN-C1-K2-P14,Pusat
IN-C1-K2-P15,IN-C1-K2-P15,Pusat
IN-C1-K2-P2,IN-C1-K2-P2,Pusat
IN-C1-K2-P3,IN-C1-K2-P3,Pusat
IN-C1-K2-P5,IN-C1-K2-P5,Pusat
IN-C1-K2-P6,IN-C1-K2-P6,Pusat
IN-C1-K2-P7,IN-C1-K2-P7,Pusat
IN-C1-K2-P9,IN-C1-K2-P9,Pusat
IN-C1-K3-P1,IN-C1-K3-P1,Pusat
IN-C1-K3-P10,IN-C1-K3-P10,Pusat
IN-C1-K3-P11,IN-C1-K3-P11,Pusat
IN-C1-K3-P13,IN-C1-K3-P13,Pusat
IN-C1-K3-P14,IN-C1-K3-P14,Pusat
IN-C1-K3-P15,IN-C1-K3-P15,Pusat
IN-C1-K3-P2,IN-C1-K3-P2,Pusat
IN-C1-K3-P3,IN-C1-K3-P3,Pusat
IN-C1-K3-P5,IN-C1-K3-P5,Pusat
IN-C1-K3-P6,IN-C1-K3-P6,Pusat
IN-C1-K3-P7,IN-C1-K3-P7,Pusat
IN-C1-K3-P9,IN-C1-K3-P9,Pusat
IN-C1-K4-P1,IN-C1-K4-P1,Pusat
IN-C1-K4-P10,IN-C1-K4-P10,Pusat
IN-C1-K4-P11,IN-C1-K4-P11,Pusat
IN-C1-K4-P13,IN-C1-K4-P13,Pusat
IN-C1-K4-P14,IN-C1-K4-P14,Pusat
IN-C1-K4-P15,IN-C1-K4-P15,Pusat
IN-C1-K4-P2,IN-C1-K4-P2,Pusat
IN-C1-K4-P3,IN-C1-K4-P3,Pusat
IN-C1-K4-P5,IN-C1-K4-P5,Pusat
IN-C1-K4-P6,IN-C1-K4-P6,Pusat
IN-C1-K4-P7,IN-C1-K4-P7,Pusat
IN-C1-K4-P9,IN-C1-K4-P9,Pusat
IN-C1-K5-P1,IN-C1-K5-P1,Pusat
IN-C1-K5-P10,IN-C1-K5-P10,Pusat
IN-C1-K5-P11,IN-C1-K5-P11,Pusat
IN-C1-K5-P13,IN-C1-K5-P13,Pusat
IN-C1-K5-P14,IN-C1-K5-P14,Pusat
IN-C1-K5-P15,IN-C1-K5-P15,Pusat
IN-C1-K5-P2,IN-C1-K5-P2,Pusat
IN-C1-K5-P3,IN-C1-K5-P3,Pusat
IN-C1-K5-P5,IN-C1-K5-P5,Pusat
IN-C1-K5-P6,IN-C1-K5-P6,Pusat
IN-C1-K5-P7,IN-C1-K5-P7,Pusat
IN-C1-K5-P9,IN-C1-K5-P9,Pusat
IN-C1-K6-P1,IN-C1-K6-P1,Pusat
IN-C1-K6-P10,IN-C1-K6-P10,Pusat
IN-C1-K6-P11,IN-C1-K6-P11,Pusat
IN-C1-K6-P13,IN-C1-K6-P13,Pusat
IN-C1-K6-P14,IN-C1-K6-P14,Pusat
IN-C1-K6-P15,IN-C1-K6-P15,Pusat
IN-C1-K6-P2,IN-C1-K6-P2,Pusat
IN-C1-K6-P3,IN-C1-K6-P3,Pusat
IN-C1-K6-P5,IN-C1-K6-P5,Pusat
IN-C1-K6-P6,IN-C1-K6-P6,Pusat
IN-C1-K6-P7,IN-C1-K6-P7,Pusat
IN-C1-K6-P9,IN-C1-K6-P9,Pusat
IN-C2-K1-P1,IN-C2-K1-P1,Pusat
IN-C2-K1-P10,IN-C2-K1-P10,Pusat
IN-C2-K1-P11,IN-C2-K1-P11,Pusat
IN-C2-K1-P13,IN-C2-K1-P13,Pusat
IN-C2-K1-P14,IN-C2-K1-P14,Pusat
IN-C2-K1-P15,IN-C2-K1-P15,Pusat
IN-C2-K1-P2,IN-C2-K1-P2,Pusat
IN-C2-K1-P3,IN-C2-K1-P3,Pusat
IN-C2-K1-P5,IN-C2-K1-P5,Pusat
IN-C2-K1-P6,IN-C2-K1-P6,Pusat
IN-C2-K1-P7,IN-C2-K1-P7,Pusat
IN-C2-K1-P9,IN-C2-K1-P9,Pusat
IN-C2-K2-P1,IN-C2-K2-P1,Pusat
IN-C2-K2-P10,IN-C2-K2-P10,Pusat
IN-C2-K2-P11,IN-C2-K2-P11,Pusat
IN-C2-K2-P13,IN-C2-K2-P13,Pusat
IN-C2-K2-P14,IN-C2-K2-P14,Pusat
IN-C2-K2-P15,IN-C2-K2-P15,Pusat
IN-C2-K2-P2,IN-C2-K2-P2,Pusat
IN-C2-K2-P3,IN-C2-K2-P3,Pusat
IN-C2-K2-P5,IN-C2-K2-P5,Pusat
IN-C2-K2-P6,IN-C2-K2-P6,Pusat
IN-C2-K2-P7,IN-C2-K2-P7,Pusat
IN-C2-K2-P9,IN-C2-K2-P9,Pusat
IN-C2-K3-P1,IN-C2-K3-P1,Pusat
IN-C2-K3-P10,IN-C2-K3-P10,Pusat
IN-C2-K3-P11,IN-C2-K3-P11,Pusat
IN-C2-K3-P13,IN-C2-K3-P13,Pusat
IN-C2-K3-P14,IN-C2-K3-P14,Pusat
IN-C2-K3-P15,IN-C2-K3-P15,Pusat
IN-C2-K3-P2,IN-C2-K3-P2,Pusat
IN-C2-K3-P3,IN-C2-K3-P3,Pusat
IN-C2-K3-P5,IN-C2-K3-P5,Pusat
IN-C2-K3-P6,IN-C2-K3-P6,Pusat
IN-C2-K3-P7,IN-C2-K3-P7,Pusat
IN-C2-K3-P9,IN-C2-K3-P9,Pusat
IN-C2-K4-P1,IN-C2-K4-P1,Pusat
IN-C2-K4-P10,IN-C2-K4-P10,Pusat
IN-C2-K4-P11,IN-C2-K4-P11,Pusat
IN-C2-K4-P13,IN-C2-K4-P13,Pusat
IN-C2-K4-P14,IN-C2-K4-P14,Pusat
IN-C2-K4-P15,IN-C2-K4-P15,Pusat
IN-C2-K4-P2,IN-C2-K4-P2,Pusat
IN-C2-K4-P3,IN-C2-K4-P3,Pusat
IN-C2-K4-P5,IN-C2-K4-P5,Pusat
IN-C2-K4-P6,IN-C2-K4-P6,Pusat
IN-C2-K4-P7,IN-C2-K4-P7,Pusat
IN-C2-K4-P9,IN-C2-K4-P9,Pusat
IN-C2-K5-P1,IN-C2-K5-P1,Pusat
IN-C2-K5-P10,IN-C2-K5-P10,Pusat
IN-C2-K5-P11,IN-C2-K5-P11,Pusat
IN-C2-K5-P13,IN-C2-K5-P13,Pusat
IN-C2-K5-P14,IN-C2-K5-P14,Pusat
IN-C2-K5-P15,IN-C2-K5-P15,Pusat
IN-C2-K5-P2,IN-C2-K5-P2,Pusat
IN-C2-K5-P3,IN-C2-K5-P3,Pusat
IN-C2-K5-P5,IN-C2-K5-P5,Pusat
IN-C2-K5-P6,IN-C2-K5-P6,Pusat
IN-C2-K5-P7,IN-C2-K5-P7,Pusat
IN-C2-K5-P9,IN-C2-K5-P9,Pusat
IN-C2-K6-P1,IN-C2-K6-P1,Pusat
IN-C2-K6-P10,IN-C2-K6-P10,Pusat
IN-C2-K6-P11,IN-C2-K6-P11,Pusat
IN-C2-K6-P13,IN-C2-K6-P13,Pusat
IN-C2-K6-P14,IN-C2-K6-P14,Pusat
IN-C2-K6-P15,IN-C2-K6-P15,Pusat
IN-C2-K6-P2,IN-C2-K6-P2,Pusat
IN-C2-K6-P3,IN-C2-K6-P3,Pusat
IN-C2-K6-P5,IN-C2-K6-P5,Pusat
IN-C2-K6-P6,IN-C2-K6-P6,Pusat
IN-C2-K6-P7,IN-C2-K6-P7,Pusat
IN-C2-K6-P9,IN-C2-K6-P9,Pusat
IN-C3-K1-P1,IN-C3-K1-P1,Pusat
IN-C3-K1-P10,IN-C3-K1-P10,Pusat
IN-C3-K1-P11,IN-C3-K1-P11,Pusat
IN-C3-K1-P13,IN-C3-K1-P13,Pusat
IN-C3-K1-P14,IN-C3-K1-P14,Pusat
IN-C3-K1-P15,IN-C3-K1-P15,Pusat
IN-C3-K1-P2,IN-C3-K1-P2,Pusat
IN-C3-K1-P3,IN-C3-K1-P3,Pusat
IN-C3-K1-P5,IN-C3-K1-P5,Pusat
IN-C3-K1-P6,IN-C3-K1-P6,Pusat
IN-C3-K1-P7,IN-C3-K1-P7,Pusat
IN-C3-K1-P9,IN-C3-K1-P9,Pusat
IN-C3-K2-P1,IN-C3-K2-P1,Pusat
IN-C3-K2-P10,IN-C3-K2-P10,Pusat
IN-C3-K2-P11,IN-C3-K2-P11,Pusat
IN-C3-K2-P13,IN-C3-K2-P13,Pusat
IN-C3-K2-P14,IN-C3-K2-P14,Pusat
IN-C3-K2-P15,IN-C3-K2-P15,Pusat
IN-C3-K2-P2,IN-C3-K2-P2,Pusat
IN-C3-K2-P3,IN-C3-K2-P3,Pusat
IN-C3-K2-P5,IN-C3-K2-P5,Pusat
IN-C3-K2-P6,IN-C3-K2-P6,Pusat
IN-C3-K2-P7,IN-C3-K2-P7,Pusat
IN-C3-K2-P9,IN-C3-K2-P9,Pusat
IN-C3-K3-P1,IN-C3-K3-P1,Pusat
IN-C3-K3-P10,IN-C3-K3-P10,Pusat
IN-C3-K3-P11,IN-C3-K3-P11,Pusat
IN-C3-K3-P13,IN-C3-K3-P13,Pusat
IN-C3-K3-P14,IN-C3-K3-P14,Pusat
IN-C3-K3-P15,IN-C3-K3-P15,Pusat
IN-C3-K3-P2,IN-C3-K3-P2,Pusat
IN-C3-K3-P3,IN-C3-K3-P3,Pusat
IN-C3-K3-P5,IN-C3-K3-P5,Pusat
IN-C3-K3-P6,IN-C3-K3-P6,Pusat
IN-C3-K3-P7,IN-C3-K3-P7,Pusat
IN-C3-K3-P9,IN-C3-K3-P9,Pusat
IN-C3-K4-P1,IN-C3-K4-P1,Pusat
IN-C3-K4-P10,IN-C3-K4-P10,Pusat
IN-C3-K4-P11,IN-C3-K4-P11,Pusat
IN-C3-K4-P13,IN-C3-K4-P13,Pusat
IN-C3-K4-P14,IN-C3-K4-P14,Pusat
IN-C3-K4-P15,IN-C3-K4-P15,Pusat
IN-C3-K4-P2,IN-C3-K4-P2,Pusat
IN-C3-K4-P3,IN-C3-K4-P3,Pusat
IN-C3-K4-P5,IN-C3-K4-P5,Pusat
IN-C3-K4-P6,IN-C3-K4-P6,Pusat
IN-C3-K4-P7,IN-C3-K4-P7,Pusat
IN-C3-K4-P9,IN-C3-K4-P9,Pusat
IN-C3-K5-P1,IN-C3-K5-P1,Pusat
IN-C3-K5-P10,IN-C3-K5-P10,Pusat
IN-C3-K5-P11,IN-C3-K5-P11,Pusat
IN-C3-K5-P13,IN-C3-K5-P13,Pusat
IN-C3-K5-P14,IN-C3-K5-P14,Pusat
IN-C3-K5-P15,IN-C3-K5-P15,Pusat
IN-C3-K5-P2,IN-C3-K5-P2,Pusat
IN-C3-K5-P3,IN-C3-K5-P3,Pusat
IN-C3-K5-P5,IN-C3-K5-P5,Pusat
IN-C3-K5-P6,IN-C3-K5-P6,Pusat
IN-C3-K5-P7,IN-C3-K5-P7,Pusat
IN-C3-K5-P9,IN-C3-K5-P9,Pusat
IN-C3-K6-P1,IN-C3-K6-P1,Pusat
IN-C3-K6-P10,IN-C3-K6-P10,Pusat
IN-C3-K6-P11,IN-C3-K6-P11,Pusat
IN-C3-K6-P13,IN-C3-K6-P13,Pusat
IN-C3-K6-P14,IN-C3-K6-P14,Pusat
IN-C3-K6-P15,IN-C3-K6-P15,Pusat
IN-C3-K6-P2,IN-C3-K6-P2,Pusat
IN-C3-K6-P3,IN-C3-K6-P3,Pusat
IN-C3-K6-P5,IN-C3-K6-P5,Pusat
IN-C3-K6-P6,IN-C3-K6-P6,Pusat
IN-C3-K6-P7,IN-C3-K6-P7,Pusat
IN-C3-K6-P9,IN-C3-K6-P9,Pusat
IN-C4-K1-P1,IN-C4-K1-P1,Pusat
IN-C4-K1-P10,IN-C4-K1-P10,Pusat
IN-C4-K1-P11,IN-C4-K1-P11,Pusat
IN-C4-K1-P13,IN-C4-K1-P13,Pusat
IN-C4-K1-P14,IN-C4-K1-P14,Pusat
IN-C4-K1-P15,IN-C4-K1-P15,Pusat
IN-C4-K1-P2,IN-C4-K1-P2,Pusat
IN-C4-K1-P3,IN-C4-K1-P3,Pusat
IN-C4-K1-P5,IN-C4-K1-P5,Pusat
IN-C4-K1-P6,IN-C4-K1-P6,Pusat
IN-C4-K1-P7,IN-C4-K1-P7,Pusat
IN-C4-K1-P9,IN-C4-K1-P9,Pusat
IN-C4-K2-P1,IN-C4-K2-P1,Pusat
IN-C4-K2-P10,IN-C4-K2-P10,Pusat
IN-C4-K2-P11,IN-C4-K2-P11,Pusat
IN-C4-K2-P13,IN-C4-K2-P13,Pusat
IN-C4-K2-P14,IN-C4-K2-P14,Pusat
IN-C4-K2-P15,IN-C4-K2-P15,Pusat
IN-C4-K2-P2,IN-C4-K2-P2,Pusat
IN-C4-K2-P3,IN-C4-K2-P3,Pusat
IN-C4-K2-P5,IN-C4-K2-P5,Pusat
IN-C4-K2-P6,IN-C4-K2-P6,Pusat
IN-C4-K2-P7,IN-C4-K2-P7,Pusat
IN-C4-K2-P9,IN-C4-K2-P9,Pusat
IN-C4-K3-P1,IN-C4-K3-P1,Pusat
IN-C4-K3-P10,IN-C4-K3-P10,Pusat
IN-C4-K3-P11,IN-C4-K3-P11,Pusat
IN-C4-K3-P13,IN-C4-K3-P13,Pusat
IN-C4-K3-P14,IN-C4-K3-P14,Pusat
IN-C4-K3-P15,IN-C4-K3-P15,Pusat
IN-C4-K3-P2,IN-C4-K3-P2,Pusat
IN-C4-K3-P3,IN-C4-K3-P3,Pusat
IN-C4-K3-P5,IN-C4-K3-P5,Pusat
IN-C4-K3-P6,IN-C4-K3-P6,Pusat
IN-C4-K3-P7,IN-C4-K3-P7,Pusat
IN-C4-K3-P9,IN-C4-K3-P9,Pusat
IN-C4-K4-P1,IN-C4-K4-P1,Pusat
IN-C4-K4-P10,IN-C4-K4-P10,Pusat
IN-C4-K4-P11,IN-C4-K4-P11,Pusat
IN-C4-K4-P13,IN-C4-K4-P13,Pusat
IN-C4-K4-P14,IN-C4-K4-P14,Pusat
IN-C4-K4-P15,IN-C4-K4-P15,Pusat
IN-C4-K4-P2,IN-C4-K4-P2,Pusat
IN-C4-K4-P3,IN-C4-K4-P3,Pusat
IN-C4-K4-P5,IN-C4-K4-P5,Pusat
IN-C4-K4-P6,IN-C4-K4-P6,Pusat
IN-C4-K4-P7,IN-C4-K4-P7,Pusat
IN-C4-K4-P9,IN-C4-K4-P9,Pusat
IN-C4-K5-P1,IN-C4-K5-P1,Pusat
IN-C4-K5-P10,IN-C4-K5-P10,Pusat
IN-C4-K5-P11,IN-C4-K5-P11,Pusat
IN-C4-K5-P13,IN-C4-K5-P13,Pusat
IN-C4-K5-P14,IN-C4-K5-P14,Pusat
IN-C4-K5-P15,IN-C4-K5-P15,Pusat
IN-C4-K5-P2,IN-C4-K5-P2,Pusat
IN-C4-K5-P3,IN-C4-K5-P3,Pusat
IN-C4-K5-P5,IN-C4-K5-P5,Pusat
IN-C4-K5-P6,IN-C4-K5-P6,Pusat
IN-C4-K5-P7,IN-C4-K5-P7,Pusat
IN-C4-K5-P9,IN-C4-K5-P9,Pusat
IN-C4-K6-P1,IN-C4-K6-P1,Pusat
IN-C4-K6-P10,IN-C4-K6-P10,Pusat
IN-C4-K6-P11,IN-C4-K6-P11,Pusat
IN-C4-K6-P13,IN-C4-K6-P13,Pusat
IN-C4-K6-P14,IN-C4-K6-P14,Pusat
IN-C4-K6-P15,IN-C4-K6-P15,Pusat
IN-C4-K6-P2,IN-C4-K6-P2,Pusat
IN-C4-K6-P3,IN-C4-K6-P3,Pusat
IN-C4-K6-P5,IN-C4-K6-P5,Pusat
IN-C4-K6-P6,IN-C4-K6-P6,Pusat
IN-C4-K6-P7,IN-C4-K6-P7,Pusat
IN-C4-K6-P9,IN-C4-K6-P9,Pusat
IN-C5-K1-P1,IN-C5-K1-P1,Pusat
IN-C5-K1-P10,IN-C5-K1-P10,Pusat
IN-C5-K1-P11,IN-C5-K1-P11,Pusat
IN-C5-K1-P13,IN-C5-K1-P13,Pusat
IN-C5-K1-P14,IN-C5-K1-P14,Pusat
IN-C5-K1-P15,IN-C5-K1-P15,Pusat
IN-C5-K1-P2,IN-C5-K1-P2,Pusat
IN-C5-K1-P3,IN-C5-K1-P3,Pusat
IN-C5-K1-P5,IN-C5-K1-P5,Pusat
IN-C5-K1-P6,IN-C5-K1-P6,Pusat
IN-C5-K1-P7,IN-C5-K1-P7,Pusat
IN-C5-K1-P9,IN-C5-K1-P9,Pusat
IN-C5-K2-P1,IN-C5-K2-P1,Pusat
IN-C5-K2-P10,IN-C5-K2-P10,Pusat
IN-C5-K2-P11,IN-C5-K2-P11,Pusat
IN-C5-K2-P13,IN-C5-K2-P13,Pusat
IN-C5-K2-P14,IN-C5-K2-P14,Pusat
IN-C5-K2-P15,IN-C5-K2-P15,Pusat
IN-C5-K2-P2,IN-C5-K2-P2,Pusat
IN-C5-K2-P3,IN-C5-K2-P3,Pusat
IN-C5-K2-P5,IN-C5-K2-P5,Pusat
IN-C5-K2-P6,IN-C5-K2-P6,Pusat
IN-C5-K2-P7,IN-C5-K2-P7,Pusat
IN-C5-K2-P9,IN-C5-K2-P9,Pusat
IN-C5-K3-P1,IN-C5-K3-P1,Pusat
IN-C5-K3-P10,IN-C5-K3-P10,Pusat
IN-C5-K3-P11,IN-C5-K3-P11,Pusat
IN-C5-K3-P13,IN-C5-K3-P13,Pusat
IN-C5-K3-P14,IN-C5-K3-P14,Pusat
IN-C5-K3-P15,IN-C5-K3-P15,Pusat
IN-C5-K3-P2,IN-C5-K3-P2,Pusat
IN-C5-K3-P3,IN-C5-K3-P3,Pusat
IN-C5-K3-P5,IN-C5-K3-P5,Pusat
IN-C5-K3-P6,IN-C5-K3-P6,Pusat
IN-C5-K3-P7,IN-C5-K3-P7,Pusat
IN-C5-K3-P9,IN-C5-K3-P9,Pusat
IN-C5-K4-P1,IN-C5-K4-P1,Pusat
IN-C5-K4-P10,IN-C5-K4-P10,Pusat
IN-C5-K4-P11,IN-C5-K4-P11,Pusat
IN-C5-K4-P13,IN-C5-K4-P13,Pusat
IN-C5-K4-P14,IN-C5-K4-P14,Pusat
IN-C5-K4-P15,IN-C5-K4-P15,Pusat
IN-C5-K4-P2,IN-C5-K4-P2,Pusat
IN-C5-K4-P3,IN-C5-K4-P3,Pusat
IN-C5-K4-P5,IN-C5-K4-P5,Pusat
IN-C5-K4-P6,IN-C5-K4-P6,Pusat
IN-C5-K4-P7,IN-C5-K4-P7,Pusat
IN-C5-K4-P9,IN-C5-K4-P9,Pusat
IN-C5-K5-P1,IN-C5-K5-P1,Pusat
IN-C5-K5-P10,IN-C5-K5-P10,Pusat
IN-C5-K5-P11,IN-C5-K5-P11,Pusat
IN-C5-K5-P13,IN-C5-K5-P13,Pusat
IN-C5-K5-P14,IN-C5-K5-P14,Pusat
IN-C5-K5-P15,IN-C5-K5-P15,Pusat
IN-C5-K5-P2,IN-C5-K5-P2,Pusat
IN-C5-K5-P3,IN-C5-K5-P3,Pusat
IN-C5-K5-P5,IN-C5-K5-P5,Pusat
IN-C5-K5-P6,IN-C5-K5-P6,Pusat
IN-C5-K5-P7,IN-C5-K5-P7,Pusat
IN-C5-K5-P9,IN-C5-K5-P9,Pusat
IN-C5-K6-P1,IN-C5-K6-P1,Pusat
IN-C5-K6-P10,IN-C5-K6-P10,Pusat
IN-C5-K6-P11,IN-C5-K6-P11,Pusat
IN-C5-K6-P13,IN-C5-K6-P13,Pusat
IN-C5-K6-P14,IN-C5-K6-P14,Pusat
IN-C5-K6-P15,IN-C5-K6-P15,Pusat
IN-C5-K6-P2,IN-C5-K6-P2,Pusat
IN-C5-K6-P3,IN-C5-K6-P3,Pusat
IN-C5-K6-P5,IN-C5-K6-P5,Pusat
IN-C5-K6-P6,IN-C5-K6-P6,Pusat
IN-C5-K6-P7,IN-C5-K6-P7,Pusat
IN-C5-K6-P9,IN-C5-K6-P9,Pusat
IN-C6-K1-P1,IN-C6-K1-P1,Pusat
IN-C6-K1-P10,IN-C6-K1-P10,Pusat
IN-C6-K1-P11,IN-C6-K1-P11,Pusat
IN-C6-K1-P13,IN-C6-K1-P13,Pusat
IN-C6-K1-P14,IN-C6-K1-P14,Pusat
IN-C6-K1-P15,IN-C6-K1-P15,Pusat
IN-C6-K1-P2,IN-C6-K1-P2,Pusat
IN-C6-K1-P3,IN-C6-K1-P3,Pusat
IN-C6-K1-P5,IN-C6-K1-P5,Pusat
IN-C6-K1-P6,IN-C6-K1-P6,Pusat
IN-C6-K1-P7,IN-C6-K1-P7,Pusat
IN-C6-K1-P9,IN-C6-K1-P9,Pusat
IN-C6-K2-P1,IN-C6-K2-P1,Pusat
IN-C6-K2-P10,IN-C6-K2-P10,Pusat
IN-C6-K2-P11,IN-C6-K2-P11,Pusat
IN-C6-K2-P13,IN-C6-K2-P13,Pusat
IN-C6-K2-P14,IN-C6-K2-P14,Pusat
IN-C6-K2-P15,IN-C6-K2-P15,Pusat
IN-C6-K2-P2,IN-C6-K2-P2,Pusat
IN-C6-K2-P3,IN-C6-K2-P3,Pusat
IN-C6-K2-P5,IN-C6-K2-P5,Pusat
IN-C6-K2-P6,IN-C6-K2-P6,Pusat
IN-C6-K2-P7,IN-C6-K2-P7,Pusat
IN-C6-K2-P9,IN-C6-K2-P9,Pusat
IN-C6-K3-P1,IN-C6-K3-P1,Pusat
IN-C6-K3-P10,IN-C6-K3-P10,Pusat
IN-C6-K3-P11,IN-C6-K3-P11,Pusat
IN-C6-K3-P13,IN-C6-K3-P13,Pusat
IN-C6-K3-P14,IN-C6-K3-P14,Pusat
IN-C6-K3-P15,IN-C6-K3-P15,Pusat
IN-C6-K3-P2,IN-C6-K3-P2,Pusat
IN-C6-K3-P3,IN-C6-K3-P3,Pusat
IN-C6-K3-P5,IN-C6-K3-P5,Pusat
IN-C6-K3-P6,IN-C6-K3-P6,Pusat
IN-C6-K3-P7,IN-C6-K3-P7,Pusat
IN-C6-K3-P9,IN-C6-K3-P9,Pusat
IN-C6-K4-P1,IN-C6-K4-P1,Pusat
IN-C6-K4-P10,IN-C6-K4-P10,Pusat
IN-C6-K4-P11,IN-C6-K4-P11,Pusat
IN-C6-K4-P13,IN-C6-K4-P13,Pusat
IN-C6-K4-P14,IN-C6-K4-P14,Pusat
IN-C6-K4-P15,IN-C6-K4-P15,Pusat
IN-C6-K4-P2,IN-C6-K4-P2,Pusat
IN-C6-K4-P3,IN-C6-K4-P3,Pusat
IN-C6-K4-P5,IN-C6-K4-P5,Pusat
IN-C6-K4-P6,IN-C6-K4-P6,Pusat
IN-C6-K4-P7,IN-C6-K4-P7,Pusat
IN-C6-K4-P9,IN-C6-K4-P9,Pusat
IN-C6-K5-P1,IN-C6-K5-P1,Pusat
IN-C6-K5-P10,IN-C6-K5-P10,Pusat
IN-C6-K5-P11,IN-C6-K5-P11,Pusat
IN-C6-K5-P13,IN-C6-K5-P13,Pusat
IN-C6-K5-P14,IN-C6-K5-P14,Pusat
IN-C6-K5-P15,IN-C6-K5-P15,Pusat
IN-C6-K5-P2,IN-C6-K5-P2,Pusat
IN-C6-K5-P3,IN-C6-K5-P3,Pusat
IN-C6-K5-P5,IN-C6-K5-P5,Pusat
IN-C6-K5-P6,IN-C6-K5-P6,Pusat
IN-C6-K5-P7,IN-C6-K5-P7,Pusat
IN-C6-K5-P9,IN-C6-K5-P9,Pusat
IN-C6-K6-P1,IN-C6-K6-P1,Pusat
IN-C6-K6-P10,IN-C6-K6-P10,Pusat
IN-C6-K6-P11,IN-C6-K6-P11,Pusat
IN-C6-K6-P13,IN-C6-K6-P13,Pusat
IN-C6-K6-P14,IN-C6-K6-P14,Pusat
IN-C6-K6-P15,IN-C6-K6-P15,Pusat
IN-C6-K6-P2,IN-C6-K6-P2,Pusat
IN-C6-K6-P3,IN-C6-K6-P3,Pusat
IN-C6-K6-P5,IN-C6-K6-P5,Pusat
IN-C6-K6-P6,IN-C6-K6-P6,Pusat
IN-C6-K6-P7,IN-C6-K6-P7,Pusat
IN-C6-K6-P9,IN-C6-K6-P9,Pusat
IN-C7-K1-P1,IN-C7-K1-P1,Pusat
IN-C7-K1-P10,IN-C7-K1-P10,Pusat
IN-C7-K1-P11,IN-C7-K1-P11,Pusat
IN-C7-K1-P13,IN-C7-K1-P13,Pusat
IN-C7-K1-P14,IN-C7-K1-P14,Pusat
IN-C7-K1-P15,IN-C7-K1-P15,Pusat
IN-C7-K1-P2,IN-C7-K1-P2,Pusat
IN-C7-K1-P3,IN-C7-K1-P3,Pusat
IN-C7-K1-P5,IN-C7-K1-P5,Pusat
IN-C7-K1-P6,IN-C7-K1-P6,Pusat
IN-C7-K1-P7,IN-C7-K1-P7,Pusat
IN-C7-K1-P9,IN-C7-K1-P9,Pusat
IN-C7-K2-P1,IN-C7-K2-P1,Pusat
IN-C7-K2-P10,IN-C7-K2-P10,Pusat
IN-C7-K2-P11,IN-C7-K2-P11,Pusat
IN-C7-K2-P13,IN-C7-K2-P13,Pusat
IN-C7-K2-P14,IN-C7-K2-P14,Pusat
IN-C7-K2-P15,IN-C7-K2-P15,Pusat
IN-C7-K2-P2,IN-C7-K2-P2,Pusat
IN-C7-K2-P3,IN-C7-K2-P3,Pusat
IN-C7-K2-P5,IN-C7-K2-P5,Pusat
IN-C7-K2-P6,IN-C7-K2-P6,Pusat
IN-C7-K2-P7,IN-C7-K2-P7,Pusat
IN-C7-K2-P9,IN-C7-K2-P9,Pusat
IN-C7-K3-P1,IN-C7-K3-P1,Pusat
IN-C7-K3-P10,IN-C7-K3-P10,Pusat
IN-C7-K3-P11,IN-C7-K3-P11,Pusat
IN-C7-K3-P13,IN-C7-K3-P13,Pusat
IN-C7-K3-P14,IN-C7-K3-P14,Pusat
IN-C7-K3-P15,IN-C7-K3-P15,Pusat
IN-C7-K3-P2,IN-C7-K3-P2,Pusat
IN-C7-K3-P3,IN-C7-K3-P3,Pusat
IN-C7-K3-P5,IN-C7-K3-P5,Pusat
IN-C7-K3-P6,IN-C7-K3-P6,Pusat
IN-C7-K3-P7,IN-C7-K3-P7,Pusat
IN-C7-K3-P9,IN-C7-K3-P9,Pusat
IN-C7-K4-P1,IN-C7-K4-P1,Pusat
IN-C7-K4-P10,IN-C7-K4-P10,Pusat
IN-C7-K4-P11,IN-C7-K4-P11,Pusat
IN-C7-K4-P13,IN-C7-K4-P13,Pusat
IN-C7-K4-P14,IN-C7-K4-P14,Pusat
IN-C7-K4-P15,IN-C7-K4-P15,Pusat
IN-C7-K4-P2,IN-C7-K4-P2,Pusat
IN-C7-K4-P3,IN-C7-K4-P3,Pusat
IN-C7-K4-P5,IN-C7-K4-P5,Pusat
IN-C7-K4-P6,IN-C7-K4-P6,Pusat
IN-C7-K4-P7,IN-C7-K4-P7,Pusat
IN-C7-K4-P9,IN-C7-K4-P9,Pusat
IN-C7-K5-P1,IN-C7-K5-P1,Pusat
IN-C7-K5-P10,IN-C7-K5-P10,Pusat
IN-C7-K5-P11,IN-C7-K5-P11,Pusat
IN-C7-K5-P13,IN-C7-K5-P13,Pusat
IN-C7-K5-P14,IN-C7-K5-P14,Pusat
IN-C7-K5-P15,IN-C7-K5-P15,Pusat
IN-C7-K5-P2,IN-C7-K5-P2,Pusat
IN-C7-K5-P3,IN-C7-K5-P3,Pusat
IN-C7-K5-P5,IN-C7-K5-P5,Pusat
IN-C7-K5-P6,IN-C7-K5-P6,Pusat
IN-C7-K5-P7,IN-C7-K5-P7,Pusat
IN-C7-K5-P9,IN-C7-K5-P9,Pusat
IN-C7-K6-P1,IN-C7-K6-P1,Pusat
IN-C7-K6-P10,IN-C7-K6-P10,Pusat
IN-C7-K6-P11,IN-C7-K6-P11,Pusat
IN-C7-K6-P13,IN-C7-K6-P13,Pusat
IN-C7-K6-P14,IN-C7-K6-P14,Pusat
IN-C7-K6-P15,IN-C7-K6-P15,Pusat
IN-C7-K6-P2,IN-C7-K6-P2,Pusat
IN-C7-K6-P3,IN-C7-K6-P3,Pusat
IN-C7-K6-P5,IN-C7-K6-P5,Pusat
IN-C7-K6-P6,IN-C7-K6-P6,Pusat
IN-C7-K6-P7,IN-C7-K6-P7,Pusat
IN-C7-K6-P9,IN-C7-K6-P9,Pusat
IN-C8-K1-P1,IN-C8-K1-P1,Pusat
IN-C8-K1-P10,IN-C8-K1-P10,Pusat
IN-C8-K1-P11,IN-C8-K1-P11,Pusat
IN-C8-K1-P13,IN-C8-K1-P13,Pusat
IN-C8-K1-P14,IN-C8-K1-P14,Pusat
IN-C8-K1-P15,IN-C8-K1-P15,Pusat
IN-C8-K1-P2,IN-C8-K1-P2,Pusat
IN-C8-K1-P3,IN-C8-K1-P3,Pusat
IN-C8-K1-P5,IN-C8-K1-P5,Pusat
IN-C8-K1-P6,IN-C8-K1-P6,Pusat
IN-C8-K1-P7,IN-C8-K1-P7,Pusat
IN-C8-K1-P9,IN-C8-K1-P9,Pusat
IN-C8-K2-P1,IN-C8-K2-P1,Pusat
IN-C8-K2-P10,IN-C8-K2-P10,Pusat
IN-C8-K2-P11,IN-C8-K2-P11,Pusat
IN-C8-K2-P13,IN-C8-K2-P13,Pusat
IN-C8-K2-P14,IN-C8-K2-P14,Pusat
IN-C8-K2-P15,IN-C8-K2-P15,Pusat
IN-C8-K2-P2,IN-C8-K2-P2,Pusat
IN-C8-K2-P3,IN-C8-K2-P3,Pusat
IN-C8-K2-P5,IN-C8-K2-P5,Pusat
IN-C8-K2-P6,IN-C8-K2-P6,Pusat
IN-C8-K2-P7,IN-C8-K2-P7,Pusat
IN-C8-K2-P9,IN-C8-K2-P9,Pusat
IN-C8-K3-P1,IN-C8-K3-P1,Pusat
IN-C8-K3-P10,IN-C8-K3-P10,Pusat
IN-C8-K3-P11,IN-C8-K3-P11,Pusat
IN-C8-K3-P13,IN-C8-K3-P13,Pusat
IN-C8-K3-P14,IN-C8-K3-P14,Pusat
IN-C8-K3-P15,IN-C8-K3-P15,Pusat
IN-C8-K3-P2,IN-C8-K3-P2,Pusat
IN-C8-K3-P3,IN-C8-K3-P3,Pusat
IN-C8-K3-P5,IN-C8-K3-P5,Pusat
IN-C8-K3-P6,IN-C8-K3-P6,Pusat
IN-C8-K3-P7,IN-C8-K3-P7,Pusat
IN-C8-K3-P9,IN-C8-K3-P9,Pusat
IN-C8-K4-P1,IN-C8-K4-P1,Pusat
IN-C8-K4-P10,IN-C8-K4-P10,Pusat
IN-C8-K4-P11,IN-C8-K4-P11,Pusat
IN-C8-K4-P13,IN-C8-K4-P13,Pusat
IN-C8-K4-P14,IN-C8-K4-P14,Pusat
IN-C8-K4-P15,IN-C8-K4-P15,Pusat
IN-C8-K4-P2,IN-C8-K4-P2,Pusat
IN-C8-K4-P3,IN-C8-K4-P3,Pusat
IN-C8-K4-P5,IN-C8-K4-P5,Pusat
IN-C8-K4-P6,IN-C8-K4-P6,Pusat
IN-C8-K4-P7,IN-C8-K4-P7,Pusat
IN-C8-K4-P9,IN-C8-K4-P9,Pusat
IN-C8-K5-P1,IN-C8-K5-P1,Pusat
IN-C8-K5-P10,IN-C8-K5-P10,Pusat
IN-C8-K5-P11,IN-C8-K5-P11,Pusat
IN-C8-K5-P13,IN-C8-K5-P13,Pusat
IN-C8-K5-P14,IN-C8-K5-P14,Pusat
IN-C8-K5-P15,IN-C8-K5-P15,Pusat
IN-C8-K5-P2,IN-C8-K5-P2,Pusat
IN-C8-K5-P3,IN-C8-K5-P3,Pusat
IN-C8-K5-P5,IN-C8-K5-P5,Pusat
IN-C8-K5-P6,IN-C8-K5-P6,Pusat
IN-C8-K5-P7,IN-C8-K5-P7,Pusat
IN-C8-K5-P9,IN-C8-K5-P9,Pusat
IN-C8-K6-P1,IN-C8-K6-P1,Pusat
IN-C8-K6-P10,IN-C8-K6-P10,Pusat
IN-C8-K6-P11,IN-C8-K6-P11,Pusat
IN-C8-K6-P13,IN-C8-K6-P13,Pusat
IN-C8-K6-P14,IN-C8-K6-P14,Pusat
IN-C8-K6-P15,IN-C8-K6-P15,Pusat
IN-C8-K6-P2,IN-C8-K6-P2,Pusat
IN-C8-K6-P3,IN-C8-K6-P3,Pusat
IN-C8-K6-P5,IN-C8-K6-P5,Pusat
IN-C8-K6-P6,IN-C8-K6-P6,Pusat
IN-C8-K6-P7,IN-C8-K6-P7,Pusat
IN-C8-K6-P9,IN-C8-K6-P9,Pusat
IN-C9-K1-P1,IN-C9-K1-P1,Pusat
IN-C9-K1-P10,IN-C9-K1-P10,Pusat
IN-C9-K1-P11,IN-C9-K1-P11,Pusat
IN-C9-K1-P12,IN-C9-K1-P12,Pusat
IN-C9-K1-P13,IN-C9-K1-P13,Pusat
IN-C9-K1-P14,IN-C9-K1-P14,Pusat
IN-C9-K1-P15,IN-C9-K1-P15,Pusat
IN-C9-K1-P2,IN-C9-K1-P2,Pusat
IN-C9-K1-P3,IN-C9-K1-P3,Pusat
IN-C9-K1-P5,IN-C9-K1-P5,Pusat
IN-C9-K1-P6,IN-C9-K1-P6,Pusat
IN-C9-K1-P7,IN-C9-K1-P7,Pusat
IN-C9-K1-P8,IN-C9-K1-P8,Pusat
IN-C9-K1-P9,IN-C9-K1-P9,Pusat
IN-C9-K2-P1,IN-C9-K2-P1,Pusat
IN-C9-K2-P10,IN-C9-K2-P10,Pusat
IN-C9-K2-P11,IN-C9-K2-P11,Pusat
IN-C9-K2-P12,IN-C9-K2-P12,Pusat
IN-C9-K2-P13,IN-C9-K2-P13,Pusat
IN-C9-K2-P14,IN-C9-K2-P14,Pusat
IN-C9-K2-P15,IN-C9-K2-P15,Pusat
IN-C9-K2-P2,IN-C9-K2-P2,Pusat
IN-C9-K2-P3,IN-C9-K2-P3,Pusat
IN-C9-K2-P5,IN-C9-K2-P5,Pusat
IN-C9-K2-P6,IN-C9-K2-P6,Pusat
IN-C9-K2-P7,IN-C9-K2-P7,Pusat
IN-C9-K2-P8,IN-C9-K2-P8,Pusat
IN-C9-K2-P9,IN-C9-K2-P9,Pusat
IN-C9-K3-P1,IN-C9-K3-P1,Pusat
IN-C9-K3-P10,IN-C9-K3-P10,Pusat
IN-C9-K3-P11,IN-C9-K3-P11,Pusat
IN-C9-K3-P12,IN-C9-K3-P12,Pusat
IN-C9-K3-P13,IN-C9-K3-P13,Pusat
IN-C9-K3-P14,IN-C9-K3-P14,Pusat
IN-C9-K3-P15,IN-C9-K3-P15,Pusat
IN-C9-K3-P2,IN-C9-K3-P2,Pusat
IN-C9-K3-P3,IN-C9-K3-P3,Pusat
IN-C9-K3-P5,IN-C9-K3-P5,Pusat
IN-C9-K3-P6,IN-C9-K3-P6,Pusat
IN-C9-K3-P7,IN-C9-K3-P7,Pusat
IN-C9-K3-P8,IN-C9-K3-P8,Pusat
IN-C9-K3-P9,IN-C9-K3-P9,Pusat
IN-C9-K4-P1,IN-C9-K4-P1,Pusat
IN-C9-K4-P10,IN-C9-K4-P10,Pusat
IN-C9-K4-P11,IN-C9-K4-P11,Pusat
IN-C9-K4-P12,IN-C9-K4-P12,Pusat
IN-C9-K4-P13,IN-C9-K4-P13,Pusat
IN-C9-K4-P14,IN-C9-K4-P14,Pusat
IN-C9-K4-P15,IN-C9-K4-P15,Pusat
IN-C9-K4-P2,IN-C9-K4-P2,Pusat
IN-C9-K4-P3,IN-C9-K4-P3,Pusat
IN-C9-K4-P5,IN-C9-K4-P5,Pusat
IN-C9-K4-P6,IN-C9-K4-P6,Pusat
IN-C9-K4-P7,IN-C9-K4-P7,Pusat
IN-C9-K4-P8,IN-C9-K4-P8,Pusat
IN-C9-K4-P9,IN-C9-K4-P9,Pusat
IN-C9-K5-P1,IN-C9-K5-P1,Pusat
IN-C9-K5-P10,IN-C9-K5-P10,Pusat
IN-C9-K5-P11,IN-C9-K5-P11,Pusat
IN-C9-K5-P12,IN-C9-K5-P12,Pusat
IN-C9-K5-P13,IN-C9-K5-P13,Pusat
IN-C9-K5-P14,IN-C9-K5-P14,Pusat
IN-C9-K5-P15,IN-C9-K5-P15,Pusat
IN-C9-K5-P2,IN-C9-K5-P2,Pusat
IN-C9-K5-P3,IN-C9-K5-P3,Pusat
IN-C9-K5-P5,IN-C9-K5-P5,Pusat
IN-C9-K5-P6,IN-C9-K5-P6,Pusat
IN-C9-K5-P7,IN-C9-K5-P7,Pusat
IN-C9-K5-P8,IN-C9-K5-P8,Pusat
IN-C9-K5-P9,IN-C9-K5-P9,Pusat
IN-C9-K6-P1,IN-C9-K6-P1,Pusat
IN-C9-K6-P10,IN-C9-K6-P10,Pusat
IN-C9-K6-P11,IN-C9-K6-P11,Pusat
IN-C9-K6-P12,IN-C9-K6-P12,Pusat
IN-C9-K6-P13,IN-C9-K6-P13,Pusat
IN-C9-K6-P14,IN-C9-K6-P14,Pusat
IN-C9-K6-P15,IN-C9-K6-P15,Pusat
IN-C9-K6-P2,IN-C9-K6-P2,Pusat
IN-C9-K6-P3,IN-C9-K6-P3,Pusat
IN-C9-K6-P5,IN-C9-K6-P5,Pusat
IN-C9-K6-P6,IN-C9-K6-P6,Pusat
IN-C9-K6-P7,IN-C9-K6-P7,Pusat
IN-C9-K6-P8,IN-C9-K6-P8,Pusat
IN-C9-K6-P9,IN-C9-K6-P9,Pusat
IN-G1-K1-P1,IN-G1-K1-P1,Pusat
LX-BX-KX-ADJUST,LX-BX-KX-ADJUST,Pusat
LX-BX-KX-RX-1,LX-BX-KX-RX-1,Pusat
LX-BX-KX-STG-1,LX-BX-KX-STG-1,Pusat
O-A1-K1-X10x,O-A1-K1-X10x,Pusat
O-A1-K1-X11x,O-A1-K1-X11x,Pusat
O-A1-K1-X12x,O-A1-K1-X12x,Pusat
O-A1-K1-X13x,O-A1-K1-X13x,Pusat
O-A1-K1-X14x,O-A1-K1-X14x,Pusat
O-A1-K1-X15x,O-A1-K1-X15x,Pusat
O-A1-K1-X16x,O-A1-K1-X16x,Pusat
O-A1-K1-X17x,O-A1-K1-X17x,Pusat
O-A1-K1-X18x,O-A1-K1-X18x,Pusat
O-A1-K1-X19x,O-A1-K1-X19x,Pusat
O-A1-K1-X1x,O-A1-K1-X1x,Pusat
O-A1-K1-X20x,O-A1-K1-X20x,Pusat
O-A1-K1-X21x,O-A1-K1-X21x,Pusat
O-A1-K1-X22x,O-A1-K1-X22x,Pusat
O-A1-K1-X23x,O-A1-K1-X23x,Pusat
O-A1-K1-X24x,O-A1-K1-X24x,Pusat
O-A1-K1-X25x,O-A1-K1-X25x,Pusat
O-A1-K1-X26x,O-A1-K1-X26x,Pusat
O-A1-K1-X27x,O-A1-K1-X27x,Pusat
O-A1-K1-X28x,O-A1-K1-X28x,Pusat
O-A1-K1-X29x,O-A1-K1-X29x,Pusat
O-A1-K1-X2x,O-A1-K1-X2x,Pusat
O-A1-K1-X30x,O-A1-K1-X30x,Pusat
O-A1-K1-X3x,O-A1-K1-X3x,Pusat
O-A1-K1-X4x,O-A1-K1-X4x,Pusat
O-A1-K1-X5x,O-A1-K1-X5x,Pusat
O-A1-K1-X6x,O-A1-K1-X6x,Pusat
O-A1-K1-X7x,O-A1-K1-X7x,Pusat
O-A1-K1-X8x,O-A1-K1-X8x,Pusat
O-A1-K1-X9x,O-A1-K1-X9x,Pusat
O-A1-K2-X10x,O-A1-K2-X10x,Pusat
O-A1-K2-X11x,O-A1-K2-X11x,Pusat
O-A1-K2-X12x,O-A1-K2-X12x,Pusat
O-A1-K2-X13x,O-A1-K2-X13x,Pusat
O-A1-K2-X14x,O-A1-K2-X14x,Pusat
O-A1-K2-X15x,O-A1-K2-X15x,Pusat
O-A1-K2-X16x,O-A1-K2-X16x,Pusat
O-A1-K2-X17x,O-A1-K2-X17x,Pusat
O-A1-K2-X18x,O-A1-K2-X18x,Pusat
O-A1-K2-X19x,O-A1-K2-X19x,Pusat
O-A1-K2-X1x,O-A1-K2-X1x,Pusat
O-A1-K2-X20x,O-A1-K2-X20x,Pusat
O-A1-K2-X21x,O-A1-K2-X21x,Pusat
O-A1-K2-X22x,O-A1-K2-X22x,Pusat
O-A1-K2-X23x,O-A1-K2-X23x,Pusat
O-A1-K2-X24x,O-A1-K2-X24x,Pusat
O-A1-K2-X25x,O-A1-K2-X25x,Pusat
O-A1-K2-X26x,O-A1-K2-X26x,Pusat
O-A1-K2-X27x,O-A1-K2-X27x,Pusat
O-A1-K2-X28x,O-A1-K2-X28x,Pusat
O-A1-K2-X29x,O-A1-K2-X29x,Pusat
O-A1-K2-X2x,O-A1-K2-X2x,Pusat
O-A1-K2-X30x,O-A1-K2-X30x,Pusat
O-A1-K2-X3x,O-A1-K2-X3x,Pusat
O-A1-K2-X4x,O-A1-K2-X4x,Pusat
O-A1-K2-X5x,O-A1-K2-X5x,Pusat
O-A1-K2-X6x,O-A1-K2-X6x,Pusat
O-A1-K2-X7x,O-A1-K2-X7x,Pusat
O-A1-K2-X8x,O-A1-K2-X8x,Pusat
O-A1-K2-X9x,O-A1-K2-X9x,Pusat
O-A1-K3-X10x,O-A1-K3-X10x,Pusat
O-A1-K3-X11x,O-A1-K3-X11x,Pusat
O-A1-K3-X12x,O-A1-K3-X12x,Pusat
O-A1-K3-X13x,O-A1-K3-X13x,Pusat
O-A1-K3-X14x,O-A1-K3-X14x,Pusat
O-A1-K3-X15x,O-A1-K3-X15x,Pusat
O-A1-K3-X16x,O-A1-K3-X16x,Pusat
O-A1-K3-X17x,O-A1-K3-X17x,Pusat
O-A1-K3-X18x,O-A1-K3-X18x,Pusat
O-A1-K3-X19x,O-A1-K3-X19x,Pusat
O-A1-K3-X1x,O-A1-K3-X1x,Pusat
O-A1-K3-X20x,O-A1-K3-X20x,Pusat
O-A1-K3-X21x,O-A1-K3-X21x,Pusat
O-A1-K3-X22x,O-A1-K3-X22x,Pusat
O-A1-K3-X23x,O-A1-K3-X23x,Pusat
O-A1-K3-X24x,O-A1-K3-X24x,Pusat
O-A1-K3-X25x,O-A1-K3-X25x,Pusat
O-A1-K3-X26x,O-A1-K3-X26x,Pusat
O-A1-K3-X27x,O-A1-K3-X27x,Pusat
O-A1-K3-X28x,O-A1-K3-X28x,Pusat
O-A1-K3-X29x,O-A1-K3-X29x,Pusat
O-A1-K3-X2x,O-A1-K3-X2x,Pusat
O-A1-K3-X30x,O-A1-K3-X30x,Pusat
O-A1-K3-X3x,O-A1-K3-X3x,Pusat
O-A1-K3-X4x,O-A1-K3-X4x,Pusat
O-A1-K3-X5x,O-A1-K3-X5x,Pusat
O-A1-K3-X6x,O-A1-K3-X6x,Pusat
O-A1-K3-X7x,O-A1-K3-X7x,Pusat
O-A1-K3-X8x,O-A1-K3-X8x,Pusat
O-A1-K3-X9x,O-A1-K3-X9x,Pusat
O-A1-K4-X10x,O-A1-K4-X10x,Pusat
O-A1-K4-X11x,O-A1-K4-X11x,Pusat
O-A1-K4-X12x,O-A1-K4-X12x,Pusat
O-A1-K4-X13x,O-A1-K4-X13x,Pusat
O-A1-K4-X14x,O-A1-K4-X14x,Pusat
O-A1-K4-X15x,O-A1-K4-X15x,Pusat
O-A1-K4-X16x,O-A1-K4-X16x,Pusat
O-A1-K4-X17x,O-A1-K4-X17x,Pusat
O-A1-K4-X18x,O-A1-K4-X18x,Pusat
O-A1-K4-X19x,O-A1-K4-X19x,Pusat
O-A1-K4-X1x,O-A1-K4-X1x,Pusat
O-A1-K4-X20x,O-A1-K4-X20x,Pusat
O-A1-K4-X21x,O-A1-K4-X21x,Pusat
O-A1-K4-X22x,O-A1-K4-X22x,Pusat
O-A1-K4-X23x,O-A1-K4-X23x,Pusat
O-A1-K4-X24x,O-A1-K4-X24x,Pusat
O-A1-K4-X25x,O-A1-K4-X25x,Pusat
O-A1-K4-X26x,O-A1-K4-X26x,Pusat
O-A1-K4-X27x,O-A1-K4-X27x,Pusat
O-A1-K4-X28x,O-A1-K4-X28x,Pusat
O-A1-K4-X29x,O-A1-K4-X29x,Pusat
O-A1-K4-X2x,O-A1-K4-X2x,Pusat
O-A1-K4-X30x,O-A1-K4-X30x,Pusat
O-A1-K4-X3x,O-A1-K4-X3x,Pusat
O-A1-K4-X4x,O-A1-K4-X4x,Pusat
O-A1-K4-X5x,O-A1-K4-X5x,Pusat
O-A1-K4-X6x,O-A1-K4-X6x,Pusat
O-A1-K4-X7x,O-A1-K4-X7x,Pusat
O-A1-K4-X8x,O-A1-K4-X8x,Pusat
O-A1-K4-X9x,O-A1-K4-X9x,Pusat
O-A1-K5-X10x,O-A1-K5-X10x,Pusat
O-A1-K5-X11x,O-A1-K5-X11x,Pusat
O-A1-K5-X12x,O-A1-K5-X12x,Pusat
O-A1-K5-X13x,O-A1-K5-X13x,Pusat
O-A1-K5-X14x,O-A1-K5-X14x,Pusat
O-A1-K5-X15x,O-A1-K5-X15x,Pusat
O-A1-K5-X16x,O-A1-K5-X16x,Pusat
O-A1-K5-X17x,O-A1-K5-X17x,Pusat
O-A1-K5-X18x,O-A1-K5-X18x,Pusat
O-A1-K5-X19x,O-A1-K5-X19x,Pusat
O-A1-K5-X1x,O-A1-K5-X1x,Pusat
O-A1-K5-X20x,O-A1-K5-X20x,Pusat
O-A1-K5-X21x,O-A1-K5-X21x,Pusat
O-A1-K5-X22x,O-A1-K5-X22x,Pusat
O-A1-K5-X23x,O-A1-K5-X23x,Pusat
O-A1-K5-X24x,O-A1-K5-X24x,Pusat
O-A1-K5-X25x,O-A1-K5-X25x,Pusat
O-A1-K5-X26x,O-A1-K5-X26x,Pusat
O-A1-K5-X27x,O-A1-K5-X27x,Pusat
O-A1-K5-X28x,O-A1-K5-X28x,Pusat
O-A1-K5-X29x,O-A1-K5-X29x,Pusat
O-A1-K5-X2x,O-A1-K5-X2x,Pusat
O-A1-K5-X30x,O-A1-K5-X30x,Pusat
O-A1-K5-X3x,O-A1-K5-X3x,Pusat
O-A1-K5-X4x,O-A1-K5-X4x,Pusat
O-A1-K5-X5x,O-A1-K5-X5x,Pusat
O-A1-K5-X6x,O-A1-K5-X6x,Pusat
O-A1-K5-X7x,O-A1-K5-X7x,Pusat
O-A1-K5-X8x,O-A1-K5-X8x,Pusat
O-A1-K5-X9x,O-A1-K5-X9x,Pusat
O-A1-K6-X10x,O-A1-K6-X10x,Pusat
O-A1-K6-X11x,O-A1-K6-X11x,Pusat
O-A1-K6-X12x,O-A1-K6-X12x,Pusat
O-A1-K6-X13x,O-A1-K6-X13x,Pusat
O-A1-K6-X14x,O-A1-K6-X14x,Pusat
O-A1-K6-X15x,O-A1-K6-X15x,Pusat
O-A1-K6-X16x,O-A1-K6-X16x,Pusat
O-A1-K6-X17x,O-A1-K6-X17x,Pusat
O-A1-K6-X18x,O-A1-K6-X18x,Pusat
O-A1-K6-X19x,O-A1-K6-X19x,Pusat
O-A1-K6-X1x,O-A1-K6-X1x,Pusat
O-A1-K6-X20x,O-A1-K6-X20x,Pusat
O-A1-K6-X21x,O-A1-K6-X21x,Pusat
O-A1-K6-X22x,O-A1-K6-X22x,Pusat
O-A1-K6-X23x,O-A1-K6-X23x,Pusat
O-A1-K6-X24x,O-A1-K6-X24x,Pusat
O-A1-K6-X25x,O-A1-K6-X25x,Pusat
O-A1-K6-X26x,O-A1-K6-X26x,Pusat
O-A1-K6-X27x,O-A1-K6-X27x,Pusat
O-A1-K6-X28x,O-A1-K6-X28x,Pusat
O-A1-K6-X29x,O-A1-K6-X29x,Pusat
O-A1-K6-X2x,O-A1-K6-X2x,Pusat
O-A1-K6-X30x,O-A1-K6-X30x,Pusat
O-A1-K6-X3x,O-A1-K6-X3x,Pusat
O-A1-K6-X4x,O-A1-K6-X4x,Pusat
O-A1-K6-X5x,O-A1-K6-X5x,Pusat
O-A1-K6-X6x,O-A1-K6-X6x,Pusat
O-A1-K6-X7x,O-A1-K6-X7x,Pusat
O-A1-K6-X8x,O-A1-K6-X8x,Pusat
O-A1-K6-X9x,O-A1-K6-X9x,Pusat
O-A1-K7-X10x,O-A1-K7-X10x,Pusat
O-A1-K7-X11x,O-A1-K7-X11x,Pusat
O-A1-K7-X12x,O-A1-K7-X12x,Pusat
O-A1-K7-X13x,O-A1-K7-X13x,Pusat
O-A1-K7-X14x,O-A1-K7-X14x,Pusat
O-A1-K7-X15x,O-A1-K7-X15x,Pusat
O-A1-K7-X16x,O-A1-K7-X16x,Pusat
O-A1-K7-X17x,O-A1-K7-X17x,Pusat
O-A1-K7-X18x,O-A1-K7-X18x,Pusat
O-A1-K7-X19x,O-A1-K7-X19x,Pusat
O-A1-K7-X1x,O-A1-K7-X1x,Pusat
O-A1-K7-X20x,O-A1-K7-X20x,Pusat
O-A1-K7-X21x,O-A1-K7-X21x,Pusat
O-A1-K7-X22x,O-A1-K7-X22x,Pusat
O-A1-K7-X23x,O-A1-K7-X23x,Pusat
O-A1-K7-X24x,O-A1-K7-X24x,Pusat
O-A1-K7-X25x,O-A1-K7-X25x,Pusat
O-A1-K7-X26x,O-A1-K7-X26x,Pusat
O-A1-K7-X27x,O-A1-K7-X27x,Pusat
O-A1-K7-X28x,O-A1-K7-X28x,Pusat
O-A1-K7-X29x,O-A1-K7-X29x,Pusat
O-A1-K7-X2x,O-A1-K7-X2x,Pusat
O-A1-K7-X30x,O-A1-K7-X30x,Pusat
O-A1-K7-X3x,O-A1-K7-X3x,Pusat
O-A1-K7-X4x,O-A1-K7-X4x,Pusat
O-A1-K7-X5x,O-A1-K7-X5x,Pusat
O-A1-K7-X6x,O-A1-K7-X6x,Pusat
O-A1-K7-X7x,O-A1-K7-X7x,Pusat
O-A1-K7-X8x,O-A1-K7-X8x,Pusat
O-A1-K7-X9x,O-A1-K7-X9x,Pusat
O-A10-K1-X10x,O-A10-K1-X10x,Pusat
O-A10-K1-X11x,O-A10-K1-X11x,Pusat
O-A10-K1-X12x,O-A10-K1-X12x,Pusat
O-A10-K1-X13x,O-A10-K1-X13x,Pusat
O-A10-K1-X14x,O-A10-K1-X14x,Pusat
O-A10-K1-X15x,O-A10-K1-X15x,Pusat
O-A10-K1-X16x,O-A10-K1-X16x,Pusat
O-A10-K1-X17x,O-A10-K1-X17x,Pusat
O-A10-K1-X18x,O-A10-K1-X18x,Pusat
O-A10-K1-X19x,O-A10-K1-X19x,Pusat
O-A10-K1-X1x,O-A10-K1-X1x,Pusat
O-A10-K1-X20x,O-A10-K1-X20x,Pusat
O-A10-K1-X21x,O-A10-K1-X21x,Pusat
O-A10-K1-X22x,O-A10-K1-X22x,Pusat
O-A10-K1-X23x,O-A10-K1-X23x,Pusat
O-A10-K1-X24x,O-A10-K1-X24x,Pusat
O-A10-K1-X25x,O-A10-K1-X25x,Pusat
O-A10-K1-X26x,O-A10-K1-X26x,Pusat
O-A10-K1-X27x,O-A10-K1-X27x,Pusat
O-A10-K1-X28x,O-A10-K1-X28x,Pusat
O-A10-K1-X29x,O-A10-K1-X29x,Pusat
O-A10-K1-X2x,O-A10-K1-X2x,Pusat
O-A10-K1-X30x,O-A10-K1-X30x,Pusat
O-A10-K1-X3x,O-A10-K1-X3x,Pusat
O-A10-K1-X4x,O-A10-K1-X4x,Pusat
O-A10-K1-X5x,O-A10-K1-X5x,Pusat
O-A10-K1-X6x,O-A10-K1-X6x,Pusat
O-A10-K1-X7x,O-A10-K1-X7x,Pusat
O-A10-K1-X8x,O-A10-K1-X8x,Pusat
O-A10-K1-X9x,O-A10-K1-X9x,Pusat
O-A10-K2-X10x,O-A10-K2-X10x,Pusat
O-A10-K2-X11x,O-A10-K2-X11x,Pusat
O-A10-K2-X12x,O-A10-K2-X12x,Pusat
O-A10-K2-X13x,O-A10-K2-X13x,Pusat
O-A10-K2-X14x,O-A10-K2-X14x,Pusat
O-A10-K2-X15x,O-A10-K2-X15x,Pusat
O-A10-K2-X16x,O-A10-K2-X16x,Pusat
O-A10-K2-X17x,O-A10-K2-X17x,Pusat
O-A10-K2-X18x,O-A10-K2-X18x,Pusat
O-A10-K2-X19x,O-A10-K2-X19x,Pusat
O-A10-K2-X1x,O-A10-K2-X1x,Pusat
O-A10-K2-X20x,O-A10-K2-X20x,Pusat
O-A10-K2-X21x,O-A10-K2-X21x,Pusat
O-A10-K2-X22x,O-A10-K2-X22x,Pusat
O-A10-K2-X23x,O-A10-K2-X23x,Pusat
O-A10-K2-X24x,O-A10-K2-X24x,Pusat
O-A10-K2-X25x,O-A10-K2-X25x,Pusat
O-A10-K2-X26x,O-A10-K2-X26x,Pusat
O-A10-K2-X27x,O-A10-K2-X27x,Pusat
O-A10-K2-X28x,O-A10-K2-X28x,Pusat
O-A10-K2-X29x,O-A10-K2-X29x,Pusat
O-A10-K2-X2x,O-A10-K2-X2x,Pusat
O-A10-K2-X30x,O-A10-K2-X30x,Pusat
O-A10-K2-X3x,O-A10-K2-X3x,Pusat
O-A10-K2-X4x,O-A10-K2-X4x,Pusat
O-A10-K2-X5x,O-A10-K2-X5x,Pusat
O-A10-K2-X6x,O-A10-K2-X6x,Pusat
O-A10-K2-X7x,O-A10-K2-X7x,Pusat
O-A10-K2-X8x,O-A10-K2-X8x,Pusat
O-A10-K2-X9x,O-A10-K2-X9x,Pusat
O-A10-K3-X10x,O-A10-K3-X10x,Pusat
O-A10-K3-X11x,O-A10-K3-X11x,Pusat
O-A10-K3-X12x,O-A10-K3-X12x,Pusat
O-A10-K3-X13x,O-A10-K3-X13x,Pusat
O-A10-K3-X14x,O-A10-K3-X14x,Pusat
O-A10-K3-X15x,O-A10-K3-X15x,Pusat
O-A10-K3-X16x,O-A10-K3-X16x,Pusat
O-A10-K3-X17x,O-A10-K3-X17x,Pusat
O-A10-K3-X18x,O-A10-K3-X18x,Pusat
O-A10-K3-X19x,O-A10-K3-X19x,Pusat
O-A10-K3-X1x,O-A10-K3-X1x,Pusat
O-A10-K3-X20x,O-A10-K3-X20x,Pusat
O-A10-K3-X21x,O-A10-K3-X21x,Pusat
O-A10-K3-X22x,O-A10-K3-X22x,Pusat
O-A10-K3-X23x,O-A10-K3-X23x,Pusat
O-A10-K3-X24x,O-A10-K3-X24x,Pusat
O-A10-K3-X25x,O-A10-K3-X25x,Pusat
O-A10-K3-X26x,O-A10-K3-X26x,Pusat
O-A10-K3-X27x,O-A10-K3-X27x,Pusat
O-A10-K3-X28x,O-A10-K3-X28x,Pusat
O-A10-K3-X29x,O-A10-K3-X29x,Pusat
O-A10-K3-X2x,O-A10-K3-X2x,Pusat
O-A10-K3-X30x,O-A10-K3-X30x,Pusat
O-A10-K3-X3x,O-A10-K3-X3x,Pusat
O-A10-K3-X4x,O-A10-K3-X4x,Pusat
O-A10-K3-X5x,O-A10-K3-X5x,Pusat
O-A10-K3-X6x,O-A10-K3-X6x,Pusat
O-A10-K3-X7x,O-A10-K3-X7x,Pusat
O-A10-K3-X8x,O-A10-K3-X8x,Pusat
O-A10-K3-X9x,O-A10-K3-X9x,Pusat
O-A10-K4-X10x,O-A10-K4-X10x,Pusat
O-A10-K4-X11x,O-A10-K4-X11x,Pusat
O-A10-K4-X12x,O-A10-K4-X12x,Pusat
O-A10-K4-X13x,O-A10-K4-X13x,Pusat
O-A10-K4-X14x,O-A10-K4-X14x,Pusat
O-A10-K4-X15x,O-A10-K4-X15x,Pusat
O-A10-K4-X16x,O-A10-K4-X16x,Pusat
O-A10-K4-X17x,O-A10-K4-X17x,Pusat
O-A10-K4-X18x,O-A10-K4-X18x,Pusat
O-A10-K4-X19x,O-A10-K4-X19x,Pusat
O-A10-K4-X1x,O-A10-K4-X1x,Pusat
O-A10-K4-X20x,O-A10-K4-X20x,Pusat
O-A10-K4-X21x,O-A10-K4-X21x,Pusat
O-A10-K4-X22x,O-A10-K4-X22x,Pusat
O-A10-K4-X23x,O-A10-K4-X23x,Pusat
O-A10-K4-X24x,O-A10-K4-X24x,Pusat
O-A10-K4-X25x,O-A10-K4-X25x,Pusat
O-A10-K4-X26x,O-A10-K4-X26x,Pusat
O-A10-K4-X27x,O-A10-K4-X27x,Pusat
O-A10-K4-X28x,O-A10-K4-X28x,Pusat
O-A10-K4-X29x,O-A10-K4-X29x,Pusat
O-A10-K4-X2x,O-A10-K4-X2x,Pusat
O-A10-K4-X30x,O-A10-K4-X30x,Pusat
O-A10-K4-X3x,O-A10-K4-X3x,Pusat
O-A10-K4-X4x,O-A10-K4-X4x,Pusat
O-A10-K4-X5x,O-A10-K4-X5x,Pusat
O-A10-K4-X6x,O-A10-K4-X6x,Pusat
O-A10-K4-X7x,O-A10-K4-X7x,Pusat
O-A10-K4-X8x,O-A10-K4-X8x,Pusat
O-A10-K4-X9x,O-A10-K4-X9x,Pusat
O-A10-K5-X10x,O-A10-K5-X10x,Pusat
O-A10-K5-X11x,O-A10-K5-X11x,Pusat
O-A10-K5-X12x,O-A10-K5-X12x,Pusat
O-A10-K5-X13x,O-A10-K5-X13x,Pusat
O-A10-K5-X14x,O-A10-K5-X14x,Pusat
O-A10-K5-X15x,O-A10-K5-X15x,Pusat
O-A10-K5-X16x,O-A10-K5-X16x,Pusat
O-A10-K5-X17x,O-A10-K5-X17x,Pusat
O-A10-K5-X18x,O-A10-K5-X18x,Pusat
O-A10-K5-X19x,O-A10-K5-X19x,Pusat
O-A10-K5-X1x,O-A10-K5-X1x,Pusat
O-A10-K5-X20x,O-A10-K5-X20x,Pusat
O-A10-K5-X21x,O-A10-K5-X21x,Pusat
O-A10-K5-X22x,O-A10-K5-X22x,Pusat
O-A10-K5-X23x,O-A10-K5-X23x,Pusat
O-A10-K5-X24x,O-A10-K5-X24x,Pusat
O-A10-K5-X25x,O-A10-K5-X25x,Pusat
O-A10-K5-X26x,O-A10-K5-X26x,Pusat
O-A10-K5-X27x,O-A10-K5-X27x,Pusat
O-A10-K5-X28x,O-A10-K5-X28x,Pusat
O-A10-K5-X29x,O-A10-K5-X29x,Pusat
O-A10-K5-X2x,O-A10-K5-X2x,Pusat
O-A10-K5-X30x,O-A10-K5-X30x,Pusat
O-A10-K5-X3x,O-A10-K5-X3x,Pusat
O-A10-K5-X4x,O-A10-K5-X4x,Pusat
O-A10-K5-X5x,O-A10-K5-X5x,Pusat
O-A10-K5-X6x,O-A10-K5-X6x,Pusat
O-A10-K5-X7x,O-A10-K5-X7x,Pusat
O-A10-K5-X8x,O-A10-K5-X8x,Pusat
O-A10-K5-X9x,O-A10-K5-X9x,Pusat
O-A10-K6-X10x,O-A10-K6-X10x,Pusat
O-A10-K6-X11x,O-A10-K6-X11x,Pusat
O-A10-K6-X12x,O-A10-K6-X12x,Pusat
O-A10-K6-X13x,O-A10-K6-X13x,Pusat
O-A10-K6-X14x,O-A10-K6-X14x,Pusat
O-A10-K6-X15x,O-A10-K6-X15x,Pusat
O-A10-K6-X16x,O-A10-K6-X16x,Pusat
O-A10-K6-X17x,O-A10-K6-X17x,Pusat
O-A10-K6-X18x,O-A10-K6-X18x,Pusat
O-A10-K6-X19x,O-A10-K6-X19x,Pusat
O-A10-K6-X1x,O-A10-K6-X1x,Pusat
O-A10-K6-X20x,O-A10-K6-X20x,Pusat
O-A10-K6-X21x,O-A10-K6-X21x,Pusat
O-A10-K6-X22x,O-A10-K6-X22x,Pusat
O-A10-K6-X23x,O-A10-K6-X23x,Pusat
O-A10-K6-X24x,O-A10-K6-X24x,Pusat
O-A10-K6-X25x,O-A10-K6-X25x,Pusat
O-A10-K6-X26x,O-A10-K6-X26x,Pusat
O-A10-K6-X27x,O-A10-K6-X27x,Pusat
O-A10-K6-X28x,O-A10-K6-X28x,Pusat
O-A10-K6-X29x,O-A10-K6-X29x,Pusat
O-A10-K6-X2x,O-A10-K6-X2x,Pusat
O-A10-K6-X30x,O-A10-K6-X30x,Pusat
O-A10-K6-X3x,O-A10-K6-X3x,Pusat
O-A10-K6-X4x,O-A10-K6-X4x,Pusat
O-A10-K6-X5x,O-A10-K6-X5x,Pusat
O-A10-K6-X6x,O-A10-K6-X6x,Pusat
O-A10-K6-X7x,O-A10-K6-X7x,Pusat
O-A10-K6-X8x,O-A10-K6-X8x,Pusat
O-A10-K6-X9x,O-A10-K6-X9x,Pusat
O-A10-K7-X10x,O-A10-K7-X10x,Pusat
O-A10-K7-X11x,O-A10-K7-X11x,Pusat
O-A10-K7-X12x,O-A10-K7-X12x,Pusat
O-A10-K7-X13x,O-A10-K7-X13x,Pusat
O-A10-K7-X14x,O-A10-K7-X14x,Pusat
O-A10-K7-X15x,O-A10-K7-X15x,Pusat
O-A10-K7-X16x,O-A10-K7-X16x,Pusat
O-A10-K7-X17x,O-A10-K7-X17x,Pusat
O-A10-K7-X18x,O-A10-K7-X18x,Pusat
O-A10-K7-X19x,O-A10-K7-X19x,Pusat
O-A10-K7-X1x,O-A10-K7-X1x,Pusat
O-A10-K7-X20x,O-A10-K7-X20x,Pusat
O-A10-K7-X21x,O-A10-K7-X21x,Pusat
O-A10-K7-X22x,O-A10-K7-X22x,Pusat
O-A10-K7-X23x,O-A10-K7-X23x,Pusat
O-A10-K7-X24x,O-A10-K7-X24x,Pusat
O-A10-K7-X25x,O-A10-K7-X25x,Pusat
O-A10-K7-X26x,O-A10-K7-X26x,Pusat
O-A10-K7-X27x,O-A10-K7-X27x,Pusat
O-A10-K7-X28x,O-A10-K7-X28x,Pusat
O-A10-K7-X29x,O-A10-K7-X29x,Pusat
O-A10-K7-X2x,O-A10-K7-X2x,Pusat
O-A10-K7-X30x,O-A10-K7-X30x,Pusat
O-A10-K7-X3x,O-A10-K7-X3x,Pusat
O-A10-K7-X4x,O-A10-K7-X4x,Pusat
O-A10-K7-X5x,O-A10-K7-X5x,Pusat
O-A10-K7-X6x,O-A10-K7-X6x,Pusat
O-A10-K7-X7x,O-A10-K7-X7x,Pusat
O-A10-K7-X8x,O-A10-K7-X8x,Pusat
O-A10-K7-X9x,O-A10-K7-X9x,Pusat
O-A11-K1-X10x,O-A11-K1-X10x,Pusat
O-A11-K1-X11x,O-A11-K1-X11x,Pusat
O-A11-K1-X12x,O-A11-K1-X12x,Pusat
O-A11-K1-X13x,O-A11-K1-X13x,Pusat
O-A11-K1-X14x,O-A11-K1-X14x,Pusat
O-A11-K1-X15x,O-A11-K1-X15x,Pusat
O-A11-K1-X16x,O-A11-K1-X16x,Pusat
O-A11-K1-X17x,O-A11-K1-X17x,Pusat
O-A11-K1-X18x,O-A11-K1-X18x,Pusat
O-A11-K1-X19x,O-A11-K1-X19x,Pusat
O-A11-K1-X1x,O-A11-K1-X1x,Pusat
O-A11-K1-X20x,O-A11-K1-X20x,Pusat
O-A11-K1-X21x,O-A11-K1-X21x,Pusat
O-A11-K1-X22x,O-A11-K1-X22x,Pusat
O-A11-K1-X23x,O-A11-K1-X23x,Pusat
O-A11-K1-X24x,O-A11-K1-X24x,Pusat
O-A11-K1-X25x,O-A11-K1-X25x,Pusat
O-A11-K1-X26x,O-A11-K1-X26x,Pusat
O-A11-K1-X27x,O-A11-K1-X27x,Pusat
O-A11-K1-X28x,O-A11-K1-X28x,Pusat
O-A11-K1-X29x,O-A11-K1-X29x,Pusat
O-A11-K1-X2x,O-A11-K1-X2x,Pusat
O-A11-K1-X30x,O-A11-K1-X30x,Pusat
O-A11-K1-X3x,O-A11-K1-X3x,Pusat
O-A11-K1-X4x,O-A11-K1-X4x,Pusat
O-A11-K1-X5x,O-A11-K1-X5x,Pusat
O-A11-K1-X6x,O-A11-K1-X6x,Pusat
O-A11-K1-X7x,O-A11-K1-X7x,Pusat
O-A11-K1-X8x,O-A11-K1-X8x,Pusat
O-A11-K1-X9x,O-A11-K1-X9x,Pusat
O-A11-K2-X10x,O-A11-K2-X10x,Pusat
O-A11-K2-X11x,O-A11-K2-X11x,Pusat
O-A11-K2-X12x,O-A11-K2-X12x,Pusat
O-A11-K2-X13x,O-A11-K2-X13x,Pusat
O-A11-K2-X14x,O-A11-K2-X14x,Pusat
O-A11-K2-X15x,O-A11-K2-X15x,Pusat
O-A11-K2-X16x,O-A11-K2-X16x,Pusat
O-A11-K2-X17x,O-A11-K2-X17x,Pusat
O-A11-K2-X18x,O-A11-K2-X18x,Pusat
O-A11-K2-X19x,O-A11-K2-X19x,Pusat
O-A11-K2-X1x,O-A11-K2-X1x,Pusat
O-A11-K2-X20x,O-A11-K2-X20x,Pusat
O-A11-K2-X21x,O-A11-K2-X21x,Pusat
O-A11-K2-X22x,O-A11-K2-X22x,Pusat
O-A11-K2-X23x,O-A11-K2-X23x,Pusat
O-A11-K2-X24x,O-A11-K2-X24x,Pusat
O-A11-K2-X25x,O-A11-K2-X25x,Pusat
O-A11-K2-X26x,O-A11-K2-X26x,Pusat
O-A11-K2-X27x,O-A11-K2-X27x,Pusat
O-A11-K2-X28x,O-A11-K2-X28x,Pusat
O-A11-K2-X29x,O-A11-K2-X29x,Pusat
O-A11-K2-X2x,O-A11-K2-X2x,Pusat
O-A11-K2-X30x,O-A11-K2-X30x,Pusat
O-A11-K2-X3x,O-A11-K2-X3x,Pusat
O-A11-K2-X4x,O-A11-K2-X4x,Pusat
O-A11-K2-X5x,O-A11-K2-X5x,Pusat
O-A11-K2-X6x,O-A11-K2-X6x,Pusat
O-A11-K2-X7x,O-A11-K2-X7x,Pusat
O-A11-K2-X8x,O-A11-K2-X8x,Pusat
O-A11-K2-X9x,O-A11-K2-X9x,Pusat
O-A11-K3-X10x,O-A11-K3-X10x,Pusat
O-A11-K3-X11x,O-A11-K3-X11x,Pusat
O-A11-K3-X12x,O-A11-K3-X12x,Pusat
O-A11-K3-X13x,O-A11-K3-X13x,Pusat
O-A11-K3-X14x,O-A11-K3-X14x,Pusat
O-A11-K3-X15x,O-A11-K3-X15x,Pusat
O-A11-K3-X16x,O-A11-K3-X16x,Pusat
O-A11-K3-X17x,O-A11-K3-X17x,Pusat
O-A11-K3-X18x,O-A11-K3-X18x,Pusat
O-A11-K3-X19x,O-A11-K3-X19x,Pusat
O-A11-K3-X1x,O-A11-K3-X1x,Pusat
O-A11-K3-X20x,O-A11-K3-X20x,Pusat
O-A11-K3-X21x,O-A11-K3-X21x,Pusat
O-A11-K3-X22x,O-A11-K3-X22x,Pusat
O-A11-K3-X23x,O-A11-K3-X23x,Pusat
O-A11-K3-X24x,O-A11-K3-X24x,Pusat
O-A11-K3-X25x,O-A11-K3-X25x,Pusat
O-A11-K3-X26x,O-A11-K3-X26x,Pusat
O-A11-K3-X27x,O-A11-K3-X27x,Pusat
O-A11-K3-X28x,O-A11-K3-X28x,Pusat
O-A11-K3-X29x,O-A11-K3-X29x,Pusat
O-A11-K3-X2x,O-A11-K3-X2x,Pusat
O-A11-K3-X30x,O-A11-K3-X30x,Pusat
O-A11-K3-X3x,O-A11-K3-X3x,Pusat
O-A11-K3-X4x,O-A11-K3-X4x,Pusat
O-A11-K3-X5x,O-A11-K3-X5x,Pusat
O-A11-K3-X6x,O-A11-K3-X6x,Pusat
O-A11-K3-X7x,O-A11-K3-X7x,Pusat
O-A11-K3-X8x,O-A11-K3-X8x,Pusat
O-A11-K3-X9x,O-A11-K3-X9x,Pusat
O-A11-K4-X10x,O-A11-K4-X10x,Pusat
O-A11-K4-X11x,O-A11-K4-X11x,Pusat
O-A11-K4-X12x,O-A11-K4-X12x,Pusat
O-A11-K4-X13x,O-A11-K4-X13x,Pusat
O-A11-K4-X14x,O-A11-K4-X14x,Pusat
O-A11-K4-X15x,O-A11-K4-X15x,Pusat
O-A11-K4-X16x,O-A11-K4-X16x,Pusat
O-A11-K4-X17x,O-A11-K4-X17x,Pusat
O-A11-K4-X18x,O-A11-K4-X18x,Pusat
O-A11-K4-X19x,O-A11-K4-X19x,Pusat
O-A11-K4-X1x,O-A11-K4-X1x,Pusat
O-A11-K4-X20x,O-A11-K4-X20x,Pusat
O-A11-K4-X21x,O-A11-K4-X21x,Pusat
O-A11-K4-X22x,O-A11-K4-X22x,Pusat
O-A11-K4-X23x,O-A11-K4-X23x,Pusat
O-A11-K4-X24x,O-A11-K4-X24x,Pusat
O-A11-K4-X25x,O-A11-K4-X25x,Pusat
O-A11-K4-X26x,O-A11-K4-X26x,Pusat
O-A11-K4-X27x,O-A11-K4-X27x,Pusat
O-A11-K4-X28x,O-A11-K4-X28x,Pusat
O-A11-K4-X29x,O-A11-K4-X29x,Pusat
O-A11-K4-X2x,O-A11-K4-X2x,Pusat
O-A11-K4-X30x,O-A11-K4-X30x,Pusat
O-A11-K4-X3x,O-A11-K4-X3x,Pusat
O-A11-K4-X4x,O-A11-K4-X4x,Pusat
O-A11-K4-X5x,O-A11-K4-X5x,Pusat
O-A11-K4-X6x,O-A11-K4-X6x,Pusat
O-A11-K4-X7x,O-A11-K4-X7x,Pusat
O-A11-K4-X8x,O-A11-K4-X8x,Pusat
O-A11-K4-X9x,O-A11-K4-X9x,Pusat
O-A11-K5-X10x,O-A11-K5-X10x,Pusat
O-A11-K5-X11x,O-A11-K5-X11x,Pusat
O-A11-K5-X12x,O-A11-K5-X12x,Pusat
O-A11-K5-X13x,O-A11-K5-X13x,Pusat
O-A11-K5-X14x,O-A11-K5-X14x,Pusat
O-A11-K5-X15x,O-A11-K5-X15x,Pusat
O-A11-K5-X16x,O-A11-K5-X16x,Pusat
O-A11-K5-X17x,O-A11-K5-X17x,Pusat
O-A11-K5-X18x,O-A11-K5-X18x,Pusat
O-A11-K5-X19x,O-A11-K5-X19x,Pusat
O-A11-K5-X1x,O-A11-K5-X1x,Pusat
O-A11-K5-X20x,O-A11-K5-X20x,Pusat
O-A11-K5-X21x,O-A11-K5-X21x,Pusat
O-A11-K5-X22x,O-A11-K5-X22x,Pusat
O-A11-K5-X23x,O-A11-K5-X23x,Pusat
O-A11-K5-X24x,O-A11-K5-X24x,Pusat
O-A11-K5-X25x,O-A11-K5-X25x,Pusat
O-A11-K5-X26x,O-A11-K5-X26x,Pusat
O-A11-K5-X27x,O-A11-K5-X27x,Pusat
O-A11-K5-X28x,O-A11-K5-X28x,Pusat
O-A11-K5-X29x,O-A11-K5-X29x,Pusat
O-A11-K5-X2x,O-A11-K5-X2x,Pusat
O-A11-K5-X30x,O-A11-K5-X30x,Pusat
O-A11-K5-X3x,O-A11-K5-X3x,Pusat
O-A11-K5-X4x,O-A11-K5-X4x,Pusat
O-A11-K5-X5x,O-A11-K5-X5x,Pusat
O-A11-K5-X6x,O-A11-K5-X6x,Pusat
O-A11-K5-X7x,O-A11-K5-X7x,Pusat
O-A11-K5-X8x,O-A11-K5-X8x,Pusat
O-A11-K5-X9x,O-A11-K5-X9x,Pusat
O-A11-K6-X10x,O-A11-K6-X10x,Pusat
O-A11-K6-X11x,O-A11-K6-X11x,Pusat
O-A11-K6-X12x,O-A11-K6-X12x,Pusat
O-A11-K6-X13x,O-A11-K6-X13x,Pusat
O-A11-K6-X14x,O-A11-K6-X14x,Pusat
O-A11-K6-X15x,O-A11-K6-X15x,Pusat
O-A11-K6-X16x,O-A11-K6-X16x,Pusat
O-A11-K6-X17x,O-A11-K6-X17x,Pusat
O-A11-K6-X18x,O-A11-K6-X18x,Pusat
O-A11-K6-X19x,O-A11-K6-X19x,Pusat
O-A11-K6-X1x,O-A11-K6-X1x,Pusat
O-A11-K6-X20x,O-A11-K6-X20x,Pusat
O-A11-K6-X21x,O-A11-K6-X21x,Pusat
O-A11-K6-X22x,O-A11-K6-X22x,Pusat
O-A11-K6-X23x,O-A11-K6-X23x,Pusat
O-A11-K6-X24x,O-A11-K6-X24x,Pusat
O-A11-K6-X25x,O-A11-K6-X25x,Pusat
O-A11-K6-X26x,O-A11-K6-X26x,Pusat
O-A11-K6-X27x,O-A11-K6-X27x,Pusat
O-A11-K6-X28x,O-A11-K6-X28x,Pusat
O-A11-K6-X29x,O-A11-K6-X29x,Pusat
O-A11-K6-X2x,O-A11-K6-X2x,Pusat
O-A11-K6-X30x,O-A11-K6-X30x,Pusat
O-A11-K6-X3x,O-A11-K6-X3x,Pusat
O-A11-K6-X4x,O-A11-K6-X4x,Pusat
O-A11-K6-X5x,O-A11-K6-X5x,Pusat
O-A11-K6-X6x,O-A11-K6-X6x,Pusat
O-A11-K6-X7x,O-A11-K6-X7x,Pusat
O-A11-K6-X8x,O-A11-K6-X8x,Pusat
O-A11-K6-X9x,O-A11-K6-X9x,Pusat
O-A11-K7-X10x,O-A11-K7-X10x,Pusat
O-A11-K7-X11x,O-A11-K7-X11x,Pusat
O-A11-K7-X12x,O-A11-K7-X12x,Pusat
O-A11-K7-X13x,O-A11-K7-X13x,Pusat
O-A11-K7-X14x,O-A11-K7-X14x,Pusat
O-A11-K7-X15x,O-A11-K7-X15x,Pusat
O-A11-K7-X16x,O-A11-K7-X16x,Pusat
O-A11-K7-X17x,O-A11-K7-X17x,Pusat
O-A11-K7-X18x,O-A11-K7-X18x,Pusat
O-A11-K7-X19x,O-A11-K7-X19x,Pusat
O-A11-K7-X1x,O-A11-K7-X1x,Pusat
O-A11-K7-X20x,O-A11-K7-X20x,Pusat
O-A11-K7-X21x,O-A11-K7-X21x,Pusat
O-A11-K7-X22x,O-A11-K7-X22x,Pusat
O-A11-K7-X23x,O-A11-K7-X23x,Pusat
O-A11-K7-X24x,O-A11-K7-X24x,Pusat
O-A11-K7-X25x,O-A11-K7-X25x,Pusat
O-A11-K7-X26x,O-A11-K7-X26x,Pusat
O-A11-K7-X27x,O-A11-K7-X27x,Pusat
O-A11-K7-X28x,O-A11-K7-X28x,Pusat
O-A11-K7-X29x,O-A11-K7-X29x,Pusat
O-A11-K7-X2x,O-A11-K7-X2x,Pusat
O-A11-K7-X30x,O-A11-K7-X30x,Pusat
O-A11-K7-X3x,O-A11-K7-X3x,Pusat
O-A11-K7-X4x,O-A11-K7-X4x,Pusat
O-A11-K7-X5x,O-A11-K7-X5x,Pusat
O-A11-K7-X6x,O-A11-K7-X6x,Pusat
O-A11-K7-X7x,O-A11-K7-X7x,Pusat
O-A11-K7-X8x,O-A11-K7-X8x,Pusat
O-A11-K7-X9x,O-A11-K7-X9x,Pusat
O-A12-K1-X10x,O-A12-K1-X10x,Pusat
O-A12-K1-X11x,O-A12-K1-X11x,Pusat
O-A12-K1-X12x,O-A12-K1-X12x,Pusat
O-A12-K1-X13x,O-A12-K1-X13x,Pusat
O-A12-K1-X14x,O-A12-K1-X14x,Pusat
O-A12-K1-X15x,O-A12-K1-X15x,Pusat
O-A12-K1-X16x,O-A12-K1-X16x,Pusat
O-A12-K1-X17x,O-A12-K1-X17x,Pusat
O-A12-K1-X18x,O-A12-K1-X18x,Pusat
O-A12-K1-X19x,O-A12-K1-X19x,Pusat
O-A12-K1-X1x,O-A12-K1-X1x,Pusat
O-A12-K1-X20x,O-A12-K1-X20x,Pusat
O-A12-K1-X21x,O-A12-K1-X21x,Pusat
O-A12-K1-X22x,O-A12-K1-X22x,Pusat
O-A12-K1-X23x,O-A12-K1-X23x,Pusat
O-A12-K1-X24x,O-A12-K1-X24x,Pusat
O-A12-K1-X25x,O-A12-K1-X25x,Pusat
O-A12-K1-X26x,O-A12-K1-X26x,Pusat
O-A12-K1-X27x,O-A12-K1-X27x,Pusat
O-A12-K1-X28x,O-A12-K1-X28x,Pusat
O-A12-K1-X29x,O-A12-K1-X29x,Pusat
O-A12-K1-X2x,O-A12-K1-X2x,Pusat
O-A12-K1-X30x,O-A12-K1-X30x,Pusat
O-A12-K1-X3x,O-A12-K1-X3x,Pusat
O-A12-K1-X4x,O-A12-K1-X4x,Pusat
O-A12-K1-X5x,O-A12-K1-X5x,Pusat
O-A12-K1-X6x,O-A12-K1-X6x,Pusat
O-A12-K1-X7x,O-A12-K1-X7x,Pusat
O-A12-K1-X8x,O-A12-K1-X8x,Pusat
O-A12-K1-X9x,O-A12-K1-X9x,Pusat
O-A12-K2-X10x,O-A12-K2-X10x,Pusat
O-A12-K2-X11x,O-A12-K2-X11x,Pusat
O-A12-K2-X12x,O-A12-K2-X12x,Pusat
O-A12-K2-X13x,O-A12-K2-X13x,Pusat
O-A12-K2-X14x,O-A12-K2-X14x,Pusat
O-A12-K2-X15x,O-A12-K2-X15x,Pusat
O-A12-K2-X16x,O-A12-K2-X16x,Pusat
O-A12-K2-X17x,O-A12-K2-X17x,Pusat
O-A12-K2-X18x,O-A12-K2-X18x,Pusat
O-A12-K2-X19x,O-A12-K2-X19x,Pusat
O-A12-K2-X1x,O-A12-K2-X1x,Pusat
O-A12-K2-X20x,O-A12-K2-X20x,Pusat
O-A12-K2-X21x,O-A12-K2-X21x,Pusat
O-A12-K2-X22x,O-A12-K2-X22x,Pusat
O-A12-K2-X23x,O-A12-K2-X23x,Pusat
O-A12-K2-X24x,O-A12-K2-X24x,Pusat
O-A12-K2-X25x,O-A12-K2-X25x,Pusat
O-A12-K2-X26x,O-A12-K2-X26x,Pusat
O-A12-K2-X27x,O-A12-K2-X27x,Pusat
O-A12-K2-X28x,O-A12-K2-X28x,Pusat
O-A12-K2-X29x,O-A12-K2-X29x,Pusat
O-A12-K2-X2x,O-A12-K2-X2x,Pusat
O-A12-K2-X30x,O-A12-K2-X30x,Pusat
O-A12-K2-X3x,O-A12-K2-X3x,Pusat
O-A12-K2-X4x,O-A12-K2-X4x,Pusat
O-A12-K2-X5x,O-A12-K2-X5x,Pusat
O-A12-K2-X6x,O-A12-K2-X6x,Pusat
O-A12-K2-X7x,O-A12-K2-X7x,Pusat
O-A12-K2-X8x,O-A12-K2-X8x,Pusat
O-A12-K2-X9x,O-A12-K2-X9x,Pusat
O-A12-K3-X10x,O-A12-K3-X10x,Pusat
O-A12-K3-X11x,O-A12-K3-X11x,Pusat
O-A12-K3-X12x,O-A12-K3-X12x,Pusat
O-A12-K3-X13x,O-A12-K3-X13x,Pusat
O-A12-K3-X14x,O-A12-K3-X14x,Pusat
O-A12-K3-X15x,O-A12-K3-X15x,Pusat
O-A12-K3-X16x,O-A12-K3-X16x,Pusat
O-A12-K3-X17x,O-A12-K3-X17x,Pusat
O-A12-K3-X18x,O-A12-K3-X18x,Pusat
O-A12-K3-X19x,O-A12-K3-X19x,Pusat
O-A12-K3-X1x,O-A12-K3-X1x,Pusat
O-A12-K3-X20x,O-A12-K3-X20x,Pusat
O-A12-K3-X21x,O-A12-K3-X21x,Pusat
O-A12-K3-X22x,O-A12-K3-X22x,Pusat
O-A12-K3-X23x,O-A12-K3-X23x,Pusat
O-A12-K3-X24x,O-A12-K3-X24x,Pusat
O-A12-K3-X25x,O-A12-K3-X25x,Pusat
O-A12-K3-X26x,O-A12-K3-X26x,Pusat
O-A12-K3-X27x,O-A12-K3-X27x,Pusat
O-A12-K3-X28x,O-A12-K3-X28x,Pusat
O-A12-K3-X29x,O-A12-K3-X29x,Pusat
O-A12-K3-X2x,O-A12-K3-X2x,Pusat
O-A12-K3-X30x,O-A12-K3-X30x,Pusat
O-A12-K3-X3x,O-A12-K3-X3x,Pusat
O-A12-K3-X4x,O-A12-K3-X4x,Pusat
O-A12-K3-X5x,O-A12-K3-X5x,Pusat
O-A12-K3-X6x,O-A12-K3-X6x,Pusat
O-A12-K3-X7x,O-A12-K3-X7x,Pusat
O-A12-K3-X8x,O-A12-K3-X8x,Pusat
O-A12-K3-X9x,O-A12-K3-X9x,Pusat
O-A12-K4-X10x,O-A12-K4-X10x,Pusat
O-A12-K4-X11x,O-A12-K4-X11x,Pusat
O-A12-K4-X12x,O-A12-K4-X12x,Pusat
O-A12-K4-X13x,O-A12-K4-X13x,Pusat
O-A12-K4-X14x,O-A12-K4-X14x,Pusat
O-A12-K4-X15x,O-A12-K4-X15x,Pusat
O-A12-K4-X16x,O-A12-K4-X16x,Pusat
O-A12-K4-X17x,O-A12-K4-X17x,Pusat
O-A12-K4-X18x,O-A12-K4-X18x,Pusat
O-A12-K4-X19x,O-A12-K4-X19x,Pusat
O-A12-K4-X1x,O-A12-K4-X1x,Pusat
O-A12-K4-X20x,O-A12-K4-X20x,Pusat
O-A12-K4-X21x,O-A12-K4-X21x,Pusat
O-A12-K4-X22x,O-A12-K4-X22x,Pusat
O-A12-K4-X23x,O-A12-K4-X23x,Pusat
O-A12-K4-X24x,O-A12-K4-X24x,Pusat
O-A12-K4-X25x,O-A12-K4-X25x,Pusat
O-A12-K4-X26x,O-A12-K4-X26x,Pusat
O-A12-K4-X27x,O-A12-K4-X27x,Pusat
O-A12-K4-X28x,O-A12-K4-X28x,Pusat
O-A12-K4-X29x,O-A12-K4-X29x,Pusat
O-A12-K4-X2x,O-A12-K4-X2x,Pusat
O-A12-K4-X30x,O-A12-K4-X30x,Pusat
O-A12-K4-X3x,O-A12-K4-X3x,Pusat
O-A12-K4-X4x,O-A12-K4-X4x,Pusat
O-A12-K4-X5x,O-A12-K4-X5x,Pusat
O-A12-K4-X6x,O-A12-K4-X6x,Pusat
O-A12-K4-X7x,O-A12-K4-X7x,Pusat
O-A12-K4-X8x,O-A12-K4-X8x,Pusat
O-A12-K4-X9x,O-A12-K4-X9x,Pusat
O-A12-K5-X10x,O-A12-K5-X10x,Pusat
O-A12-K5-X11x,O-A12-K5-X11x,Pusat
O-A12-K5-X12x,O-A12-K5-X12x,Pusat
O-A12-K5-X13x,O-A12-K5-X13x,Pusat
O-A12-K5-X14x,O-A12-K5-X14x,Pusat
O-A12-K5-X15x,O-A12-K5-X15x,Pusat
O-A12-K5-X16x,O-A12-K5-X16x,Pusat
O-A12-K5-X17x,O-A12-K5-X17x,Pusat
O-A12-K5-X18x,O-A12-K5-X18x,Pusat
O-A12-K5-X19x,O-A12-K5-X19x,Pusat
O-A12-K5-X1x,O-A12-K5-X1x,Pusat
O-A12-K5-X20x,O-A12-K5-X20x,Pusat
O-A12-K5-X21x,O-A12-K5-X21x,Pusat
O-A12-K5-X22x,O-A12-K5-X22x,Pusat
O-A12-K5-X23x,O-A12-K5-X23x,Pusat
O-A12-K5-X24x,O-A12-K5-X24x,Pusat
O-A12-K5-X25x,O-A12-K5-X25x,Pusat
O-A12-K5-X26x,O-A12-K5-X26x,Pusat
O-A12-K5-X27x,O-A12-K5-X27x,Pusat
O-A12-K5-X28x,O-A12-K5-X28x,Pusat
O-A12-K5-X29x,O-A12-K5-X29x,Pusat
O-A12-K5-X2x,O-A12-K5-X2x,Pusat
O-A12-K5-X30x,O-A12-K5-X30x,Pusat
O-A12-K5-X3x,O-A12-K5-X3x,Pusat
O-A12-K5-X4x,O-A12-K5-X4x,Pusat
O-A12-K5-X5x,O-A12-K5-X5x,Pusat
O-A12-K5-X6x,O-A12-K5-X6x,Pusat
O-A12-K5-X7x,O-A12-K5-X7x,Pusat
O-A12-K5-X8x,O-A12-K5-X8x,Pusat
O-A12-K5-X9x,O-A12-K5-X9x,Pusat
O-A12-K6-X10x,O-A12-K6-X10x,Pusat
O-A12-K6-X11x,O-A12-K6-X11x,Pusat
O-A12-K6-X12x,O-A12-K6-X12x,Pusat
O-A12-K6-X13x,O-A12-K6-X13x,Pusat
O-A12-K6-X14x,O-A12-K6-X14x,Pusat
O-A12-K6-X15x,O-A12-K6-X15x,Pusat
O-A12-K6-X16x,O-A12-K6-X16x,Pusat
O-A12-K6-X17x,O-A12-K6-X17x,Pusat
O-A12-K6-X18x,O-A12-K6-X18x,Pusat
O-A12-K6-X19x,O-A12-K6-X19x,Pusat
O-A12-K6-X1x,O-A12-K6-X1x,Pusat
O-A12-K6-X20x,O-A12-K6-X20x,Pusat
O-A12-K6-X21x,O-A12-K6-X21x,Pusat
O-A12-K6-X22x,O-A12-K6-X22x,Pusat
O-A12-K6-X23x,O-A12-K6-X23x,Pusat
O-A12-K6-X24x,O-A12-K6-X24x,Pusat
O-A12-K6-X25x,O-A12-K6-X25x,Pusat
O-A12-K6-X26x,O-A12-K6-X26x,Pusat
O-A12-K6-X27x,O-A12-K6-X27x,Pusat
O-A12-K6-X28x,O-A12-K6-X28x,Pusat
O-A12-K6-X29x,O-A12-K6-X29x,Pusat
O-A12-K6-X2x,O-A12-K6-X2x,Pusat
O-A12-K6-X30x,O-A12-K6-X30x,Pusat
O-A12-K6-X3x,O-A12-K6-X3x,Pusat
O-A12-K6-X4x,O-A12-K6-X4x,Pusat
O-A12-K6-X5x,O-A12-K6-X5x,Pusat
O-A12-K6-X6x,O-A12-K6-X6x,Pusat
O-A12-K6-X7x,O-A12-K6-X7x,Pusat
O-A12-K6-X8x,O-A12-K6-X8x,Pusat
O-A12-K6-X9x,O-A12-K6-X9x,Pusat
O-A12-K7-X10x,O-A12-K7-X10x,Pusat
O-A12-K7-X11x,O-A12-K7-X11x,Pusat
O-A12-K7-X12x,O-A12-K7-X12x,Pusat
O-A12-K7-X13x,O-A12-K7-X13x,Pusat
O-A12-K7-X14x,O-A12-K7-X14x,Pusat
O-A12-K7-X15x,O-A12-K7-X15x,Pusat
O-A12-K7-X16x,O-A12-K7-X16x,Pusat
O-A12-K7-X17x,O-A12-K7-X17x,Pusat
O-A12-K7-X18x,O-A12-K7-X18x,Pusat
O-A12-K7-X19x,O-A12-K7-X19x,Pusat
O-A12-K7-X1x,O-A12-K7-X1x,Pusat
O-A12-K7-X20x,O-A12-K7-X20x,Pusat
O-A12-K7-X21x,O-A12-K7-X21x,Pusat
O-A12-K7-X22x,O-A12-K7-X22x,Pusat
O-A12-K7-X23x,O-A12-K7-X23x,Pusat
O-A12-K7-X24x,O-A12-K7-X24x,Pusat
O-A12-K7-X25x,O-A12-K7-X25x,Pusat
O-A12-K7-X26x,O-A12-K7-X26x,Pusat
O-A12-K7-X27x,O-A12-K7-X27x,Pusat
O-A12-K7-X28x,O-A12-K7-X28x,Pusat
O-A12-K7-X29x,O-A12-K7-X29x,Pusat
O-A12-K7-X2x,O-A12-K7-X2x,Pusat
O-A12-K7-X30x,O-A12-K7-X30x,Pusat
O-A12-K7-X3x,O-A12-K7-X3x,Pusat
O-A12-K7-X4x,O-A12-K7-X4x,Pusat
O-A12-K7-X5x,O-A12-K7-X5x,Pusat
O-A12-K7-X6x,O-A12-K7-X6x,Pusat
O-A12-K7-X7x,O-A12-K7-X7x,Pusat
O-A12-K7-X8x,O-A12-K7-X8x,Pusat
O-A12-K7-X9x,O-A12-K7-X9x,Pusat
O-A13-K1-X10x,O-A13-K1-X10x,Pusat
O-A13-K1-X11x,O-A13-K1-X11x,Pusat
O-A13-K1-X12x,O-A13-K1-X12x,Pusat
O-A13-K1-X13x,O-A13-K1-X13x,Pusat
O-A13-K1-X14x,O-A13-K1-X14x,Pusat
O-A13-K1-X15x,O-A13-K1-X15x,Pusat
O-A13-K1-X16x,O-A13-K1-X16x,Pusat
O-A13-K1-X17x,O-A13-K1-X17x,Pusat
O-A13-K1-X18x,O-A13-K1-X18x,Pusat
O-A13-K1-X19x,O-A13-K1-X19x,Pusat
O-A13-K1-X1x,O-A13-K1-X1x,Pusat
O-A13-K1-X20x,O-A13-K1-X20x,Pusat
O-A13-K1-X21x,O-A13-K1-X21x,Pusat
O-A13-K1-X22x,O-A13-K1-X22x,Pusat
O-A13-K1-X23x,O-A13-K1-X23x,Pusat
O-A13-K1-X24x,O-A13-K1-X24x,Pusat
O-A13-K1-X25x,O-A13-K1-X25x,Pusat
O-A13-K1-X26x,O-A13-K1-X26x,Pusat
O-A13-K1-X27x,O-A13-K1-X27x,Pusat
O-A13-K1-X28x,O-A13-K1-X28x,Pusat
O-A13-K1-X29x,O-A13-K1-X29x,Pusat
O-A13-K1-X2x,O-A13-K1-X2x,Pusat
O-A13-K1-X30x,O-A13-K1-X30x,Pusat
O-A13-K1-X3x,O-A13-K1-X3x,Pusat
O-A13-K1-X4x,O-A13-K1-X4x,Pusat
O-A13-K1-X5x,O-A13-K1-X5x,Pusat
O-A13-K1-X6x,O-A13-K1-X6x,Pusat
O-A13-K1-X7x,O-A13-K1-X7x,Pusat
O-A13-K1-X8x,O-A13-K1-X8x,Pusat
O-A13-K1-X9x,O-A13-K1-X9x,Pusat
O-A13-K2-X10x,O-A13-K2-X10x,Pusat
O-A13-K2-X11x,O-A13-K2-X11x,Pusat
O-A13-K2-X12x,O-A13-K2-X12x,Pusat
O-A13-K2-X13x,O-A13-K2-X13x,Pusat
O-A13-K2-X14x,O-A13-K2-X14x,Pusat
O-A13-K2-X15x,O-A13-K2-X15x,Pusat
O-A13-K2-X16x,O-A13-K2-X16x,Pusat
O-A13-K2-X17x,O-A13-K2-X17x,Pusat
O-A13-K2-X18x,O-A13-K2-X18x,Pusat
O-A13-K2-X19x,O-A13-K2-X19x,Pusat
O-A13-K2-X1x,O-A13-K2-X1x,Pusat
O-A13-K2-X20x,O-A13-K2-X20x,Pusat
O-A13-K2-X21x,O-A13-K2-X21x,Pusat
O-A13-K2-X22x,O-A13-K2-X22x,Pusat
O-A13-K2-X23x,O-A13-K2-X23x,Pusat
O-A13-K2-X24x,O-A13-K2-X24x,Pusat
O-A13-K2-X25x,O-A13-K2-X25x,Pusat
O-A13-K2-X26x,O-A13-K2-X26x,Pusat
O-A13-K2-X27x,O-A13-K2-X27x,Pusat
O-A13-K2-X28x,O-A13-K2-X28x,Pusat
O-A13-K2-X29x,O-A13-K2-X29x,Pusat
O-A13-K2-X2x,O-A13-K2-X2x,Pusat
O-A13-K2-X30x,O-A13-K2-X30x,Pusat
O-A13-K2-X3x,O-A13-K2-X3x,Pusat
O-A13-K2-X4x,O-A13-K2-X4x,Pusat
O-A13-K2-X5x,O-A13-K2-X5x,Pusat
O-A13-K2-X6x,O-A13-K2-X6x,Pusat
O-A13-K2-X7x,O-A13-K2-X7x,Pusat
O-A13-K2-X8x,O-A13-K2-X8x,Pusat
O-A13-K2-X9x,O-A13-K2-X9x,Pusat
O-A13-K3-X10x,O-A13-K3-X10x,Pusat
O-A13-K3-X11x,O-A13-K3-X11x,Pusat
O-A13-K3-X12x,O-A13-K3-X12x,Pusat
O-A13-K3-X13x,O-A13-K3-X13x,Pusat
O-A13-K3-X14x,O-A13-K3-X14x,Pusat
O-A13-K3-X15x,O-A13-K3-X15x,Pusat
O-A13-K3-X16x,O-A13-K3-X16x,Pusat
O-A13-K3-X17x,O-A13-K3-X17x,Pusat
O-A13-K3-X18x,O-A13-K3-X18x,Pusat
O-A13-K3-X19x,O-A13-K3-X19x,Pusat
O-A13-K3-X1x,O-A13-K3-X1x,Pusat
O-A13-K3-X20x,O-A13-K3-X20x,Pusat
O-A13-K3-X21x,O-A13-K3-X21x,Pusat
O-A13-K3-X22x,O-A13-K3-X22x,Pusat
O-A13-K3-X23x,O-A13-K3-X23x,Pusat
O-A13-K3-X24x,O-A13-K3-X24x,Pusat
O-A13-K3-X25x,O-A13-K3-X25x,Pusat
O-A13-K3-X26x,O-A13-K3-X26x,Pusat
O-A13-K3-X27x,O-A13-K3-X27x,Pusat
O-A13-K3-X28x,O-A13-K3-X28x,Pusat
O-A13-K3-X29x,O-A13-K3-X29x,Pusat
O-A13-K3-X2x,O-A13-K3-X2x,Pusat
O-A13-K3-X30x,O-A13-K3-X30x,Pusat
O-A13-K3-X3x,O-A13-K3-X3x,Pusat
O-A13-K3-X4x,O-A13-K3-X4x,Pusat
O-A13-K3-X5x,O-A13-K3-X5x,Pusat
O-A13-K3-X6x,O-A13-K3-X6x,Pusat
O-A13-K3-X7x,O-A13-K3-X7x,Pusat
O-A13-K3-X8x,O-A13-K3-X8x,Pusat
O-A13-K3-X9x,O-A13-K3-X9x,Pusat
O-A13-K4-X10x,O-A13-K4-X10x,Pusat
O-A13-K4-X11x,O-A13-K4-X11x,Pusat
O-A13-K4-X12x,O-A13-K4-X12x,Pusat
O-A13-K4-X13x,O-A13-K4-X13x,Pusat
O-A13-K4-X14x,O-A13-K4-X14x,Pusat
O-A13-K4-X15x,O-A13-K4-X15x,Pusat
O-A13-K4-X16x,O-A13-K4-X16x,Pusat
O-A13-K4-X17x,O-A13-K4-X17x,Pusat
O-A13-K4-X18x,O-A13-K4-X18x,Pusat
O-A13-K4-X19x,O-A13-K4-X19x,Pusat
O-A13-K4-X1x,O-A13-K4-X1x,Pusat
O-A13-K4-X20x,O-A13-K4-X20x,Pusat
O-A13-K4-X21x,O-A13-K4-X21x,Pusat
O-A13-K4-X22x,O-A13-K4-X22x,Pusat
O-A13-K4-X23x,O-A13-K4-X23x,Pusat
O-A13-K4-X24x,O-A13-K4-X24x,Pusat
O-A13-K4-X25x,O-A13-K4-X25x,Pusat
O-A13-K4-X26x,O-A13-K4-X26x,Pusat
O-A13-K4-X27x,O-A13-K4-X27x,Pusat
O-A13-K4-X28x,O-A13-K4-X28x,Pusat
O-A13-K4-X29x,O-A13-K4-X29x,Pusat
O-A13-K4-X2x,O-A13-K4-X2x,Pusat
O-A13-K4-X30x,O-A13-K4-X30x,Pusat
O-A13-K4-X3x,O-A13-K4-X3x,Pusat
O-A13-K4-X4x,O-A13-K4-X4x,Pusat
O-A13-K4-X5x,O-A13-K4-X5x,Pusat
O-A13-K4-X6x,O-A13-K4-X6x,Pusat
O-A13-K4-X7x,O-A13-K4-X7x,Pusat
O-A13-K4-X8x,O-A13-K4-X8x,Pusat
O-A13-K4-X9x,O-A13-K4-X9x,Pusat
O-A13-K5-X10x,O-A13-K5-X10x,Pusat
O-A13-K5-X11x,O-A13-K5-X11x,Pusat
O-A13-K5-X12x,O-A13-K5-X12x,Pusat
O-A13-K5-X13x,O-A13-K5-X13x,Pusat
O-A13-K5-X14x,O-A13-K5-X14x,Pusat
O-A13-K5-X15x,O-A13-K5-X15x,Pusat
O-A13-K5-X16x,O-A13-K5-X16x,Pusat
O-A13-K5-X17x,O-A13-K5-X17x,Pusat
O-A13-K5-X18x,O-A13-K5-X18x,Pusat
O-A13-K5-X19x,O-A13-K5-X19x,Pusat
O-A13-K5-X1x,O-A13-K5-X1x,Pusat
O-A13-K5-X20x,O-A13-K5-X20x,Pusat
O-A13-K5-X21x,O-A13-K5-X21x,Pusat
O-A13-K5-X22x,O-A13-K5-X22x,Pusat
O-A13-K5-X23x,O-A13-K5-X23x,Pusat
O-A13-K5-X24x,O-A13-K5-X24x,Pusat
O-A13-K5-X25x,O-A13-K5-X25x,Pusat
O-A13-K5-X26x,O-A13-K5-X26x,Pusat
O-A13-K5-X27x,O-A13-K5-X27x,Pusat
O-A13-K5-X28x,O-A13-K5-X28x,Pusat
O-A13-K5-X29x,O-A13-K5-X29x,Pusat
O-A13-K5-X2x,O-A13-K5-X2x,Pusat
O-A13-K5-X30x,O-A13-K5-X30x,Pusat
O-A13-K5-X3x,O-A13-K5-X3x,Pusat
O-A13-K5-X4x,O-A13-K5-X4x,Pusat
O-A13-K5-X5x,O-A13-K5-X5x,Pusat
O-A13-K5-X6x,O-A13-K5-X6x,Pusat
O-A13-K5-X7x,O-A13-K5-X7x,Pusat
O-A13-K5-X8x,O-A13-K5-X8x,Pusat
O-A13-K5-X9x,O-A13-K5-X9x,Pusat
O-A13-K6-X10x,O-A13-K6-X10x,Pusat
O-A13-K6-X11x,O-A13-K6-X11x,Pusat
O-A13-K6-X12x,O-A13-K6-X12x,Pusat
O-A13-K6-X13x,O-A13-K6-X13x,Pusat
O-A13-K6-X14x,O-A13-K6-X14x,Pusat
O-A13-K6-X15x,O-A13-K6-X15x,Pusat
O-A13-K6-X16x,O-A13-K6-X16x,Pusat
O-A13-K6-X17x,O-A13-K6-X17x,Pusat
O-A13-K6-X18x,O-A13-K6-X18x,Pusat
O-A13-K6-X19x,O-A13-K6-X19x,Pusat
O-A13-K6-X1x,O-A13-K6-X1x,Pusat
O-A13-K6-X20x,O-A13-K6-X20x,Pusat
O-A13-K6-X21x,O-A13-K6-X21x,Pusat
O-A13-K6-X22x,O-A13-K6-X22x,Pusat
O-A13-K6-X23x,O-A13-K6-X23x,Pusat
O-A13-K6-X24x,O-A13-K6-X24x,Pusat
O-A13-K6-X25x,O-A13-K6-X25x,Pusat
O-A13-K6-X26x,O-A13-K6-X26x,Pusat
O-A13-K6-X27x,O-A13-K6-X27x,Pusat
O-A13-K6-X28x,O-A13-K6-X28x,Pusat
O-A13-K6-X29x,O-A13-K6-X29x,Pusat
O-A13-K6-X2x,O-A13-K6-X2x,Pusat
O-A13-K6-X30x,O-A13-K6-X30x,Pusat
O-A13-K6-X3x,O-A13-K6-X3x,Pusat
O-A13-K6-X4x,O-A13-K6-X4x,Pusat
O-A13-K6-X5x,O-A13-K6-X5x,Pusat
O-A13-K6-X6x,O-A13-K6-X6x,Pusat
O-A13-K6-X7x,O-A13-K6-X7x,Pusat
O-A13-K6-X8x,O-A13-K6-X8x,Pusat
O-A13-K6-X9x,O-A13-K6-X9x,Pusat
O-A13-K7-X10x,O-A13-K7-X10x,Pusat
O-A13-K7-X11x,O-A13-K7-X11x,Pusat
O-A13-K7-X12x,O-A13-K7-X12x,Pusat
O-A13-K7-X13x,O-A13-K7-X13x,Pusat
O-A13-K7-X14x,O-A13-K7-X14x,Pusat
O-A13-K7-X15x,O-A13-K7-X15x,Pusat
O-A13-K7-X16x,O-A13-K7-X16x,Pusat
O-A13-K7-X17x,O-A13-K7-X17x,Pusat
O-A13-K7-X18x,O-A13-K7-X18x,Pusat
O-A13-K7-X19x,O-A13-K7-X19x,Pusat
O-A13-K7-X1x,O-A13-K7-X1x,Pusat
O-A13-K7-X20x,O-A13-K7-X20x,Pusat
O-A13-K7-X21x,O-A13-K7-X21x,Pusat
O-A13-K7-X22x,O-A13-K7-X22x,Pusat
O-A13-K7-X23x,O-A13-K7-X23x,Pusat
O-A13-K7-X24x,O-A13-K7-X24x,Pusat
O-A13-K7-X25x,O-A13-K7-X25x,Pusat
O-A13-K7-X26x,O-A13-K7-X26x,Pusat
O-A13-K7-X27x,O-A13-K7-X27x,Pusat
O-A13-K7-X28x,O-A13-K7-X28x,Pusat
O-A13-K7-X29x,O-A13-K7-X29x,Pusat
O-A13-K7-X2x,O-A13-K7-X2x,Pusat
O-A13-K7-X30x,O-A13-K7-X30x,Pusat
O-A13-K7-X3x,O-A13-K7-X3x,Pusat
O-A13-K7-X4x,O-A13-K7-X4x,Pusat
O-A13-K7-X5x,O-A13-K7-X5x,Pusat
O-A13-K7-X6x,O-A13-K7-X6x,Pusat
O-A13-K7-X7x,O-A13-K7-X7x,Pusat
O-A13-K7-X8x,O-A13-K7-X8x,Pusat
O-A13-K7-X9x,O-A13-K7-X9x,Pusat
O-A14-K1-X10x,O-A14-K1-X10x,Pusat
O-A14-K1-X11x,O-A14-K1-X11x,Pusat
O-A14-K1-X12x,O-A14-K1-X12x,Pusat
O-A14-K1-X13x,O-A14-K1-X13x,Pusat
O-A14-K1-X14x,O-A14-K1-X14x,Pusat
O-A14-K1-X15x,O-A14-K1-X15x,Pusat
O-A14-K1-X16x,O-A14-K1-X16x,Pusat
O-A14-K1-X17x,O-A14-K1-X17x,Pusat
O-A14-K1-X18x,O-A14-K1-X18x,Pusat
O-A14-K1-X19x,O-A14-K1-X19x,Pusat
O-A14-K1-X1x,O-A14-K1-X1x,Pusat
O-A14-K1-X20x,O-A14-K1-X20x,Pusat
O-A14-K1-X21x,O-A14-K1-X21x,Pusat
O-A14-K1-X22x,O-A14-K1-X22x,Pusat
O-A14-K1-X23x,O-A14-K1-X23x,Pusat
O-A14-K1-X24x,O-A14-K1-X24x,Pusat
O-A14-K1-X25x,O-A14-K1-X25x,Pusat
O-A14-K1-X26x,O-A14-K1-X26x,Pusat
O-A14-K1-X27x,O-A14-K1-X27x,Pusat
O-A14-K1-X28x,O-A14-K1-X28x,Pusat
O-A14-K1-X29x,O-A14-K1-X29x,Pusat
O-A14-K1-X2x,O-A14-K1-X2x,Pusat
O-A14-K1-X30x,O-A14-K1-X30x,Pusat
O-A14-K1-X3x,O-A14-K1-X3x,Pusat
O-A14-K1-X4x,O-A14-K1-X4x,Pusat
O-A14-K1-X5x,O-A14-K1-X5x,Pusat
O-A14-K1-X6x,O-A14-K1-X6x,Pusat
O-A14-K1-X7x,O-A14-K1-X7x,Pusat
O-A14-K1-X8x,O-A14-K1-X8x,Pusat
O-A14-K1-X9x,O-A14-K1-X9x,Pusat
O-A14-K2-X10x,O-A14-K2-X10x,Pusat
O-A14-K2-X11x,O-A14-K2-X11x,Pusat
O-A14-K2-X12x,O-A14-K2-X12x,Pusat
O-A14-K2-X13x,O-A14-K2-X13x,Pusat
O-A14-K2-X14x,O-A14-K2-X14x,Pusat
O-A14-K2-X15x,O-A14-K2-X15x,Pusat
O-A14-K2-X16x,O-A14-K2-X16x,Pusat
O-A14-K2-X17x,O-A14-K2-X17x,Pusat
O-A14-K2-X18x,O-A14-K2-X18x,Pusat
O-A14-K2-X19x,O-A14-K2-X19x,Pusat
O-A14-K2-X1x,O-A14-K2-X1x,Pusat
O-A14-K2-X20x,O-A14-K2-X20x,Pusat
O-A14-K2-X21x,O-A14-K2-X21x,Pusat
O-A14-K2-X22x,O-A14-K2-X22x,Pusat
O-A14-K2-X23x,O-A14-K2-X23x,Pusat
O-A14-K2-X24x,O-A14-K2-X24x,Pusat
O-A14-K2-X25x,O-A14-K2-X25x,Pusat
O-A14-K2-X26x,O-A14-K2-X26x,Pusat
O-A14-K2-X27x,O-A14-K2-X27x,Pusat
O-A14-K2-X28x,O-A14-K2-X28x,Pusat
O-A14-K2-X29x,O-A14-K2-X29x,Pusat
O-A14-K2-X2x,O-A14-K2-X2x,Pusat
O-A14-K2-X30x,O-A14-K2-X30x,Pusat
O-A14-K2-X3x,O-A14-K2-X3x,Pusat
O-A14-K2-X4x,O-A14-K2-X4x,Pusat
O-A14-K2-X5x,O-A14-K2-X5x,Pusat
O-A14-K2-X6x,O-A14-K2-X6x,Pusat
O-A14-K2-X7x,O-A14-K2-X7x,Pusat
O-A14-K2-X8x,O-A14-K2-X8x,Pusat
O-A14-K2-X9x,O-A14-K2-X9x,Pusat
O-A14-K3-X10x,O-A14-K3-X10x,Pusat
O-A14-K3-X11x,O-A14-K3-X11x,Pusat
O-A14-K3-X12x,O-A14-K3-X12x,Pusat
O-A14-K3-X13x,O-A14-K3-X13x,Pusat
O-A14-K3-X14x,O-A14-K3-X14x,Pusat
O-A14-K3-X15x,O-A14-K3-X15x,Pusat
O-A14-K3-X16x,O-A14-K3-X16x,Pusat
O-A14-K3-X17x,O-A14-K3-X17x,Pusat
O-A14-K3-X18x,O-A14-K3-X18x,Pusat
O-A14-K3-X19x,O-A14-K3-X19x,Pusat
O-A14-K3-X1x,O-A14-K3-X1x,Pusat
O-A14-K3-X20x,O-A14-K3-X20x,Pusat
O-A14-K3-X21x,O-A14-K3-X21x,Pusat
O-A14-K3-X22x,O-A14-K3-X22x,Pusat
O-A14-K3-X23x,O-A14-K3-X23x,Pusat
O-A14-K3-X24x,O-A14-K3-X24x,Pusat
O-A14-K3-X25x,O-A14-K3-X25x,Pusat
O-A14-K3-X26x,O-A14-K3-X26x,Pusat
O-A14-K3-X27x,O-A14-K3-X27x,Pusat
O-A14-K3-X28x,O-A14-K3-X28x,Pusat
O-A14-K3-X29x,O-A14-K3-X29x,Pusat
O-A14-K3-X2x,O-A14-K3-X2x,Pusat
O-A14-K3-X30x,O-A14-K3-X30x,Pusat
O-A14-K3-X3x,O-A14-K3-X3x,Pusat
O-A14-K3-X4x,O-A14-K3-X4x,Pusat
O-A14-K3-X5x,O-A14-K3-X5x,Pusat
O-A14-K3-X6x,O-A14-K3-X6x,Pusat
O-A14-K3-X7x,O-A14-K3-X7x,Pusat
O-A14-K3-X8x,O-A14-K3-X8x,Pusat
O-A14-K3-X9x,O-A14-K3-X9x,Pusat
O-A14-K4-X10x,O-A14-K4-X10x,Pusat
O-A14-K4-X11x,O-A14-K4-X11x,Pusat
O-A14-K4-X12x,O-A14-K4-X12x,Pusat
O-A14-K4-X13x,O-A14-K4-X13x,Pusat
O-A14-K4-X14x,O-A14-K4-X14x,Pusat
O-A14-K4-X15x,O-A14-K4-X15x,Pusat
O-A14-K4-X16x,O-A14-K4-X16x,Pusat
O-A14-K4-X17x,O-A14-K4-X17x,Pusat
O-A14-K4-X18x,O-A14-K4-X18x,Pusat
O-A14-K4-X19x,O-A14-K4-X19x,Pusat
O-A14-K4-X1x,O-A14-K4-X1x,Pusat
O-A14-K4-X20x,O-A14-K4-X20x,Pusat
O-A14-K4-X21x,O-A14-K4-X21x,Pusat
O-A14-K4-X22x,O-A14-K4-X22x,Pusat
O-A14-K4-X23x,O-A14-K4-X23x,Pusat
O-A14-K4-X24x,O-A14-K4-X24x,Pusat
O-A14-K4-X25x,O-A14-K4-X25x,Pusat
O-A14-K4-X26x,O-A14-K4-X26x,Pusat
O-A14-K4-X27x,O-A14-K4-X27x,Pusat
O-A14-K4-X28x,O-A14-K4-X28x,Pusat
O-A14-K4-X29x,O-A14-K4-X29x,Pusat
O-A14-K4-X2x,O-A14-K4-X2x,Pusat
O-A14-K4-X30x,O-A14-K4-X30x,Pusat
O-A14-K4-X3x,O-A14-K4-X3x,Pusat
O-A14-K4-X4x,O-A14-K4-X4x,Pusat
O-A14-K4-X5x,O-A14-K4-X5x,Pusat
O-A14-K4-X6x,O-A14-K4-X6x,Pusat
O-A14-K4-X7x,O-A14-K4-X7x,Pusat
O-A14-K4-X8x,O-A14-K4-X8x,Pusat
O-A14-K4-X9x,O-A14-K4-X9x,Pusat
O-A14-K5-X10x,O-A14-K5-X10x,Pusat
O-A14-K5-X11x,O-A14-K5-X11x,Pusat
O-A14-K5-X12x,O-A14-K5-X12x,Pusat
O-A14-K5-X13x,O-A14-K5-X13x,Pusat
O-A14-K5-X14x,O-A14-K5-X14x,Pusat
O-A14-K5-X15x,O-A14-K5-X15x,Pusat
O-A14-K5-X16x,O-A14-K5-X16x,Pusat
O-A14-K5-X17x,O-A14-K5-X17x,Pusat
O-A14-K5-X18x,O-A14-K5-X18x,Pusat
O-A14-K5-X19x,O-A14-K5-X19x,Pusat
O-A14-K5-X1x,O-A14-K5-X1x,Pusat
O-A14-K5-X20x,O-A14-K5-X20x,Pusat
O-A14-K5-X21x,O-A14-K5-X21x,Pusat
O-A14-K5-X22x,O-A14-K5-X22x,Pusat
O-A14-K5-X23x,O-A14-K5-X23x,Pusat
O-A14-K5-X24x,O-A14-K5-X24x,Pusat
O-A14-K5-X25x,O-A14-K5-X25x,Pusat
O-A14-K5-X26x,O-A14-K5-X26x,Pusat
O-A14-K5-X27x,O-A14-K5-X27x,Pusat
O-A14-K5-X28x,O-A14-K5-X28x,Pusat
O-A14-K5-X29x,O-A14-K5-X29x,Pusat
O-A14-K5-X2x,O-A14-K5-X2x,Pusat
O-A14-K5-X30x,O-A14-K5-X30x,Pusat
O-A14-K5-X3x,O-A14-K5-X3x,Pusat
O-A14-K5-X4x,O-A14-K5-X4x,Pusat
O-A14-K5-X5x,O-A14-K5-X5x,Pusat
O-A14-K5-X6x,O-A14-K5-X6x,Pusat
O-A14-K5-X7x,O-A14-K5-X7x,Pusat
O-A14-K5-X8x,O-A14-K5-X8x,Pusat
O-A14-K5-X9x,O-A14-K5-X9x,Pusat
O-A14-K6-X10x,O-A14-K6-X10x,Pusat
O-A14-K6-X11x,O-A14-K6-X11x,Pusat
O-A14-K6-X12x,O-A14-K6-X12x,Pusat
O-A14-K6-X13x,O-A14-K6-X13x,Pusat
O-A14-K6-X14x,O-A14-K6-X14x,Pusat
O-A14-K6-X15x,O-A14-K6-X15x,Pusat
O-A14-K6-X16x,O-A14-K6-X16x,Pusat
O-A14-K6-X17x,O-A14-K6-X17x,Pusat
O-A14-K6-X18x,O-A14-K6-X18x,Pusat
O-A14-K6-X19x,O-A14-K6-X19x,Pusat
O-A14-K6-X1x,O-A14-K6-X1x,Pusat
O-A14-K6-X20x,O-A14-K6-X20x,Pusat
O-A14-K6-X21x,O-A14-K6-X21x,Pusat
O-A14-K6-X22x,O-A14-K6-X22x,Pusat
O-A14-K6-X23x,O-A14-K6-X23x,Pusat
O-A14-K6-X24x,O-A14-K6-X24x,Pusat
O-A14-K6-X25x,O-A14-K6-X25x,Pusat
O-A14-K6-X26x,O-A14-K6-X26x,Pusat
O-A14-K6-X27x,O-A14-K6-X27x,Pusat
O-A14-K6-X28x,O-A14-K6-X28x,Pusat
O-A14-K6-X29x,O-A14-K6-X29x,Pusat
O-A14-K6-X2x,O-A14-K6-X2x,Pusat
O-A14-K6-X30x,O-A14-K6-X30x,Pusat
O-A14-K6-X3x,O-A14-K6-X3x,Pusat
O-A14-K6-X4x,O-A14-K6-X4x,Pusat
O-A14-K6-X5x,O-A14-K6-X5x,Pusat
O-A14-K6-X6x,O-A14-K6-X6x,Pusat
O-A14-K6-X7x,O-A14-K6-X7x,Pusat
O-A14-K6-X8x,O-A14-K6-X8x,Pusat
O-A14-K6-X9x,O-A14-K6-X9x,Pusat
O-A14-K7-X10x,O-A14-K7-X10x,Pusat
O-A14-K7-X11x,O-A14-K7-X11x,Pusat
O-A14-K7-X12x,O-A14-K7-X12x,Pusat
O-A14-K7-X13x,O-A14-K7-X13x,Pusat
O-A14-K7-X14x,O-A14-K7-X14x,Pusat
O-A14-K7-X15x,O-A14-K7-X15x,Pusat
O-A14-K7-X16x,O-A14-K7-X16x,Pusat
O-A14-K7-X17x,O-A14-K7-X17x,Pusat
O-A14-K7-X18x,O-A14-K7-X18x,Pusat
O-A14-K7-X19x,O-A14-K7-X19x,Pusat
O-A14-K7-X1x,O-A14-K7-X1x,Pusat
O-A14-K7-X20x,O-A14-K7-X20x,Pusat
O-A14-K7-X21x,O-A14-K7-X21x,Pusat
O-A14-K7-X22x,O-A14-K7-X22x,Pusat
O-A14-K7-X23x,O-A14-K7-X23x,Pusat
O-A14-K7-X24x,O-A14-K7-X24x,Pusat
O-A14-K7-X25x,O-A14-K7-X25x,Pusat
O-A14-K7-X26x,O-A14-K7-X26x,Pusat
O-A14-K7-X27x,O-A14-K7-X27x,Pusat
O-A14-K7-X28x,O-A14-K7-X28x,Pusat
O-A14-K7-X29x,O-A14-K7-X29x,Pusat
O-A14-K7-X2x,O-A14-K7-X2x,Pusat
O-A14-K7-X30x,O-A14-K7-X30x,Pusat
O-A14-K7-X3x,O-A14-K7-X3x,Pusat
O-A14-K7-X4x,O-A14-K7-X4x,Pusat
O-A14-K7-X5x,O-A14-K7-X5x,Pusat
O-A14-K7-X6x,O-A14-K7-X6x,Pusat
O-A14-K7-X7x,O-A14-K7-X7x,Pusat
O-A14-K7-X8x,O-A14-K7-X8x,Pusat
O-A14-K7-X9x,O-A14-K7-X9x,Pusat
O-A15-K1-X10x,O-A15-K1-X10x,Pusat
O-A15-K1-X11x,O-A15-K1-X11x,Pusat
O-A15-K1-X12x,O-A15-K1-X12x,Pusat
O-A15-K1-X13x,O-A15-K1-X13x,Pusat
O-A15-K1-X14x,O-A15-K1-X14x,Pusat
O-A15-K1-X15x,O-A15-K1-X15x,Pusat
O-A15-K1-X16x,O-A15-K1-X16x,Pusat
O-A15-K1-X17x,O-A15-K1-X17x,Pusat
O-A15-K1-X18x,O-A15-K1-X18x,Pusat
O-A15-K1-X19x,O-A15-K1-X19x,Pusat
O-A15-K1-X1x,O-A15-K1-X1x,Pusat
O-A15-K1-X20x,O-A15-K1-X20x,Pusat
O-A15-K1-X21x,O-A15-K1-X21x,Pusat
O-A15-K1-X22x,O-A15-K1-X22x,Pusat
O-A15-K1-X23x,O-A15-K1-X23x,Pusat
O-A15-K1-X24x,O-A15-K1-X24x,Pusat
O-A15-K1-X25x,O-A15-K1-X25x,Pusat
O-A15-K1-X26x,O-A15-K1-X26x,Pusat
O-A15-K1-X27x,O-A15-K1-X27x,Pusat
O-A15-K1-X28x,O-A15-K1-X28x,Pusat
O-A15-K1-X29x,O-A15-K1-X29x,Pusat
O-A15-K1-X2x,O-A15-K1-X2x,Pusat
O-A15-K1-X30x,O-A15-K1-X30x,Pusat
O-A15-K1-X3x,O-A15-K1-X3x,Pusat
O-A15-K1-X4x,O-A15-K1-X4x,Pusat
O-A15-K1-X5x,O-A15-K1-X5x,Pusat
O-A15-K1-X6x,O-A15-K1-X6x,Pusat
O-A15-K1-X7x,O-A15-K1-X7x,Pusat
O-A15-K1-X8x,O-A15-K1-X8x,Pusat
O-A15-K1-X9x,O-A15-K1-X9x,Pusat
O-A15-K2-X10x,O-A15-K2-X10x,Pusat
O-A15-K2-X11x,O-A15-K2-X11x,Pusat
O-A15-K2-X12x,O-A15-K2-X12x,Pusat
O-A15-K2-X13x,O-A15-K2-X13x,Pusat
O-A15-K2-X14x,O-A15-K2-X14x,Pusat
O-A15-K2-X15x,O-A15-K2-X15x,Pusat
O-A15-K2-X16x,O-A15-K2-X16x,Pusat
O-A15-K2-X17x,O-A15-K2-X17x,Pusat
O-A15-K2-X18x,O-A15-K2-X18x,Pusat
O-A15-K2-X19x,O-A15-K2-X19x,Pusat
O-A15-K2-X1x,O-A15-K2-X1x,Pusat
O-A15-K2-X20x,O-A15-K2-X20x,Pusat
O-A15-K2-X21x,O-A15-K2-X21x,Pusat
O-A15-K2-X22x,O-A15-K2-X22x,Pusat
O-A15-K2-X23x,O-A15-K2-X23x,Pusat
O-A15-K2-X24x,O-A15-K2-X24x,Pusat
O-A15-K2-X25x,O-A15-K2-X25x,Pusat
O-A15-K2-X26x,O-A15-K2-X26x,Pusat
O-A15-K2-X27x,O-A15-K2-X27x,Pusat
O-A15-K2-X28x,O-A15-K2-X28x,Pusat
O-A15-K2-X29x,O-A15-K2-X29x,Pusat
O-A15-K2-X2x,O-A15-K2-X2x,Pusat
O-A15-K2-X30x,O-A15-K2-X30x,Pusat
O-A15-K2-X3x,O-A15-K2-X3x,Pusat
O-A15-K2-X4x,O-A15-K2-X4x,Pusat
O-A15-K2-X5x,O-A15-K2-X5x,Pusat
O-A15-K2-X6x,O-A15-K2-X6x,Pusat
O-A15-K2-X7x,O-A15-K2-X7x,Pusat
O-A15-K2-X8x,O-A15-K2-X8x,Pusat
O-A15-K2-X9x,O-A15-K2-X9x,Pusat
O-A15-K3-X10x,O-A15-K3-X10x,Pusat
O-A15-K3-X11x,O-A15-K3-X11x,Pusat
O-A15-K3-X12x,O-A15-K3-X12x,Pusat
O-A15-K3-X13x,O-A15-K3-X13x,Pusat
O-A15-K3-X14x,O-A15-K3-X14x,Pusat
O-A15-K3-X15x,O-A15-K3-X15x,Pusat
O-A15-K3-X16x,O-A15-K3-X16x,Pusat
O-A15-K3-X17x,O-A15-K3-X17x,Pusat
O-A15-K3-X18x,O-A15-K3-X18x,Pusat
O-A15-K3-X19x,O-A15-K3-X19x,Pusat
O-A15-K3-X1x,O-A15-K3-X1x,Pusat
O-A15-K3-X20x,O-A15-K3-X20x,Pusat
O-A15-K3-X21x,O-A15-K3-X21x,Pusat
O-A15-K3-X22x,O-A15-K3-X22x,Pusat
O-A15-K3-X23x,O-A15-K3-X23x,Pusat
O-A15-K3-X24x,O-A15-K3-X24x,Pusat
O-A15-K3-X25x,O-A15-K3-X25x,Pusat
O-A15-K3-X26x,O-A15-K3-X26x,Pusat
O-A15-K3-X27x,O-A15-K3-X27x,Pusat
O-A15-K3-X28x,O-A15-K3-X28x,Pusat
O-A15-K3-X29x,O-A15-K3-X29x,Pusat
O-A15-K3-X2x,O-A15-K3-X2x,Pusat
O-A15-K3-X30x,O-A15-K3-X30x,Pusat
O-A15-K3-X3x,O-A15-K3-X3x,Pusat
O-A15-K3-X4x,O-A15-K3-X4x,Pusat
O-A15-K3-X5x,O-A15-K3-X5x,Pusat
O-A15-K3-X6x,O-A15-K3-X6x,Pusat
O-A15-K3-X7x,O-A15-K3-X7x,Pusat
O-A15-K3-X8x,O-A15-K3-X8x,Pusat
O-A15-K3-X9x,O-A15-K3-X9x,Pusat
O-A15-K4-X10x,O-A15-K4-X10x,Pusat
O-A15-K4-X11x,O-A15-K4-X11x,Pusat
O-A15-K4-X12x,O-A15-K4-X12x,Pusat
O-A15-K4-X13x,O-A15-K4-X13x,Pusat
O-A15-K4-X14x,O-A15-K4-X14x,Pusat
O-A15-K4-X15x,O-A15-K4-X15x,Pusat
O-A15-K4-X16x,O-A15-K4-X16x,Pusat
O-A15-K4-X17x,O-A15-K4-X17x,Pusat
O-A15-K4-X18x,O-A15-K4-X18x,Pusat
O-A15-K4-X19x,O-A15-K4-X19x,Pusat
O-A15-K4-X1x,O-A15-K4-X1x,Pusat
O-A15-K4-X20x,O-A15-K4-X20x,Pusat
O-A15-K4-X21x,O-A15-K4-X21x,Pusat
O-A15-K4-X22x,O-A15-K4-X22x,Pusat
O-A15-K4-X23x,O-A15-K4-X23x,Pusat
O-A15-K4-X24x,O-A15-K4-X24x,Pusat
O-A15-K4-X25x,O-A15-K4-X25x,Pusat
O-A15-K4-X26x,O-A15-K4-X26x,Pusat
O-A15-K4-X27x,O-A15-K4-X27x,Pusat
O-A15-K4-X28x,O-A15-K4-X28x,Pusat
O-A15-K4-X29x,O-A15-K4-X29x,Pusat
O-A15-K4-X2x,O-A15-K4-X2x,Pusat
O-A15-K4-X30x,O-A15-K4-X30x,Pusat
O-A15-K4-X3x,O-A15-K4-X3x,Pusat
O-A15-K4-X4x,O-A15-K4-X4x,Pusat
O-A15-K4-X5x,O-A15-K4-X5x,Pusat
O-A15-K4-X6x,O-A15-K4-X6x,Pusat
O-A15-K4-X7x,O-A15-K4-X7x,Pusat
O-A15-K4-X8x,O-A15-K4-X8x,Pusat
O-A15-K4-X9x,O-A15-K4-X9x,Pusat
O-A15-K5-X10x,O-A15-K5-X10x,Pusat
O-A15-K5-X11x,O-A15-K5-X11x,Pusat
O-A15-K5-X12x,O-A15-K5-X12x,Pusat
O-A15-K5-X13x,O-A15-K5-X13x,Pusat
O-A15-K5-X14x,O-A15-K5-X14x,Pusat
O-A15-K5-X15x,O-A15-K5-X15x,Pusat
O-A15-K5-X16x,O-A15-K5-X16x,Pusat
O-A15-K5-X17x,O-A15-K5-X17x,Pusat
O-A15-K5-X18x,O-A15-K5-X18x,Pusat
O-A15-K5-X19x,O-A15-K5-X19x,Pusat
O-A15-K5-X1x,O-A15-K5-X1x,Pusat
O-A15-K5-X20x,O-A15-K5-X20x,Pusat
O-A15-K5-X21x,O-A15-K5-X21x,Pusat
O-A15-K5-X22x,O-A15-K5-X22x,Pusat
O-A15-K5-X23x,O-A15-K5-X23x,Pusat
O-A15-K5-X24x,O-A15-K5-X24x,Pusat
O-A15-K5-X25x,O-A15-K5-X25x,Pusat
O-A15-K5-X26x,O-A15-K5-X26x,Pusat
O-A15-K5-X27x,O-A15-K5-X27x,Pusat
O-A15-K5-X28x,O-A15-K5-X28x,Pusat
O-A15-K5-X29x,O-A15-K5-X29x,Pusat
O-A15-K5-X2x,O-A15-K5-X2x,Pusat
O-A15-K5-X30x,O-A15-K5-X30x,Pusat
O-A15-K5-X3x,O-A15-K5-X3x,Pusat
O-A15-K5-X4x,O-A15-K5-X4x,Pusat
O-A15-K5-X5x,O-A15-K5-X5x,Pusat
O-A15-K5-X6x,O-A15-K5-X6x,Pusat
O-A15-K5-X7x,O-A15-K5-X7x,Pusat
O-A15-K5-X8x,O-A15-K5-X8x,Pusat
O-A15-K5-X9x,O-A15-K5-X9x,Pusat
O-A15-K6-X10x,O-A15-K6-X10x,Pusat
O-A15-K6-X11x,O-A15-K6-X11x,Pusat
O-A15-K6-X12x,O-A15-K6-X12x,Pusat
O-A15-K6-X13x,O-A15-K6-X13x,Pusat
O-A15-K6-X14x,O-A15-K6-X14x,Pusat
O-A15-K6-X15x,O-A15-K6-X15x,Pusat
O-A15-K6-X16x,O-A15-K6-X16x,Pusat
O-A15-K6-X17x,O-A15-K6-X17x,Pusat
O-A15-K6-X18x,O-A15-K6-X18x,Pusat
O-A15-K6-X19x,O-A15-K6-X19x,Pusat
O-A15-K6-X1x,O-A15-K6-X1x,Pusat
O-A15-K6-X20x,O-A15-K6-X20x,Pusat
O-A15-K6-X21x,O-A15-K6-X21x,Pusat
O-A15-K6-X22x,O-A15-K6-X22x,Pusat
O-A15-K6-X23x,O-A15-K6-X23x,Pusat
O-A15-K6-X24x,O-A15-K6-X24x,Pusat
O-A15-K6-X25x,O-A15-K6-X25x,Pusat
O-A15-K6-X26x,O-A15-K6-X26x,Pusat
O-A15-K6-X27x,O-A15-K6-X27x,Pusat
O-A15-K6-X28x,O-A15-K6-X28x,Pusat
O-A15-K6-X29x,O-A15-K6-X29x,Pusat
O-A15-K6-X2x,O-A15-K6-X2x,Pusat
O-A15-K6-X30x,O-A15-K6-X30x,Pusat
O-A15-K6-X3x,O-A15-K6-X3x,Pusat
O-A15-K6-X4x,O-A15-K6-X4x,Pusat
O-A15-K6-X5x,O-A15-K6-X5x,Pusat
O-A15-K6-X6x,O-A15-K6-X6x,Pusat
O-A15-K6-X7x,O-A15-K6-X7x,Pusat
O-A15-K6-X8x,O-A15-K6-X8x,Pusat
O-A15-K6-X9x,O-A15-K6-X9x,Pusat
O-A15-K7-X10x,O-A15-K7-X10x,Pusat
O-A15-K7-X11x,O-A15-K7-X11x,Pusat
O-A15-K7-X12x,O-A15-K7-X12x,Pusat
O-A15-K7-X13x,O-A15-K7-X13x,Pusat
O-A15-K7-X14x,O-A15-K7-X14x,Pusat
O-A15-K7-X15x,O-A15-K7-X15x,Pusat
O-A15-K7-X16x,O-A15-K7-X16x,Pusat
O-A15-K7-X17x,O-A15-K7-X17x,Pusat
O-A15-K7-X18x,O-A15-K7-X18x,Pusat
O-A15-K7-X19x,O-A15-K7-X19x,Pusat
O-A15-K7-X1x,O-A15-K7-X1x,Pusat
O-A15-K7-X20x,O-A15-K7-X20x,Pusat
O-A15-K7-X21x,O-A15-K7-X21x,Pusat
O-A15-K7-X22x,O-A15-K7-X22x,Pusat
O-A15-K7-X23x,O-A15-K7-X23x,Pusat
O-A15-K7-X24x,O-A15-K7-X24x,Pusat
O-A15-K7-X25x,O-A15-K7-X25x,Pusat
O-A15-K7-X26x,O-A15-K7-X26x,Pusat
O-A15-K7-X27x,O-A15-K7-X27x,Pusat
O-A15-K7-X28x,O-A15-K7-X28x,Pusat
O-A15-K7-X29x,O-A15-K7-X29x,Pusat
O-A15-K7-X2x,O-A15-K7-X2x,Pusat
O-A15-K7-X30x,O-A15-K7-X30x,Pusat
O-A15-K7-X3x,O-A15-K7-X3x,Pusat
O-A15-K7-X4x,O-A15-K7-X4x,Pusat
O-A15-K7-X5x,O-A15-K7-X5x,Pusat
O-A15-K7-X6x,O-A15-K7-X6x,Pusat
O-A15-K7-X7x,O-A15-K7-X7x,Pusat
O-A15-K7-X8x,O-A15-K7-X8x,Pusat
O-A15-K7-X9x,O-A15-K7-X9x,Pusat
O-A16-K1-X10x,O-A16-K1-X10x,Pusat
O-A16-K1-X11x,O-A16-K1-X11x,Pusat
O-A16-K1-X12x,O-A16-K1-X12x,Pusat
O-A16-K1-X13x,O-A16-K1-X13x,Pusat
O-A16-K1-X14x,O-A16-K1-X14x,Pusat
O-A16-K1-X15x,O-A16-K1-X15x,Pusat
O-A16-K1-X16x,O-A16-K1-X16x,Pusat
O-A16-K1-X17x,O-A16-K1-X17x,Pusat
O-A16-K1-X18x,O-A16-K1-X18x,Pusat
O-A16-K1-X19x,O-A16-K1-X19x,Pusat
O-A16-K1-X1x,O-A16-K1-X1x,Pusat
O-A16-K1-X20x,O-A16-K1-X20x,Pusat
O-A16-K1-X21x,O-A16-K1-X21x,Pusat
O-A16-K1-X22x,O-A16-K1-X22x,Pusat
O-A16-K1-X23x,O-A16-K1-X23x,Pusat
O-A16-K1-X24x,O-A16-K1-X24x,Pusat
O-A16-K1-X25x,O-A16-K1-X25x,Pusat
O-A16-K1-X26x,O-A16-K1-X26x,Pusat
O-A16-K1-X27x,O-A16-K1-X27x,Pusat
O-A16-K1-X28x,O-A16-K1-X28x,Pusat
O-A16-K1-X29x,O-A16-K1-X29x,Pusat
O-A16-K1-X2x,O-A16-K1-X2x,Pusat
O-A16-K1-X30x,O-A16-K1-X30x,Pusat
O-A16-K1-X3x,O-A16-K1-X3x,Pusat
O-A16-K1-X4x,O-A16-K1-X4x,Pusat
O-A16-K1-X5x,O-A16-K1-X5x,Pusat
O-A16-K1-X6x,O-A16-K1-X6x,Pusat
O-A16-K1-X7x,O-A16-K1-X7x,Pusat
O-A16-K1-X8x,O-A16-K1-X8x,Pusat
O-A16-K1-X9x,O-A16-K1-X9x,Pusat
O-A16-K2-X10x,O-A16-K2-X10x,Pusat
O-A16-K2-X11x,O-A16-K2-X11x,Pusat
O-A16-K2-X12x,O-A16-K2-X12x,Pusat
O-A16-K2-X13x,O-A16-K2-X13x,Pusat
O-A16-K2-X14x,O-A16-K2-X14x,Pusat
O-A16-K2-X15x,O-A16-K2-X15x,Pusat
O-A16-K2-X16x,O-A16-K2-X16x,Pusat
O-A16-K2-X17x,O-A16-K2-X17x,Pusat
O-A16-K2-X18x,O-A16-K2-X18x,Pusat
O-A16-K2-X19x,O-A16-K2-X19x,Pusat
O-A16-K2-X1x,O-A16-K2-X1x,Pusat
O-A16-K2-X20x,O-A16-K2-X20x,Pusat
O-A16-K2-X21x,O-A16-K2-X21x,Pusat
O-A16-K2-X22x,O-A16-K2-X22x,Pusat
O-A16-K2-X23x,O-A16-K2-X23x,Pusat
O-A16-K2-X24x,O-A16-K2-X24x,Pusat
O-A16-K2-X25x,O-A16-K2-X25x,Pusat
O-A16-K2-X26x,O-A16-K2-X26x,Pusat
O-A16-K2-X27x,O-A16-K2-X27x,Pusat
O-A16-K2-X28x,O-A16-K2-X28x,Pusat
O-A16-K2-X29x,O-A16-K2-X29x,Pusat
O-A16-K2-X2x,O-A16-K2-X2x,Pusat
O-A16-K2-X30x,O-A16-K2-X30x,Pusat
O-A16-K2-X3x,O-A16-K2-X3x,Pusat
O-A16-K2-X4x,O-A16-K2-X4x,Pusat
O-A16-K2-X5x,O-A16-K2-X5x,Pusat
O-A16-K2-X6x,O-A16-K2-X6x,Pusat
O-A16-K2-X7x,O-A16-K2-X7x,Pusat
O-A16-K2-X8x,O-A16-K2-X8x,Pusat
O-A16-K2-X9x,O-A16-K2-X9x,Pusat
O-A16-K3-X10x,O-A16-K3-X10x,Pusat
O-A16-K3-X11x,O-A16-K3-X11x,Pusat
O-A16-K3-X12x,O-A16-K3-X12x,Pusat
O-A16-K3-X13x,O-A16-K3-X13x,Pusat
O-A16-K3-X14x,O-A16-K3-X14x,Pusat
O-A16-K3-X15x,O-A16-K3-X15x,Pusat
O-A16-K3-X16x,O-A16-K3-X16x,Pusat
O-A16-K3-X17x,O-A16-K3-X17x,Pusat
O-A16-K3-X18x,O-A16-K3-X18x,Pusat
O-A16-K3-X19x,O-A16-K3-X19x,Pusat
O-A16-K3-X1x,O-A16-K3-X1x,Pusat
O-A16-K3-X20x,O-A16-K3-X20x,Pusat
O-A16-K3-X21x,O-A16-K3-X21x,Pusat
O-A16-K3-X22x,O-A16-K3-X22x,Pusat
O-A16-K3-X23x,O-A16-K3-X23x,Pusat
O-A16-K3-X24x,O-A16-K3-X24x,Pusat
O-A16-K3-X25x,O-A16-K3-X25x,Pusat
O-A16-K3-X26x,O-A16-K3-X26x,Pusat
O-A16-K3-X27x,O-A16-K3-X27x,Pusat
O-A16-K3-X28x,O-A16-K3-X28x,Pusat
O-A16-K3-X29x,O-A16-K3-X29x,Pusat
O-A16-K3-X2x,O-A16-K3-X2x,Pusat
O-A16-K3-X30x,O-A16-K3-X30x,Pusat
O-A16-K3-X3x,O-A16-K3-X3x,Pusat
O-A16-K3-X4x,O-A16-K3-X4x,Pusat
O-A16-K3-X5x,O-A16-K3-X5x,Pusat
O-A16-K3-X6x,O-A16-K3-X6x,Pusat
O-A16-K3-X7x,O-A16-K3-X7x,Pusat
O-A16-K3-X8x,O-A16-K3-X8x,Pusat
O-A16-K3-X9x,O-A16-K3-X9x,Pusat
O-A16-K4-X10x,O-A16-K4-X10x,Pusat
O-A16-K4-X11x,O-A16-K4-X11x,Pusat
O-A16-K4-X12x,O-A16-K4-X12x,Pusat
O-A16-K4-X13x,O-A16-K4-X13x,Pusat
O-A16-K4-X14x,O-A16-K4-X14x,Pusat
O-A16-K4-X15x,O-A16-K4-X15x,Pusat
O-A16-K4-X16x,O-A16-K4-X16x,Pusat
O-A16-K4-X17x,O-A16-K4-X17x,Pusat
O-A16-K4-X18x,O-A16-K4-X18x,Pusat
O-A16-K4-X19x,O-A16-K4-X19x,Pusat
O-A16-K4-X1x,O-A16-K4-X1x,Pusat
O-A16-K4-X20x,O-A16-K4-X20x,Pusat
O-A16-K4-X21x,O-A16-K4-X21x,Pusat
O-A16-K4-X22x,O-A16-K4-X22x,Pusat
O-A16-K4-X23x,O-A16-K4-X23x,Pusat
O-A16-K4-X24x,O-A16-K4-X24x,Pusat
O-A16-K4-X25x,O-A16-K4-X25x,Pusat
O-A16-K4-X26x,O-A16-K4-X26x,Pusat
O-A16-K4-X27x,O-A16-K4-X27x,Pusat
O-A16-K4-X28x,O-A16-K4-X28x,Pusat
O-A16-K4-X29x,O-A16-K4-X29x,Pusat
O-A16-K4-X2x,O-A16-K4-X2x,Pusat
O-A16-K4-X30x,O-A16-K4-X30x,Pusat
O-A16-K4-X3x,O-A16-K4-X3x,Pusat
O-A16-K4-X4x,O-A16-K4-X4x,Pusat
O-A16-K4-X5x,O-A16-K4-X5x,Pusat
O-A16-K4-X6x,O-A16-K4-X6x,Pusat
O-A16-K4-X7x,O-A16-K4-X7x,Pusat
O-A16-K4-X8x,O-A16-K4-X8x,Pusat
O-A16-K4-X9x,O-A16-K4-X9x,Pusat
O-A16-K5-X10x,O-A16-K5-X10x,Pusat
O-A16-K5-X11x,O-A16-K5-X11x,Pusat
O-A16-K5-X12x,O-A16-K5-X12x,Pusat
O-A16-K5-X13x,O-A16-K5-X13x,Pusat
O-A16-K5-X14x,O-A16-K5-X14x,Pusat
O-A16-K5-X15x,O-A16-K5-X15x,Pusat
O-A16-K5-X16x,O-A16-K5-X16x,Pusat
O-A16-K5-X17x,O-A16-K5-X17x,Pusat
O-A16-K5-X18x,O-A16-K5-X18x,Pusat
O-A16-K5-X19x,O-A16-K5-X19x,Pusat
O-A16-K5-X1x,O-A16-K5-X1x,Pusat
O-A16-K5-X20x,O-A16-K5-X20x,Pusat
O-A16-K5-X21x,O-A16-K5-X21x,Pusat
O-A16-K5-X22x,O-A16-K5-X22x,Pusat
O-A16-K5-X23x,O-A16-K5-X23x,Pusat
O-A16-K5-X24x,O-A16-K5-X24x,Pusat
O-A16-K5-X25x,O-A16-K5-X25x,Pusat
O-A16-K5-X26x,O-A16-K5-X26x,Pusat
O-A16-K5-X27x,O-A16-K5-X27x,Pusat
O-A16-K5-X28x,O-A16-K5-X28x,Pusat
O-A16-K5-X29x,O-A16-K5-X29x,Pusat
O-A16-K5-X2x,O-A16-K5-X2x,Pusat
O-A16-K5-X30x,O-A16-K5-X30x,Pusat
O-A16-K5-X3x,O-A16-K5-X3x,Pusat
O-A16-K5-X4x,O-A16-K5-X4x,Pusat
O-A16-K5-X5x,O-A16-K5-X5x,Pusat
O-A16-K5-X6x,O-A16-K5-X6x,Pusat
O-A16-K5-X7x,O-A16-K5-X7x,Pusat
O-A16-K5-X8x,O-A16-K5-X8x,Pusat
O-A16-K5-X9x,O-A16-K5-X9x,Pusat
O-A16-K6-X10x,O-A16-K6-X10x,Pusat
O-A16-K6-X11x,O-A16-K6-X11x,Pusat
O-A16-K6-X12x,O-A16-K6-X12x,Pusat
O-A16-K6-X13x,O-A16-K6-X13x,Pusat
O-A16-K6-X14x,O-A16-K6-X14x,Pusat
O-A16-K6-X15x,O-A16-K6-X15x,Pusat
O-A16-K6-X16x,O-A16-K6-X16x,Pusat
O-A16-K6-X17x,O-A16-K6-X17x,Pusat
O-A16-K6-X18x,O-A16-K6-X18x,Pusat
O-A16-K6-X19x,O-A16-K6-X19x,Pusat
O-A16-K6-X1x,O-A16-K6-X1x,Pusat
O-A16-K6-X20x,O-A16-K6-X20x,Pusat
O-A16-K6-X21x,O-A16-K6-X21x,Pusat
O-A16-K6-X22x,O-A16-K6-X22x,Pusat
O-A16-K6-X23x,O-A16-K6-X23x,Pusat
O-A16-K6-X24x,O-A16-K6-X24x,Pusat
O-A16-K6-X25x,O-A16-K6-X25x,Pusat
O-A16-K6-X26x,O-A16-K6-X26x,Pusat
O-A16-K6-X27x,O-A16-K6-X27x,Pusat
O-A16-K6-X28x,O-A16-K6-X28x,Pusat
O-A16-K6-X29x,O-A16-K6-X29x,Pusat
O-A16-K6-X2x,O-A16-K6-X2x,Pusat
O-A16-K6-X30x,O-A16-K6-X30x,Pusat
O-A16-K6-X3x,O-A16-K6-X3x,Pusat
O-A16-K6-X4x,O-A16-K6-X4x,Pusat
O-A16-K6-X5x,O-A16-K6-X5x,Pusat
O-A16-K6-X6x,O-A16-K6-X6x,Pusat
O-A16-K6-X7x,O-A16-K6-X7x,Pusat
O-A16-K6-X8x,O-A16-K6-X8x,Pusat
O-A16-K6-X9x,O-A16-K6-X9x,Pusat
O-A16-K7-X10x,O-A16-K7-X10x,Pusat
O-A16-K7-X11x,O-A16-K7-X11x,Pusat
O-A16-K7-X12x,O-A16-K7-X12x,Pusat
O-A16-K7-X13x,O-A16-K7-X13x,Pusat
O-A16-K7-X14x,O-A16-K7-X14x,Pusat
O-A16-K7-X15x,O-A16-K7-X15x,Pusat
O-A16-K7-X16x,O-A16-K7-X16x,Pusat
O-A16-K7-X17x,O-A16-K7-X17x,Pusat
O-A16-K7-X18x,O-A16-K7-X18x,Pusat
O-A16-K7-X19x,O-A16-K7-X19x,Pusat
O-A16-K7-X1x,O-A16-K7-X1x,Pusat
O-A16-K7-X20x,O-A16-K7-X20x,Pusat
O-A16-K7-X21x,O-A16-K7-X21x,Pusat
O-A16-K7-X22x,O-A16-K7-X22x,Pusat
O-A16-K7-X23x,O-A16-K7-X23x,Pusat
O-A16-K7-X24x,O-A16-K7-X24x,Pusat
O-A16-K7-X25x,O-A16-K7-X25x,Pusat
O-A16-K7-X26x,O-A16-K7-X26x,Pusat
O-A16-K7-X27x,O-A16-K7-X27x,Pusat
O-A16-K7-X28x,O-A16-K7-X28x,Pusat
O-A16-K7-X29x,O-A16-K7-X29x,Pusat
O-A16-K7-X2x,O-A16-K7-X2x,Pusat
O-A16-K7-X30x,O-A16-K7-X30x,Pusat
O-A16-K7-X3x,O-A16-K7-X3x,Pusat
O-A16-K7-X4x,O-A16-K7-X4x,Pusat
O-A16-K7-X5x,O-A16-K7-X5x,Pusat
O-A16-K7-X6x,O-A16-K7-X6x,Pusat
O-A16-K7-X7x,O-A16-K7-X7x,Pusat
O-A16-K7-X8x,O-A16-K7-X8x,Pusat
O-A16-K7-X9x,O-A16-K7-X9x,Pusat
O-A17-K1-X10x,O-A17-K1-X10x,Pusat
O-A17-K1-X11x,O-A17-K1-X11x,Pusat
O-A17-K1-X12x,O-A17-K1-X12x,Pusat
O-A17-K1-X13x,O-A17-K1-X13x,Pusat
O-A17-K1-X14x,O-A17-K1-X14x,Pusat
O-A17-K1-X15x,O-A17-K1-X15x,Pusat
O-A17-K1-X16x,O-A17-K1-X16x,Pusat
O-A17-K1-X17x,O-A17-K1-X17x,Pusat
O-A17-K1-X18x,O-A17-K1-X18x,Pusat
O-A17-K1-X19x,O-A17-K1-X19x,Pusat
O-A17-K1-X1x,O-A17-K1-X1x,Pusat
O-A17-K1-X20x,O-A17-K1-X20x,Pusat
O-A17-K1-X21x,O-A17-K1-X21x,Pusat
O-A17-K1-X22x,O-A17-K1-X22x,Pusat
O-A17-K1-X23x,O-A17-K1-X23x,Pusat
O-A17-K1-X24x,O-A17-K1-X24x,Pusat
O-A17-K1-X25x,O-A17-K1-X25x,Pusat
O-A17-K1-X26x,O-A17-K1-X26x,Pusat
O-A17-K1-X27x,O-A17-K1-X27x,Pusat
O-A17-K1-X28x,O-A17-K1-X28x,Pusat
O-A17-K1-X29x,O-A17-K1-X29x,Pusat
O-A17-K1-X2x,O-A17-K1-X2x,Pusat
O-A17-K1-X30x,O-A17-K1-X30x,Pusat
O-A17-K1-X3x,O-A17-K1-X3x,Pusat
O-A17-K1-X4x,O-A17-K1-X4x,Pusat
O-A17-K1-X5x,O-A17-K1-X5x,Pusat
O-A17-K1-X6x,O-A17-K1-X6x,Pusat
O-A17-K1-X7x,O-A17-K1-X7x,Pusat
O-A17-K1-X8x,O-A17-K1-X8x,Pusat
O-A17-K1-X9x,O-A17-K1-X9x,Pusat
O-A17-K2-X10x,O-A17-K2-X10x,Pusat
O-A17-K2-X11x,O-A17-K2-X11x,Pusat
O-A17-K2-X12x,O-A17-K2-X12x,Pusat
O-A17-K2-X13x,O-A17-K2-X13x,Pusat
O-A17-K2-X14x,O-A17-K2-X14x,Pusat
O-A17-K2-X15x,O-A17-K2-X15x,Pusat
O-A17-K2-X16x,O-A17-K2-X16x,Pusat
O-A17-K2-X17x,O-A17-K2-X17x,Pusat
O-A17-K2-X18x,O-A17-K2-X18x,Pusat
O-A17-K2-X19x,O-A17-K2-X19x,Pusat
O-A17-K2-X1x,O-A17-K2-X1x,Pusat
O-A17-K2-X20x,O-A17-K2-X20x,Pusat
O-A17-K2-X21x,O-A17-K2-X21x,Pusat
O-A17-K2-X22x,O-A17-K2-X22x,Pusat
O-A17-K2-X23x,O-A17-K2-X23x,Pusat
O-A17-K2-X24x,O-A17-K2-X24x,Pusat
O-A17-K2-X25x,O-A17-K2-X25x,Pusat
O-A17-K2-X26x,O-A17-K2-X26x,Pusat
O-A17-K2-X27x,O-A17-K2-X27x,Pusat
O-A17-K2-X28x,O-A17-K2-X28x,Pusat
O-A17-K2-X29x,O-A17-K2-X29x,Pusat
O-A17-K2-X2x,O-A17-K2-X2x,Pusat
O-A17-K2-X30x,O-A17-K2-X30x,Pusat
O-A17-K2-X3x,O-A17-K2-X3x,Pusat
O-A17-K2-X4x,O-A17-K2-X4x,Pusat
O-A17-K2-X5x,O-A17-K2-X5x,Pusat
O-A17-K2-X6x,O-A17-K2-X6x,Pusat
O-A17-K2-X7x,O-A17-K2-X7x,Pusat
O-A17-K2-X8x,O-A17-K2-X8x,Pusat
O-A17-K2-X9x,O-A17-K2-X9x,Pusat
O-A17-K3-X10x,O-A17-K3-X10x,Pusat
O-A17-K3-X11x,O-A17-K3-X11x,Pusat
O-A17-K3-X12x,O-A17-K3-X12x,Pusat
O-A17-K3-X13x,O-A17-K3-X13x,Pusat
O-A17-K3-X14x,O-A17-K3-X14x,Pusat
O-A17-K3-X15x,O-A17-K3-X15x,Pusat
O-A17-K3-X16x,O-A17-K3-X16x,Pusat
O-A17-K3-X17x,O-A17-K3-X17x,Pusat
O-A17-K3-X18x,O-A17-K3-X18x,Pusat
O-A17-K3-X19x,O-A17-K3-X19x,Pusat
O-A17-K3-X1x,O-A17-K3-X1x,Pusat
O-A17-K3-X20x,O-A17-K3-X20x,Pusat
O-A17-K3-X21x,O-A17-K3-X21x,Pusat
O-A17-K3-X22x,O-A17-K3-X22x,Pusat
O-A17-K3-X23x,O-A17-K3-X23x,Pusat
O-A17-K3-X24x,O-A17-K3-X24x,Pusat
O-A17-K3-X25x,O-A17-K3-X25x,Pusat
O-A17-K3-X26x,O-A17-K3-X26x,Pusat
O-A17-K3-X27x,O-A17-K3-X27x,Pusat
O-A17-K3-X28x,O-A17-K3-X28x,Pusat
O-A17-K3-X29x,O-A17-K3-X29x,Pusat
O-A17-K3-X2x,O-A17-K3-X2x,Pusat
O-A17-K3-X30x,O-A17-K3-X30x,Pusat
O-A17-K3-X3x,O-A17-K3-X3x,Pusat
O-A17-K3-X4x,O-A17-K3-X4x,Pusat
O-A17-K3-X5x,O-A17-K3-X5x,Pusat
O-A17-K3-X6x,O-A17-K3-X6x,Pusat
O-A17-K3-X7x,O-A17-K3-X7x,Pusat
O-A17-K3-X8x,O-A17-K3-X8x,Pusat
O-A17-K3-X9x,O-A17-K3-X9x,Pusat
O-A17-K4-X10x,O-A17-K4-X10x,Pusat
O-A17-K4-X11x,O-A17-K4-X11x,Pusat
O-A17-K4-X12x,O-A17-K4-X12x,Pusat
O-A17-K4-X13x,O-A17-K4-X13x,Pusat
O-A17-K4-X14x,O-A17-K4-X14x,Pusat
O-A17-K4-X15x,O-A17-K4-X15x,Pusat
O-A17-K4-X16x,O-A17-K4-X16x,Pusat
O-A17-K4-X17x,O-A17-K4-X17x,Pusat
O-A17-K4-X18x,O-A17-K4-X18x,Pusat
O-A17-K4-X19x,O-A17-K4-X19x,Pusat
O-A17-K4-X1x,O-A17-K4-X1x,Pusat
O-A17-K4-X20x,O-A17-K4-X20x,Pusat
O-A17-K4-X21x,O-A17-K4-X21x,Pusat
O-A17-K4-X22x,O-A17-K4-X22x,Pusat
O-A17-K4-X23x,O-A17-K4-X23x,Pusat
O-A17-K4-X24x,O-A17-K4-X24x,Pusat
O-A17-K4-X25x,O-A17-K4-X25x,Pusat
O-A17-K4-X26x,O-A17-K4-X26x,Pusat
O-A17-K4-X27x,O-A17-K4-X27x,Pusat
O-A17-K4-X28x,O-A17-K4-X28x,Pusat
O-A17-K4-X29x,O-A17-K4-X29x,Pusat
O-A17-K4-X2x,O-A17-K4-X2x,Pusat
O-A17-K4-X30x,O-A17-K4-X30x,Pusat
O-A17-K4-X3x,O-A17-K4-X3x,Pusat
O-A17-K4-X4x,O-A17-K4-X4x,Pusat
O-A17-K4-X5x,O-A17-K4-X5x,Pusat
O-A17-K4-X6x,O-A17-K4-X6x,Pusat
O-A17-K4-X7x,O-A17-K4-X7x,Pusat
O-A17-K4-X8x,O-A17-K4-X8x,Pusat
O-A17-K4-X9x,O-A17-K4-X9x,Pusat
O-A17-K5-X10x,O-A17-K5-X10x,Pusat
O-A17-K5-X11x,O-A17-K5-X11x,Pusat
O-A17-K5-X12x,O-A17-K5-X12x,Pusat
O-A17-K5-X13x,O-A17-K5-X13x,Pusat
O-A17-K5-X14x,O-A17-K5-X14x,Pusat
O-A17-K5-X15x,O-A17-K5-X15x,Pusat
O-A17-K5-X16x,O-A17-K5-X16x,Pusat
O-A17-K5-X17x,O-A17-K5-X17x,Pusat
O-A17-K5-X18x,O-A17-K5-X18x,Pusat
O-A17-K5-X19x,O-A17-K5-X19x,Pusat
O-A17-K5-X1x,O-A17-K5-X1x,Pusat
O-A17-K5-X20x,O-A17-K5-X20x,Pusat
O-A17-K5-X21x,O-A17-K5-X21x,Pusat
O-A17-K5-X22x,O-A17-K5-X22x,Pusat
O-A17-K5-X23x,O-A17-K5-X23x,Pusat
O-A17-K5-X24x,O-A17-K5-X24x,Pusat
O-A17-K5-X25x,O-A17-K5-X25x,Pusat
O-A17-K5-X26x,O-A17-K5-X26x,Pusat
O-A17-K5-X27x,O-A17-K5-X27x,Pusat
O-A17-K5-X28x,O-A17-K5-X28x,Pusat
O-A17-K5-X29x,O-A17-K5-X29x,Pusat
O-A17-K5-X2x,O-A17-K5-X2x,Pusat
O-A17-K5-X30x,O-A17-K5-X30x,Pusat
O-A17-K5-X3x,O-A17-K5-X3x,Pusat
O-A17-K5-X4x,O-A17-K5-X4x,Pusat
O-A17-K5-X5x,O-A17-K5-X5x,Pusat
O-A17-K5-X6x,O-A17-K5-X6x,Pusat
O-A17-K5-X7x,O-A17-K5-X7x,Pusat
O-A17-K5-X8x,O-A17-K5-X8x,Pusat
O-A17-K5-X9x,O-A17-K5-X9x,Pusat
O-A17-K6-X10x,O-A17-K6-X10x,Pusat
O-A17-K6-X11x,O-A17-K6-X11x,Pusat
O-A17-K6-X12x,O-A17-K6-X12x,Pusat
O-A17-K6-X13x,O-A17-K6-X13x,Pusat
O-A17-K6-X14x,O-A17-K6-X14x,Pusat
O-A17-K6-X15x,O-A17-K6-X15x,Pusat
O-A17-K6-X16x,O-A17-K6-X16x,Pusat
O-A17-K6-X17x,O-A17-K6-X17x,Pusat
O-A17-K6-X18x,O-A17-K6-X18x,Pusat
O-A17-K6-X19x,O-A17-K6-X19x,Pusat
O-A17-K6-X1x,O-A17-K6-X1x,Pusat
O-A17-K6-X20x,O-A17-K6-X20x,Pusat
O-A17-K6-X21x,O-A17-K6-X21x,Pusat
O-A17-K6-X22x,O-A17-K6-X22x,Pusat
O-A17-K6-X23x,O-A17-K6-X23x,Pusat
O-A17-K6-X24x,O-A17-K6-X24x,Pusat
O-A17-K6-X25x,O-A17-K6-X25x,Pusat
O-A17-K6-X26x,O-A17-K6-X26x,Pusat
O-A17-K6-X27x,O-A17-K6-X27x,Pusat
O-A17-K6-X28x,O-A17-K6-X28x,Pusat
O-A17-K6-X29x,O-A17-K6-X29x,Pusat
O-A17-K6-X2x,O-A17-K6-X2x,Pusat
O-A17-K6-X30x,O-A17-K6-X30x,Pusat
O-A17-K6-X3x,O-A17-K6-X3x,Pusat
O-A17-K6-X4x,O-A17-K6-X4x,Pusat
O-A17-K6-X5x,O-A17-K6-X5x,Pusat
O-A17-K6-X6x,O-A17-K6-X6x,Pusat
O-A17-K6-X7x,O-A17-K6-X7x,Pusat
O-A17-K6-X8x,O-A17-K6-X8x,Pusat
O-A17-K6-X9x,O-A17-K6-X9x,Pusat
O-A17-K7-X10x,O-A17-K7-X10x,Pusat
O-A17-K7-X11x,O-A17-K7-X11x,Pusat
O-A17-K7-X12x,O-A17-K7-X12x,Pusat
O-A17-K7-X13x,O-A17-K7-X13x,Pusat
O-A17-K7-X14x,O-A17-K7-X14x,Pusat
O-A17-K7-X15x,O-A17-K7-X15x,Pusat
O-A17-K7-X16x,O-A17-K7-X16x,Pusat
O-A17-K7-X17x,O-A17-K7-X17x,Pusat
O-A17-K7-X18x,O-A17-K7-X18x,Pusat
O-A17-K7-X19x,O-A17-K7-X19x,Pusat
O-A17-K7-X1x,O-A17-K7-X1x,Pusat
O-A17-K7-X20x,O-A17-K7-X20x,Pusat
O-A17-K7-X21x,O-A17-K7-X21x,Pusat
O-A17-K7-X22x,O-A17-K7-X22x,Pusat
O-A17-K7-X23x,O-A17-K7-X23x,Pusat
O-A17-K7-X24x,O-A17-K7-X24x,Pusat
O-A17-K7-X25x,O-A17-K7-X25x,Pusat
O-A17-K7-X26x,O-A17-K7-X26x,Pusat
O-A17-K7-X27x,O-A17-K7-X27x,Pusat
O-A17-K7-X28x,O-A17-K7-X28x,Pusat
O-A17-K7-X29x,O-A17-K7-X29x,Pusat
O-A17-K7-X2x,O-A17-K7-X2x,Pusat
O-A17-K7-X30x,O-A17-K7-X30x,Pusat
O-A17-K7-X3x,O-A17-K7-X3x,Pusat
O-A17-K7-X4x,O-A17-K7-X4x,Pusat
O-A17-K7-X5x,O-A17-K7-X5x,Pusat
O-A17-K7-X6x,O-A17-K7-X6x,Pusat
O-A17-K7-X7x,O-A17-K7-X7x,Pusat
O-A17-K7-X8x,O-A17-K7-X8x,Pusat
O-A17-K7-X9x,O-A17-K7-X9x,Pusat
O-A18-K1-X10x,O-A18-K1-X10x,Pusat
O-A18-K1-X11x,O-A18-K1-X11x,Pusat
O-A18-K1-X12x,O-A18-K1-X12x,Pusat
O-A18-K1-X13x,O-A18-K1-X13x,Pusat
O-A18-K1-X14x,O-A18-K1-X14x,Pusat
O-A18-K1-X15x,O-A18-K1-X15x,Pusat
O-A18-K1-X16x,O-A18-K1-X16x,Pusat
O-A18-K1-X17x,O-A18-K1-X17x,Pusat
O-A18-K1-X18x,O-A18-K1-X18x,Pusat
O-A18-K1-X19x,O-A18-K1-X19x,Pusat
O-A18-K1-X1x,O-A18-K1-X1x,Pusat
O-A18-K1-X20x,O-A18-K1-X20x,Pusat
O-A18-K1-X21x,O-A18-K1-X21x,Pusat
O-A18-K1-X22x,O-A18-K1-X22x,Pusat
O-A18-K1-X23x,O-A18-K1-X23x,Pusat
O-A18-K1-X24x,O-A18-K1-X24x,Pusat
O-A18-K1-X25x,O-A18-K1-X25x,Pusat
O-A18-K1-X26x,O-A18-K1-X26x,Pusat
O-A18-K1-X27x,O-A18-K1-X27x,Pusat
O-A18-K1-X28x,O-A18-K1-X28x,Pusat
O-A18-K1-X29x,O-A18-K1-X29x,Pusat
O-A18-K1-X2x,O-A18-K1-X2x,Pusat
O-A18-K1-X30x,O-A18-K1-X30x,Pusat
O-A18-K1-X3x,O-A18-K1-X3x,Pusat
O-A18-K1-X4x,O-A18-K1-X4x,Pusat
O-A18-K1-X5x,O-A18-K1-X5x,Pusat
O-A18-K1-X6x,O-A18-K1-X6x,Pusat
O-A18-K1-X7x,O-A18-K1-X7x,Pusat
O-A18-K1-X8x,O-A18-K1-X8x,Pusat
O-A18-K1-X9x,O-A18-K1-X9x,Pusat
O-A18-K2-X10x,O-A18-K2-X10x,Pusat
O-A18-K2-X11x,O-A18-K2-X11x,Pusat
O-A18-K2-X12x,O-A18-K2-X12x,Pusat
O-A18-K2-X13x,O-A18-K2-X13x,Pusat
O-A18-K2-X14x,O-A18-K2-X14x,Pusat
O-A18-K2-X15x,O-A18-K2-X15x,Pusat
O-A18-K2-X16x,O-A18-K2-X16x,Pusat
O-A18-K2-X17x,O-A18-K2-X17x,Pusat
O-A18-K2-X18x,O-A18-K2-X18x,Pusat
O-A18-K2-X19x,O-A18-K2-X19x,Pusat
O-A18-K2-X1x,O-A18-K2-X1x,Pusat
O-A18-K2-X20x,O-A18-K2-X20x,Pusat
O-A18-K2-X21x,O-A18-K2-X21x,Pusat
O-A18-K2-X22x,O-A18-K2-X22x,Pusat
O-A18-K2-X23x,O-A18-K2-X23x,Pusat
O-A18-K2-X24x,O-A18-K2-X24x,Pusat
O-A18-K2-X25x,O-A18-K2-X25x,Pusat
O-A18-K2-X26x,O-A18-K2-X26x,Pusat
O-A18-K2-X27x,O-A18-K2-X27x,Pusat
O-A18-K2-X28x,O-A18-K2-X28x,Pusat
O-A18-K2-X29x,O-A18-K2-X29x,Pusat
O-A18-K2-X2x,O-A18-K2-X2x,Pusat
O-A18-K2-X30x,O-A18-K2-X30x,Pusat
O-A18-K2-X3x,O-A18-K2-X3x,Pusat
O-A18-K2-X4x,O-A18-K2-X4x,Pusat
O-A18-K2-X5x,O-A18-K2-X5x,Pusat
O-A18-K2-X6x,O-A18-K2-X6x,Pusat
O-A18-K2-X7x,O-A18-K2-X7x,Pusat
O-A18-K2-X8x,O-A18-K2-X8x,Pusat
O-A18-K2-X9x,O-A18-K2-X9x,Pusat
O-A18-K3-X10x,O-A18-K3-X10x,Pusat
O-A18-K3-X11x,O-A18-K3-X11x,Pusat
O-A18-K3-X12x,O-A18-K3-X12x,Pusat
O-A18-K3-X13x,O-A18-K3-X13x,Pusat
O-A18-K3-X14x,O-A18-K3-X14x,Pusat
O-A18-K3-X15x,O-A18-K3-X15x,Pusat
O-A18-K3-X16x,O-A18-K3-X16x,Pusat
O-A18-K3-X17x,O-A18-K3-X17x,Pusat
O-A18-K3-X18x,O-A18-K3-X18x,Pusat
O-A18-K3-X19x,O-A18-K3-X19x,Pusat
O-A18-K3-X1x,O-A18-K3-X1x,Pusat
O-A18-K3-X20x,O-A18-K3-X20x,Pusat
O-A18-K3-X21x,O-A18-K3-X21x,Pusat
O-A18-K3-X22x,O-A18-K3-X22x,Pusat
O-A18-K3-X23x,O-A18-K3-X23x,Pusat
O-A18-K3-X24x,O-A18-K3-X24x,Pusat
O-A18-K3-X25x,O-A18-K3-X25x,Pusat
O-A18-K3-X26x,O-A18-K3-X26x,Pusat
O-A18-K3-X27x,O-A18-K3-X27x,Pusat
O-A18-K3-X28x,O-A18-K3-X28x,Pusat
O-A18-K3-X29x,O-A18-K3-X29x,Pusat
O-A18-K3-X2x,O-A18-K3-X2x,Pusat
O-A18-K3-X30x,O-A18-K3-X30x,Pusat
O-A18-K3-X3x,O-A18-K3-X3x,Pusat
O-A18-K3-X4x,O-A18-K3-X4x,Pusat
O-A18-K3-X5x,O-A18-K3-X5x,Pusat
O-A18-K3-X6x,O-A18-K3-X6x,Pusat
O-A18-K3-X7x,O-A18-K3-X7x,Pusat
O-A18-K3-X8x,O-A18-K3-X8x,Pusat
O-A18-K3-X9x,O-A18-K3-X9x,Pusat
O-A18-K4-X10x,O-A18-K4-X10x,Pusat
O-A18-K4-X11x,O-A18-K4-X11x,Pusat
O-A18-K4-X12x,O-A18-K4-X12x,Pusat
O-A18-K4-X13x,O-A18-K4-X13x,Pusat
O-A18-K4-X14x,O-A18-K4-X14x,Pusat
O-A18-K4-X15x,O-A18-K4-X15x,Pusat
O-A18-K4-X16x,O-A18-K4-X16x,Pusat
O-A18-K4-X17x,O-A18-K4-X17x,Pusat
O-A18-K4-X18x,O-A18-K4-X18x,Pusat
O-A18-K4-X19x,O-A18-K4-X19x,Pusat
O-A18-K4-X1x,O-A18-K4-X1x,Pusat
O-A18-K4-X20x,O-A18-K4-X20x,Pusat
O-A18-K4-X21x,O-A18-K4-X21x,Pusat
O-A18-K4-X22x,O-A18-K4-X22x,Pusat
O-A18-K4-X23x,O-A18-K4-X23x,Pusat
O-A18-K4-X24x,O-A18-K4-X24x,Pusat
O-A18-K4-X25x,O-A18-K4-X25x,Pusat
O-A18-K4-X26x,O-A18-K4-X26x,Pusat
O-A18-K4-X27x,O-A18-K4-X27x,Pusat
O-A18-K4-X28x,O-A18-K4-X28x,Pusat
O-A18-K4-X29x,O-A18-K4-X29x,Pusat
O-A18-K4-X2x,O-A18-K4-X2x,Pusat
O-A18-K4-X30x,O-A18-K4-X30x,Pusat
O-A18-K4-X3x,O-A18-K4-X3x,Pusat
O-A18-K4-X4x,O-A18-K4-X4x,Pusat
O-A18-K4-X5x,O-A18-K4-X5x,Pusat
O-A18-K4-X6x,O-A18-K4-X6x,Pusat
O-A18-K4-X7x,O-A18-K4-X7x,Pusat
O-A18-K4-X8x,O-A18-K4-X8x,Pusat
O-A18-K4-X9x,O-A18-K4-X9x,Pusat
O-A18-K5-X10x,O-A18-K5-X10x,Pusat
O-A18-K5-X11x,O-A18-K5-X11x,Pusat
O-A18-K5-X12x,O-A18-K5-X12x,Pusat
O-A18-K5-X13x,O-A18-K5-X13x,Pusat
O-A18-K5-X14x,O-A18-K5-X14x,Pusat
O-A18-K5-X15x,O-A18-K5-X15x,Pusat
O-A18-K5-X16x,O-A18-K5-X16x,Pusat
O-A18-K5-X17x,O-A18-K5-X17x,Pusat
O-A18-K5-X18x,O-A18-K5-X18x,Pusat
O-A18-K5-X19x,O-A18-K5-X19x,Pusat
O-A18-K5-X1x,O-A18-K5-X1x,Pusat
O-A18-K5-X20x,O-A18-K5-X20x,Pusat
O-A18-K5-X21x,O-A18-K5-X21x,Pusat
O-A18-K5-X22x,O-A18-K5-X22x,Pusat
O-A18-K5-X23x,O-A18-K5-X23x,Pusat
O-A18-K5-X24x,O-A18-K5-X24x,Pusat
O-A18-K5-X25x,O-A18-K5-X25x,Pusat
O-A18-K5-X26x,O-A18-K5-X26x,Pusat
O-A18-K5-X27x,O-A18-K5-X27x,Pusat
O-A18-K5-X28x,O-A18-K5-X28x,Pusat
O-A18-K5-X29x,O-A18-K5-X29x,Pusat
O-A18-K5-X2x,O-A18-K5-X2x,Pusat
O-A18-K5-X30x,O-A18-K5-X30x,Pusat
O-A18-K5-X3x,O-A18-K5-X3x,Pusat
O-A18-K5-X4x,O-A18-K5-X4x,Pusat
O-A18-K5-X5x,O-A18-K5-X5x,Pusat
O-A18-K5-X6x,O-A18-K5-X6x,Pusat
O-A18-K5-X7x,O-A18-K5-X7x,Pusat
O-A18-K5-X8x,O-A18-K5-X8x,Pusat
O-A18-K5-X9x,O-A18-K5-X9x,Pusat
O-A18-K6-X10x,O-A18-K6-X10x,Pusat
O-A18-K6-X11x,O-A18-K6-X11x,Pusat
O-A18-K6-X12x,O-A18-K6-X12x,Pusat
O-A18-K6-X13x,O-A18-K6-X13x,Pusat
O-A18-K6-X14x,O-A18-K6-X14x,Pusat
O-A18-K6-X15x,O-A18-K6-X15x,Pusat
O-A18-K6-X16x,O-A18-K6-X16x,Pusat
O-A18-K6-X17x,O-A18-K6-X17x,Pusat
O-A18-K6-X18x,O-A18-K6-X18x,Pusat
O-A18-K6-X19x,O-A18-K6-X19x,Pusat
O-A18-K6-X1x,O-A18-K6-X1x,Pusat
O-A18-K6-X20x,O-A18-K6-X20x,Pusat
O-A18-K6-X21x,O-A18-K6-X21x,Pusat
O-A18-K6-X22x,O-A18-K6-X22x,Pusat
O-A18-K6-X23x,O-A18-K6-X23x,Pusat
O-A18-K6-X24x,O-A18-K6-X24x,Pusat
O-A18-K6-X25x,O-A18-K6-X25x,Pusat
O-A18-K6-X26x,O-A18-K6-X26x,Pusat
O-A18-K6-X27x,O-A18-K6-X27x,Pusat
O-A18-K6-X28x,O-A18-K6-X28x,Pusat
O-A18-K6-X29x,O-A18-K6-X29x,Pusat
O-A18-K6-X2x,O-A18-K6-X2x,Pusat
O-A18-K6-X30x,O-A18-K6-X30x,Pusat
O-A18-K6-X3x,O-A18-K6-X3x,Pusat
O-A18-K6-X4x,O-A18-K6-X4x,Pusat
O-A18-K6-X5x,O-A18-K6-X5x,Pusat
O-A18-K6-X6x,O-A18-K6-X6x,Pusat
O-A18-K6-X7x,O-A18-K6-X7x,Pusat
O-A18-K6-X8x,O-A18-K6-X8x,Pusat
O-A18-K6-X9x,O-A18-K6-X9x,Pusat
O-A18-K7-X10x,O-A18-K7-X10x,Pusat
O-A18-K7-X11x,O-A18-K7-X11x,Pusat
O-A18-K7-X12x,O-A18-K7-X12x,Pusat
O-A18-K7-X13x,O-A18-K7-X13x,Pusat
O-A18-K7-X14x,O-A18-K7-X14x,Pusat
O-A18-K7-X15x,O-A18-K7-X15x,Pusat
O-A18-K7-X16x,O-A18-K7-X16x,Pusat
O-A18-K7-X17x,O-A18-K7-X17x,Pusat
O-A18-K7-X18x,O-A18-K7-X18x,Pusat
O-A18-K7-X19x,O-A18-K7-X19x,Pusat
O-A18-K7-X1x,O-A18-K7-X1x,Pusat
O-A18-K7-X20x,O-A18-K7-X20x,Pusat
O-A18-K7-X21x,O-A18-K7-X21x,Pusat
O-A18-K7-X22x,O-A18-K7-X22x,Pusat
O-A18-K7-X23x,O-A18-K7-X23x,Pusat
O-A18-K7-X24x,O-A18-K7-X24x,Pusat
O-A18-K7-X25x,O-A18-K7-X25x,Pusat
O-A18-K7-X26x,O-A18-K7-X26x,Pusat
O-A18-K7-X27x,O-A18-K7-X27x,Pusat
O-A18-K7-X28x,O-A18-K7-X28x,Pusat
O-A18-K7-X29x,O-A18-K7-X29x,Pusat
O-A18-K7-X2x,O-A18-K7-X2x,Pusat
O-A18-K7-X30x,O-A18-K7-X30x,Pusat
O-A18-K7-X3x,O-A18-K7-X3x,Pusat
O-A18-K7-X4x,O-A18-K7-X4x,Pusat
O-A18-K7-X5x,O-A18-K7-X5x,Pusat
O-A18-K7-X6x,O-A18-K7-X6x,Pusat
O-A18-K7-X7x,O-A18-K7-X7x,Pusat
O-A18-K7-X8x,O-A18-K7-X8x,Pusat
O-A18-K7-X9x,O-A18-K7-X9x,Pusat
O-A2-K1-X10x,O-A2-K1-X10x,Pusat
O-A2-K1-X11x,O-A2-K1-X11x,Pusat
O-A2-K1-X12x,O-A2-K1-X12x,Pusat
O-A2-K1-X13x,O-A2-K1-X13x,Pusat
O-A2-K1-X14x,O-A2-K1-X14x,Pusat
O-A2-K1-X15x,O-A2-K1-X15x,Pusat
O-A2-K1-X16x,O-A2-K1-X16x,Pusat
O-A2-K1-X17x,O-A2-K1-X17x,Pusat
O-A2-K1-X18x,O-A2-K1-X18x,Pusat
O-A2-K1-X19x,O-A2-K1-X19x,Pusat
O-A2-K1-X1x,O-A2-K1-X1x,Pusat
O-A2-K1-X20x,O-A2-K1-X20x,Pusat
O-A2-K1-X21x,O-A2-K1-X21x,Pusat
O-A2-K1-X22x,O-A2-K1-X22x,Pusat
O-A2-K1-X23x,O-A2-K1-X23x,Pusat
O-A2-K1-X24x,O-A2-K1-X24x,Pusat
O-A2-K1-X25x,O-A2-K1-X25x,Pusat
O-A2-K1-X26x,O-A2-K1-X26x,Pusat
O-A2-K1-X27x,O-A2-K1-X27x,Pusat
O-A2-K1-X28x,O-A2-K1-X28x,Pusat
O-A2-K1-X29x,O-A2-K1-X29x,Pusat
O-A2-K1-X2x,O-A2-K1-X2x,Pusat
O-A2-K1-X30x,O-A2-K1-X30x,Pusat
O-A2-K1-X3x,O-A2-K1-X3x,Pusat
O-A2-K1-X4x,O-A2-K1-X4x,Pusat
O-A2-K1-X5x,O-A2-K1-X5x,Pusat
O-A2-K1-X6x,O-A2-K1-X6x,Pusat
O-A2-K1-X7x,O-A2-K1-X7x,Pusat
O-A2-K1-X8x,O-A2-K1-X8x,Pusat
O-A2-K1-X9x,O-A2-K1-X9x,Pusat
O-A2-K2-X10x,O-A2-K2-X10x,Pusat
O-A2-K2-X11x,O-A2-K2-X11x,Pusat
O-A2-K2-X12x,O-A2-K2-X12x,Pusat
O-A2-K2-X13x,O-A2-K2-X13x,Pusat
O-A2-K2-X14x,O-A2-K2-X14x,Pusat
O-A2-K2-X15x,O-A2-K2-X15x,Pusat
O-A2-K2-X16x,O-A2-K2-X16x,Pusat
O-A2-K2-X17x,O-A2-K2-X17x,Pusat
O-A2-K2-X18x,O-A2-K2-X18x,Pusat
O-A2-K2-X19x,O-A2-K2-X19x,Pusat
O-A2-K2-X1x,O-A2-K2-X1x,Pusat
O-A2-K2-X20x,O-A2-K2-X20x,Pusat
O-A2-K2-X21x,O-A2-K2-X21x,Pusat
O-A2-K2-X22x,O-A2-K2-X22x,Pusat
O-A2-K2-X23x,O-A2-K2-X23x,Pusat
O-A2-K2-X24x,O-A2-K2-X24x,Pusat
O-A2-K2-X25x,O-A2-K2-X25x,Pusat
O-A2-K2-X26x,O-A2-K2-X26x,Pusat
O-A2-K2-X27x,O-A2-K2-X27x,Pusat
O-A2-K2-X28x,O-A2-K2-X28x,Pusat
O-A2-K2-X29x,O-A2-K2-X29x,Pusat
O-A2-K2-X2x,O-A2-K2-X2x,Pusat
O-A2-K2-X30x,O-A2-K2-X30x,Pusat
O-A2-K2-X3x,O-A2-K2-X3x,Pusat
O-A2-K2-X4x,O-A2-K2-X4x,Pusat
O-A2-K2-X5x,O-A2-K2-X5x,Pusat
O-A2-K2-X6x,O-A2-K2-X6x,Pusat
O-A2-K2-X7x,O-A2-K2-X7x,Pusat
O-A2-K2-X8x,O-A2-K2-X8x,Pusat
O-A2-K2-X9x,O-A2-K2-X9x,Pusat
O-A2-K3-X10x,O-A2-K3-X10x,Pusat
O-A2-K3-X11x,O-A2-K3-X11x,Pusat
O-A2-K3-X12x,O-A2-K3-X12x,Pusat
O-A2-K3-X13x,O-A2-K3-X13x,Pusat
O-A2-K3-X14x,O-A2-K3-X14x,Pusat
O-A2-K3-X15x,O-A2-K3-X15x,Pusat
O-A2-K3-X16x,O-A2-K3-X16x,Pusat
O-A2-K3-X17x,O-A2-K3-X17x,Pusat
O-A2-K3-X18x,O-A2-K3-X18x,Pusat
O-A2-K3-X19x,O-A2-K3-X19x,Pusat
O-A2-K3-X1x,O-A2-K3-X1x,Pusat
O-A2-K3-X20x,O-A2-K3-X20x,Pusat
O-A2-K3-X21x,O-A2-K3-X21x,Pusat
O-A2-K3-X22x,O-A2-K3-X22x,Pusat
O-A2-K3-X23x,O-A2-K3-X23x,Pusat
O-A2-K3-X24x,O-A2-K3-X24x,Pusat
O-A2-K3-X25x,O-A2-K3-X25x,Pusat
O-A2-K3-X26x,O-A2-K3-X26x,Pusat
O-A2-K3-X27x,O-A2-K3-X27x,Pusat
O-A2-K3-X28x,O-A2-K3-X28x,Pusat
O-A2-K3-X29x,O-A2-K3-X29x,Pusat
O-A2-K3-X2x,O-A2-K3-X2x,Pusat
O-A2-K3-X30x,O-A2-K3-X30x,Pusat
O-A2-K3-X3x,O-A2-K3-X3x,Pusat
O-A2-K3-X4x,O-A2-K3-X4x,Pusat
O-A2-K3-X5x,O-A2-K3-X5x,Pusat
O-A2-K3-X6x,O-A2-K3-X6x,Pusat
O-A2-K3-X7x,O-A2-K3-X7x,Pusat
O-A2-K3-X8x,O-A2-K3-X8x,Pusat
O-A2-K3-X9x,O-A2-K3-X9x,Pusat
O-A2-K4-X10x,O-A2-K4-X10x,Pusat
O-A2-K4-X11x,O-A2-K4-X11x,Pusat
O-A2-K4-X12x,O-A2-K4-X12x,Pusat
O-A2-K4-X13x,O-A2-K4-X13x,Pusat
O-A2-K4-X14x,O-A2-K4-X14x,Pusat
O-A2-K4-X15x,O-A2-K4-X15x,Pusat
O-A2-K4-X16x,O-A2-K4-X16x,Pusat
O-A2-K4-X17x,O-A2-K4-X17x,Pusat
O-A2-K4-X18x,O-A2-K4-X18x,Pusat
O-A2-K4-X19x,O-A2-K4-X19x,Pusat
O-A2-K4-X1x,O-A2-K4-X1x,Pusat
O-A2-K4-X20x,O-A2-K4-X20x,Pusat
O-A2-K4-X21x,O-A2-K4-X21x,Pusat
O-A2-K4-X22x,O-A2-K4-X22x,Pusat
O-A2-K4-X23x,O-A2-K4-X23x,Pusat
O-A2-K4-X24x,O-A2-K4-X24x,Pusat
O-A2-K4-X25x,O-A2-K4-X25x,Pusat
O-A2-K4-X26x,O-A2-K4-X26x,Pusat
O-A2-K4-X27x,O-A2-K4-X27x,Pusat
O-A2-K4-X28x,O-A2-K4-X28x,Pusat
O-A2-K4-X29x,O-A2-K4-X29x,Pusat
O-A2-K4-X2x,O-A2-K4-X2x,Pusat
O-A2-K4-X30x,O-A2-K4-X30x,Pusat
O-A2-K4-X3x,O-A2-K4-X3x,Pusat
O-A2-K4-X4x,O-A2-K4-X4x,Pusat
O-A2-K4-X5x,O-A2-K4-X5x,Pusat
O-A2-K4-X6x,O-A2-K4-X6x,Pusat
O-A2-K4-X7x,O-A2-K4-X7x,Pusat
O-A2-K4-X8x,O-A2-K4-X8x,Pusat
O-A2-K4-X9x,O-A2-K4-X9x,Pusat
O-A2-K5-X10x,O-A2-K5-X10x,Pusat
O-A2-K5-X11x,O-A2-K5-X11x,Pusat
O-A2-K5-X12x,O-A2-K5-X12x,Pusat
O-A2-K5-X13x,O-A2-K5-X13x,Pusat
O-A2-K5-X14x,O-A2-K5-X14x,Pusat
O-A2-K5-X15x,O-A2-K5-X15x,Pusat
O-A2-K5-X16x,O-A2-K5-X16x,Pusat
O-A2-K5-X17x,O-A2-K5-X17x,Pusat
O-A2-K5-X18x,O-A2-K5-X18x,Pusat
O-A2-K5-X19x,O-A2-K5-X19x,Pusat
O-A2-K5-X1x,O-A2-K5-X1x,Pusat
O-A2-K5-X20x,O-A2-K5-X20x,Pusat
O-A2-K5-X21x,O-A2-K5-X21x,Pusat
O-A2-K5-X22x,O-A2-K5-X22x,Pusat
O-A2-K5-X23x,O-A2-K5-X23x,Pusat
O-A2-K5-X24x,O-A2-K5-X24x,Pusat
O-A2-K5-X25x,O-A2-K5-X25x,Pusat
O-A2-K5-X26x,O-A2-K5-X26x,Pusat
O-A2-K5-X27x,O-A2-K5-X27x,Pusat
O-A2-K5-X28x,O-A2-K5-X28x,Pusat
O-A2-K5-X29x,O-A2-K5-X29x,Pusat
O-A2-K5-X2x,O-A2-K5-X2x,Pusat
O-A2-K5-X30x,O-A2-K5-X30x,Pusat
O-A2-K5-X3x,O-A2-K5-X3x,Pusat
O-A2-K5-X4x,O-A2-K5-X4x,Pusat
O-A2-K5-X5x,O-A2-K5-X5x,Pusat
O-A2-K5-X6x,O-A2-K5-X6x,Pusat
O-A2-K5-X7x,O-A2-K5-X7x,Pusat
O-A2-K5-X8x,O-A2-K5-X8x,Pusat
O-A2-K5-X9x,O-A2-K5-X9x,Pusat
O-A2-K6-X10x,O-A2-K6-X10x,Pusat
O-A2-K6-X11x,O-A2-K6-X11x,Pusat
O-A2-K6-X12x,O-A2-K6-X12x,Pusat
O-A2-K6-X13x,O-A2-K6-X13x,Pusat
O-A2-K6-X14x,O-A2-K6-X14x,Pusat
O-A2-K6-X15x,O-A2-K6-X15x,Pusat
O-A2-K6-X16x,O-A2-K6-X16x,Pusat
O-A2-K6-X17x,O-A2-K6-X17x,Pusat
O-A2-K6-X18x,O-A2-K6-X18x,Pusat
O-A2-K6-X19x,O-A2-K6-X19x,Pusat
O-A2-K6-X1x,O-A2-K6-X1x,Pusat
O-A2-K6-X20x,O-A2-K6-X20x,Pusat
O-A2-K6-X21x,O-A2-K6-X21x,Pusat
O-A2-K6-X22x,O-A2-K6-X22x,Pusat
O-A2-K6-X23x,O-A2-K6-X23x,Pusat
O-A2-K6-X24x,O-A2-K6-X24x,Pusat
O-A2-K6-X25x,O-A2-K6-X25x,Pusat
O-A2-K6-X26x,O-A2-K6-X26x,Pusat
O-A2-K6-X27x,O-A2-K6-X27x,Pusat
O-A2-K6-X28x,O-A2-K6-X28x,Pusat
O-A2-K6-X29x,O-A2-K6-X29x,Pusat
O-A2-K6-X2x,O-A2-K6-X2x,Pusat
O-A2-K6-X30x,O-A2-K6-X30x,Pusat
O-A2-K6-X3x,O-A2-K6-X3x,Pusat
O-A2-K6-X4x,O-A2-K6-X4x,Pusat
O-A2-K6-X5x,O-A2-K6-X5x,Pusat
O-A2-K6-X6x,O-A2-K6-X6x,Pusat
O-A2-K6-X7x,O-A2-K6-X7x,Pusat
O-A2-K6-X8x,O-A2-K6-X8x,Pusat
O-A2-K6-X9x,O-A2-K6-X9x,Pusat
O-A2-K7-X10x,O-A2-K7-X10x,Pusat
O-A2-K7-X11x,O-A2-K7-X11x,Pusat
O-A2-K7-X12x,O-A2-K7-X12x,Pusat
O-A2-K7-X13x,O-A2-K7-X13x,Pusat
O-A2-K7-X14x,O-A2-K7-X14x,Pusat
O-A2-K7-X15x,O-A2-K7-X15x,Pusat
O-A2-K7-X16x,O-A2-K7-X16x,Pusat
O-A2-K7-X17x,O-A2-K7-X17x,Pusat
O-A2-K7-X18x,O-A2-K7-X18x,Pusat
O-A2-K7-X19x,O-A2-K7-X19x,Pusat
O-A2-K7-X1x,O-A2-K7-X1x,Pusat
O-A2-K7-X20x,O-A2-K7-X20x,Pusat
O-A2-K7-X21x,O-A2-K7-X21x,Pusat
O-A2-K7-X22x,O-A2-K7-X22x,Pusat
O-A2-K7-X23x,O-A2-K7-X23x,Pusat
O-A2-K7-X24x,O-A2-K7-X24x,Pusat
O-A2-K7-X25x,O-A2-K7-X25x,Pusat
O-A2-K7-X26x,O-A2-K7-X26x,Pusat
O-A2-K7-X27x,O-A2-K7-X27x,Pusat
O-A2-K7-X28x,O-A2-K7-X28x,Pusat
O-A2-K7-X29x,O-A2-K7-X29x,Pusat
O-A2-K7-X2x,O-A2-K7-X2x,Pusat
O-A2-K7-X30x,O-A2-K7-X30x,Pusat
O-A2-K7-X3x,O-A2-K7-X3x,Pusat
O-A2-K7-X4x,O-A2-K7-X4x,Pusat
O-A2-K7-X5x,O-A2-K7-X5x,Pusat
O-A2-K7-X6x,O-A2-K7-X6x,Pusat
O-A2-K7-X7x,O-A2-K7-X7x,Pusat
O-A2-K7-X8x,O-A2-K7-X8x,Pusat
O-A2-K7-X9x,O-A2-K7-X9x,Pusat
O-A3-K1-X10x,O-A3-K1-X10x,Pusat
O-A3-K1-X11x,O-A3-K1-X11x,Pusat
O-A3-K1-X12x,O-A3-K1-X12x,Pusat
O-A3-K1-X13x,O-A3-K1-X13x,Pusat
O-A3-K1-X14x,O-A3-K1-X14x,Pusat
O-A3-K1-X15x,O-A3-K1-X15x,Pusat
O-A3-K1-X16x,O-A3-K1-X16x,Pusat
O-A3-K1-X17x,O-A3-K1-X17x,Pusat
O-A3-K1-X18x,O-A3-K1-X18x,Pusat
O-A3-K1-X19x,O-A3-K1-X19x,Pusat
O-A3-K1-X1x,O-A3-K1-X1x,Pusat
O-A3-K1-X20x,O-A3-K1-X20x,Pusat
O-A3-K1-X21x,O-A3-K1-X21x,Pusat
O-A3-K1-X22x,O-A3-K1-X22x,Pusat
O-A3-K1-X23x,O-A3-K1-X23x,Pusat
O-A3-K1-X24x,O-A3-K1-X24x,Pusat
O-A3-K1-X25x,O-A3-K1-X25x,Pusat
O-A3-K1-X26x,O-A3-K1-X26x,Pusat
O-A3-K1-X27x,O-A3-K1-X27x,Pusat
O-A3-K1-X28x,O-A3-K1-X28x,Pusat
O-A3-K1-X29x,O-A3-K1-X29x,Pusat
O-A3-K1-X2x,O-A3-K1-X2x,Pusat
O-A3-K1-X30x,O-A3-K1-X30x,Pusat
O-A3-K1-X3x,O-A3-K1-X3x,Pusat
O-A3-K1-X4x,O-A3-K1-X4x,Pusat
O-A3-K1-X5x,O-A3-K1-X5x,Pusat
O-A3-K1-X6x,O-A3-K1-X6x,Pusat
O-A3-K1-X7x,O-A3-K1-X7x,Pusat
O-A3-K1-X8x,O-A3-K1-X8x,Pusat
O-A3-K1-X9x,O-A3-K1-X9x,Pusat
O-A3-K2-X10x,O-A3-K2-X10x,Pusat
O-A3-K2-X11x,O-A3-K2-X11x,Pusat
O-A3-K2-X12x,O-A3-K2-X12x,Pusat
O-A3-K2-X13x,O-A3-K2-X13x,Pusat
O-A3-K2-X14x,O-A3-K2-X14x,Pusat
O-A3-K2-X15x,O-A3-K2-X15x,Pusat
O-A3-K2-X16x,O-A3-K2-X16x,Pusat
O-A3-K2-X17x,O-A3-K2-X17x,Pusat
O-A3-K2-X18x,O-A3-K2-X18x,Pusat
O-A3-K2-X19x,O-A3-K2-X19x,Pusat
O-A3-K2-X1x,O-A3-K2-X1x,Pusat
O-A3-K2-X20x,O-A3-K2-X20x,Pusat
O-A3-K2-X21x,O-A3-K2-X21x,Pusat
O-A3-K2-X22x,O-A3-K2-X22x,Pusat
O-A3-K2-X23x,O-A3-K2-X23x,Pusat
O-A3-K2-X24x,O-A3-K2-X24x,Pusat
O-A3-K2-X25x,O-A3-K2-X25x,Pusat
O-A3-K2-X26x,O-A3-K2-X26x,Pusat
O-A3-K2-X27x,O-A3-K2-X27x,Pusat
O-A3-K2-X28x,O-A3-K2-X28x,Pusat
O-A3-K2-X29x,O-A3-K2-X29x,Pusat
O-A3-K2-X2x,O-A3-K2-X2x,Pusat
O-A3-K2-X30x,O-A3-K2-X30x,Pusat
O-A3-K2-X3x,O-A3-K2-X3x,Pusat
O-A3-K2-X4x,O-A3-K2-X4x,Pusat
O-A3-K2-X5x,O-A3-K2-X5x,Pusat
O-A3-K2-X6x,O-A3-K2-X6x,Pusat
O-A3-K2-X7x,O-A3-K2-X7x,Pusat
O-A3-K2-X8x,O-A3-K2-X8x,Pusat
O-A3-K2-X9x,O-A3-K2-X9x,Pusat
O-A3-K3-X10x,O-A3-K3-X10x,Pusat
O-A3-K3-X11x,O-A3-K3-X11x,Pusat
O-A3-K3-X12x,O-A3-K3-X12x,Pusat
O-A3-K3-X13x,O-A3-K3-X13x,Pusat
O-A3-K3-X14x,O-A3-K3-X14x,Pusat
O-A3-K3-X15x,O-A3-K3-X15x,Pusat
O-A3-K3-X16x,O-A3-K3-X16x,Pusat
O-A3-K3-X17x,O-A3-K3-X17x,Pusat
O-A3-K3-X18x,O-A3-K3-X18x,Pusat
O-A3-K3-X19x,O-A3-K3-X19x,Pusat
O-A3-K3-X1x,O-A3-K3-X1x,Pusat
O-A3-K3-X20x,O-A3-K3-X20x,Pusat
O-A3-K3-X21x,O-A3-K3-X21x,Pusat
O-A3-K3-X22x,O-A3-K3-X22x,Pusat
O-A3-K3-X23x,O-A3-K3-X23x,Pusat
O-A3-K3-X24x,O-A3-K3-X24x,Pusat
O-A3-K3-X25x,O-A3-K3-X25x,Pusat
O-A3-K3-X26x,O-A3-K3-X26x,Pusat
O-A3-K3-X27x,O-A3-K3-X27x,Pusat
O-A3-K3-X28x,O-A3-K3-X28x,Pusat
O-A3-K3-X29x,O-A3-K3-X29x,Pusat
O-A3-K3-X2x,O-A3-K3-X2x,Pusat
O-A3-K3-X30x,O-A3-K3-X30x,Pusat
O-A3-K3-X3x,O-A3-K3-X3x,Pusat
O-A3-K3-X4x,O-A3-K3-X4x,Pusat
O-A3-K3-X5x,O-A3-K3-X5x,Pusat
O-A3-K3-X6x,O-A3-K3-X6x,Pusat
O-A3-K3-X7x,O-A3-K3-X7x,Pusat
O-A3-K3-X8x,O-A3-K3-X8x,Pusat
O-A3-K3-X9x,O-A3-K3-X9x,Pusat
O-A3-K4-X10x,O-A3-K4-X10x,Pusat
O-A3-K4-X11x,O-A3-K4-X11x,Pusat
O-A3-K4-X12x,O-A3-K4-X12x,Pusat
O-A3-K4-X13x,O-A3-K4-X13x,Pusat
O-A3-K4-X14x,O-A3-K4-X14x,Pusat
O-A3-K4-X15x,O-A3-K4-X15x,Pusat
O-A3-K4-X16x,O-A3-K4-X16x,Pusat
O-A3-K4-X17x,O-A3-K4-X17x,Pusat
O-A3-K4-X18x,O-A3-K4-X18x,Pusat
O-A3-K4-X19x,O-A3-K4-X19x,Pusat
O-A3-K4-X1x,O-A3-K4-X1x,Pusat
O-A3-K4-X20x,O-A3-K4-X20x,Pusat
O-A3-K4-X21x,O-A3-K4-X21x,Pusat
O-A3-K4-X22x,O-A3-K4-X22x,Pusat
O-A3-K4-X23x,O-A3-K4-X23x,Pusat
O-A3-K4-X24x,O-A3-K4-X24x,Pusat
O-A3-K4-X25x,O-A3-K4-X25x,Pusat
O-A3-K4-X26x,O-A3-K4-X26x,Pusat
O-A3-K4-X27x,O-A3-K4-X27x,Pusat
O-A3-K4-X28x,O-A3-K4-X28x,Pusat
O-A3-K4-X29x,O-A3-K4-X29x,Pusat
O-A3-K4-X2x,O-A3-K4-X2x,Pusat
O-A3-K4-X30x,O-A3-K4-X30x,Pusat
O-A3-K4-X3x,O-A3-K4-X3x,Pusat
O-A3-K4-X4x,O-A3-K4-X4x,Pusat
O-A3-K4-X5x,O-A3-K4-X5x,Pusat
O-A3-K4-X6x,O-A3-K4-X6x,Pusat
O-A3-K4-X7x,O-A3-K4-X7x,Pusat
O-A3-K4-X8x,O-A3-K4-X8x,Pusat
O-A3-K4-X9x,O-A3-K4-X9x,Pusat
O-A3-K5-X10x,O-A3-K5-X10x,Pusat
O-A3-K5-X11x,O-A3-K5-X11x,Pusat
O-A3-K5-X12x,O-A3-K5-X12x,Pusat
O-A3-K5-X13x,O-A3-K5-X13x,Pusat
O-A3-K5-X14x,O-A3-K5-X14x,Pusat
O-A3-K5-X15x,O-A3-K5-X15x,Pusat
O-A3-K5-X16x,O-A3-K5-X16x,Pusat
O-A3-K5-X17x,O-A3-K5-X17x,Pusat
O-A3-K5-X18x,O-A3-K5-X18x,Pusat
O-A3-K5-X19x,O-A3-K5-X19x,Pusat
O-A3-K5-X1x,O-A3-K5-X1x,Pusat
O-A3-K5-X20x,O-A3-K5-X20x,Pusat
O-A3-K5-X21x,O-A3-K5-X21x,Pusat
O-A3-K5-X22x,O-A3-K5-X22x,Pusat
O-A3-K5-X23x,O-A3-K5-X23x,Pusat
O-A3-K5-X24x,O-A3-K5-X24x,Pusat
O-A3-K5-X25x,O-A3-K5-X25x,Pusat
O-A3-K5-X26x,O-A3-K5-X26x,Pusat
O-A3-K5-X27x,O-A3-K5-X27x,Pusat
O-A3-K5-X28x,O-A3-K5-X28x,Pusat
O-A3-K5-X29x,O-A3-K5-X29x,Pusat
O-A3-K5-X2x,O-A3-K5-X2x,Pusat
O-A3-K5-X30x,O-A3-K5-X30x,Pusat
O-A3-K5-X3x,O-A3-K5-X3x,Pusat
O-A3-K5-X4x,O-A3-K5-X4x,Pusat
O-A3-K5-X5x,O-A3-K5-X5x,Pusat
O-A3-K5-X6x,O-A3-K5-X6x,Pusat
O-A3-K5-X7x,O-A3-K5-X7x,Pusat
O-A3-K5-X8x,O-A3-K5-X8x,Pusat
O-A3-K5-X9x,O-A3-K5-X9x,Pusat
O-A3-K6-X10x,O-A3-K6-X10x,Pusat
O-A3-K6-X11x,O-A3-K6-X11x,Pusat
O-A3-K6-X12x,O-A3-K6-X12x,Pusat
O-A3-K6-X13x,O-A3-K6-X13x,Pusat
O-A3-K6-X14x,O-A3-K6-X14x,Pusat
O-A3-K6-X15x,O-A3-K6-X15x,Pusat
O-A3-K6-X16x,O-A3-K6-X16x,Pusat
O-A3-K6-X17x,O-A3-K6-X17x,Pusat
O-A3-K6-X18x,O-A3-K6-X18x,Pusat
O-A3-K6-X19x,O-A3-K6-X19x,Pusat
O-A3-K6-X1x,O-A3-K6-X1x,Pusat
O-A3-K6-X20x,O-A3-K6-X20x,Pusat
O-A3-K6-X21x,O-A3-K6-X21x,Pusat
O-A3-K6-X22x,O-A3-K6-X22x,Pusat
O-A3-K6-X23x,O-A3-K6-X23x,Pusat
O-A3-K6-X24x,O-A3-K6-X24x,Pusat
O-A3-K6-X25x,O-A3-K6-X25x,Pusat
O-A3-K6-X26x,O-A3-K6-X26x,Pusat
O-A3-K6-X27x,O-A3-K6-X27x,Pusat
O-A3-K6-X28x,O-A3-K6-X28x,Pusat
O-A3-K6-X29x,O-A3-K6-X29x,Pusat
O-A3-K6-X2x,O-A3-K6-X2x,Pusat
O-A3-K6-X30x,O-A3-K6-X30x,Pusat
O-A3-K6-X3x,O-A3-K6-X3x,Pusat
O-A3-K6-X4x,O-A3-K6-X4x,Pusat
O-A3-K6-X5x,O-A3-K6-X5x,Pusat
O-A3-K6-X6x,O-A3-K6-X6x,Pusat
O-A3-K6-X7x,O-A3-K6-X7x,Pusat
O-A3-K6-X8x,O-A3-K6-X8x,Pusat
O-A3-K6-X9x,O-A3-K6-X9x,Pusat
O-A3-K7-X10x,O-A3-K7-X10x,Pusat
O-A3-K7-X11x,O-A3-K7-X11x,Pusat
O-A3-K7-X12x,O-A3-K7-X12x,Pusat
O-A3-K7-X13x,O-A3-K7-X13x,Pusat
O-A3-K7-X14x,O-A3-K7-X14x,Pusat
O-A3-K7-X15x,O-A3-K7-X15x,Pusat
O-A3-K7-X16x,O-A3-K7-X16x,Pusat
O-A3-K7-X17x,O-A3-K7-X17x,Pusat
O-A3-K7-X18x,O-A3-K7-X18x,Pusat
O-A3-K7-X19x,O-A3-K7-X19x,Pusat
O-A3-K7-X1x,O-A3-K7-X1x,Pusat
O-A3-K7-X20x,O-A3-K7-X20x,Pusat
O-A3-K7-X21x,O-A3-K7-X21x,Pusat
O-A3-K7-X22x,O-A3-K7-X22x,Pusat
O-A3-K7-X23x,O-A3-K7-X23x,Pusat
O-A3-K7-X24x,O-A3-K7-X24x,Pusat
O-A3-K7-X25x,O-A3-K7-X25x,Pusat
O-A3-K7-X26x,O-A3-K7-X26x,Pusat
O-A3-K7-X27x,O-A3-K7-X27x,Pusat
O-A3-K7-X28x,O-A3-K7-X28x,Pusat
O-A3-K7-X29x,O-A3-K7-X29x,Pusat
O-A3-K7-X2x,O-A3-K7-X2x,Pusat
O-A3-K7-X30x,O-A3-K7-X30x,Pusat
O-A3-K7-X3x,O-A3-K7-X3x,Pusat
O-A3-K7-X4x,O-A3-K7-X4x,Pusat
O-A3-K7-X5x,O-A3-K7-X5x,Pusat
O-A3-K7-X6x,O-A3-K7-X6x,Pusat
O-A3-K7-X7x,O-A3-K7-X7x,Pusat
O-A3-K7-X8x,O-A3-K7-X8x,Pusat
O-A3-K7-X9x,O-A3-K7-X9x,Pusat
O-A4-K1-X10x,O-A4-K1-X10x,Pusat
O-A4-K1-X11x,O-A4-K1-X11x,Pusat
O-A4-K1-X12x,O-A4-K1-X12x,Pusat
O-A4-K1-X13x,O-A4-K1-X13x,Pusat
O-A4-K1-X14x,O-A4-K1-X14x,Pusat
O-A4-K1-X15x,O-A4-K1-X15x,Pusat
O-A4-K1-X16x,O-A4-K1-X16x,Pusat
O-A4-K1-X17x,O-A4-K1-X17x,Pusat
O-A4-K1-X18x,O-A4-K1-X18x,Pusat
O-A4-K1-X19x,O-A4-K1-X19x,Pusat
O-A4-K1-X1x,O-A4-K1-X1x,Pusat
O-A4-K1-X20x,O-A4-K1-X20x,Pusat
O-A4-K1-X21x,O-A4-K1-X21x,Pusat
O-A4-K1-X22x,O-A4-K1-X22x,Pusat
O-A4-K1-X23x,O-A4-K1-X23x,Pusat
O-A4-K1-X24x,O-A4-K1-X24x,Pusat
O-A4-K1-X25x,O-A4-K1-X25x,Pusat
O-A4-K1-X26x,O-A4-K1-X26x,Pusat
O-A4-K1-X27x,O-A4-K1-X27x,Pusat
O-A4-K1-X28x,O-A4-K1-X28x,Pusat
O-A4-K1-X29x,O-A4-K1-X29x,Pusat
O-A4-K1-X2x,O-A4-K1-X2x,Pusat
O-A4-K1-X30x,O-A4-K1-X30x,Pusat
O-A4-K1-X3x,O-A4-K1-X3x,Pusat
O-A4-K1-X4x,O-A4-K1-X4x,Pusat
O-A4-K1-X5x,O-A4-K1-X5x,Pusat
O-A4-K1-X6x,O-A4-K1-X6x,Pusat
O-A4-K1-X7x,O-A4-K1-X7x,Pusat
O-A4-K1-X8x,O-A4-K1-X8x,Pusat
O-A4-K1-X9x,O-A4-K1-X9x,Pusat
O-A4-K2-X10x,O-A4-K2-X10x,Pusat
O-A4-K2-X11x,O-A4-K2-X11x,Pusat
O-A4-K2-X12x,O-A4-K2-X12x,Pusat
O-A4-K2-X13x,O-A4-K2-X13x,Pusat
O-A4-K2-X14x,O-A4-K2-X14x,Pusat
O-A4-K2-X15x,O-A4-K2-X15x,Pusat
O-A4-K2-X16x,O-A4-K2-X16x,Pusat
O-A4-K2-X17x,O-A4-K2-X17x,Pusat
O-A4-K2-X18x,O-A4-K2-X18x,Pusat
O-A4-K2-X19x,O-A4-K2-X19x,Pusat
O-A4-K2-X1x,O-A4-K2-X1x,Pusat
O-A4-K2-X20x,O-A4-K2-X20x,Pusat
O-A4-K2-X21x,O-A4-K2-X21x,Pusat
O-A4-K2-X22x,O-A4-K2-X22x,Pusat
O-A4-K2-X23x,O-A4-K2-X23x,Pusat
O-A4-K2-X24x,O-A4-K2-X24x,Pusat
O-A4-K2-X25x,O-A4-K2-X25x,Pusat
O-A4-K2-X26x,O-A4-K2-X26x,Pusat
O-A4-K2-X27x,O-A4-K2-X27x,Pusat
O-A4-K2-X28x,O-A4-K2-X28x,Pusat
O-A4-K2-X29x,O-A4-K2-X29x,Pusat
O-A4-K2-X2x,O-A4-K2-X2x,Pusat
O-A4-K2-X30x,O-A4-K2-X30x,Pusat
O-A4-K2-X3x,O-A4-K2-X3x,Pusat
O-A4-K2-X4x,O-A4-K2-X4x,Pusat
O-A4-K2-X5x,O-A4-K2-X5x,Pusat
O-A4-K2-X6x,O-A4-K2-X6x,Pusat
O-A4-K2-X7x,O-A4-K2-X7x,Pusat
O-A4-K2-X8x,O-A4-K2-X8x,Pusat
O-A4-K2-X9x,O-A4-K2-X9x,Pusat
O-A4-K3-X10x,O-A4-K3-X10x,Pusat
O-A4-K3-X11x,O-A4-K3-X11x,Pusat
O-A4-K3-X12x,O-A4-K3-X12x,Pusat
O-A4-K3-X13x,O-A4-K3-X13x,Pusat
O-A4-K3-X14x,O-A4-K3-X14x,Pusat
O-A4-K3-X15x,O-A4-K3-X15x,Pusat
O-A4-K3-X16x,O-A4-K3-X16x,Pusat
O-A4-K3-X17x,O-A4-K3-X17x,Pusat
O-A4-K3-X18x,O-A4-K3-X18x,Pusat
O-A4-K3-X19x,O-A4-K3-X19x,Pusat
O-A4-K3-X1x,O-A4-K3-X1x,Pusat
O-A4-K3-X20x,O-A4-K3-X20x,Pusat
O-A4-K3-X21x,O-A4-K3-X21x,Pusat
O-A4-K3-X22x,O-A4-K3-X22x,Pusat
O-A4-K3-X23x,O-A4-K3-X23x,Pusat
O-A4-K3-X24x,O-A4-K3-X24x,Pusat
O-A4-K3-X25x,O-A4-K3-X25x,Pusat
O-A4-K3-X26x,O-A4-K3-X26x,Pusat
O-A4-K3-X27x,O-A4-K3-X27x,Pusat
O-A4-K3-X28x,O-A4-K3-X28x,Pusat
O-A4-K3-X29x,O-A4-K3-X29x,Pusat
O-A4-K3-X2x,O-A4-K3-X2x,Pusat
O-A4-K3-X30x,O-A4-K3-X30x,Pusat
O-A4-K3-X3x,O-A4-K3-X3x,Pusat
O-A4-K3-X4x,O-A4-K3-X4x,Pusat
O-A4-K3-X5x,O-A4-K3-X5x,Pusat
O-A4-K3-X6x,O-A4-K3-X6x,Pusat
O-A4-K3-X7x,O-A4-K3-X7x,Pusat
O-A4-K3-X8x,O-A4-K3-X8x,Pusat
O-A4-K3-X9x,O-A4-K3-X9x,Pusat
O-A4-K4-X10x,O-A4-K4-X10x,Pusat
O-A4-K4-X11x,O-A4-K4-X11x,Pusat
O-A4-K4-X12x,O-A4-K4-X12x,Pusat
O-A4-K4-X13x,O-A4-K4-X13x,Pusat
O-A4-K4-X14x,O-A4-K4-X14x,Pusat
O-A4-K4-X15x,O-A4-K4-X15x,Pusat
O-A4-K4-X16x,O-A4-K4-X16x,Pusat
O-A4-K4-X17x,O-A4-K4-X17x,Pusat
O-A4-K4-X18x,O-A4-K4-X18x,Pusat
O-A4-K4-X19x,O-A4-K4-X19x,Pusat
O-A4-K4-X1x,O-A4-K4-X1x,Pusat
O-A4-K4-X20x,O-A4-K4-X20x,Pusat
O-A4-K4-X21x,O-A4-K4-X21x,Pusat
O-A4-K4-X22x,O-A4-K4-X22x,Pusat
O-A4-K4-X23x,O-A4-K4-X23x,Pusat
O-A4-K4-X24x,O-A4-K4-X24x,Pusat
O-A4-K4-X25x,O-A4-K4-X25x,Pusat
O-A4-K4-X26x,O-A4-K4-X26x,Pusat
O-A4-K4-X27x,O-A4-K4-X27x,Pusat
O-A4-K4-X28x,O-A4-K4-X28x,Pusat
O-A4-K4-X29x,O-A4-K4-X29x,Pusat
O-A4-K4-X2x,O-A4-K4-X2x,Pusat
O-A4-K4-X30x,O-A4-K4-X30x,Pusat
O-A4-K4-X3x,O-A4-K4-X3x,Pusat
O-A4-K4-X4x,O-A4-K4-X4x,Pusat
O-A4-K4-X5x,O-A4-K4-X5x,Pusat
O-A4-K4-X6x,O-A4-K4-X6x,Pusat
O-A4-K4-X7x,O-A4-K4-X7x,Pusat
O-A4-K4-X8x,O-A4-K4-X8x,Pusat
O-A4-K4-X9x,O-A4-K4-X9x,Pusat
O-A4-K5-X10x,O-A4-K5-X10x,Pusat
O-A4-K5-X11x,O-A4-K5-X11x,Pusat
O-A4-K5-X12x,O-A4-K5-X12x,Pusat
O-A4-K5-X13x,O-A4-K5-X13x,Pusat
O-A4-K5-X14x,O-A4-K5-X14x,Pusat
O-A4-K5-X15x,O-A4-K5-X15x,Pusat
O-A4-K5-X16x,O-A4-K5-X16x,Pusat
O-A4-K5-X17x,O-A4-K5-X17x,Pusat
O-A4-K5-X18x,O-A4-K5-X18x,Pusat
O-A4-K5-X19x,O-A4-K5-X19x,Pusat
O-A4-K5-X1x,O-A4-K5-X1x,Pusat
O-A4-K5-X20x,O-A4-K5-X20x,Pusat
O-A4-K5-X21x,O-A4-K5-X21x,Pusat
O-A4-K5-X22x,O-A4-K5-X22x,Pusat
O-A4-K5-X23x,O-A4-K5-X23x,Pusat
O-A4-K5-X24x,O-A4-K5-X24x,Pusat
O-A4-K5-X25x,O-A4-K5-X25x,Pusat
O-A4-K5-X26x,O-A4-K5-X26x,Pusat
O-A4-K5-X27x,O-A4-K5-X27x,Pusat
O-A4-K5-X28x,O-A4-K5-X28x,Pusat
O-A4-K5-X29x,O-A4-K5-X29x,Pusat
O-A4-K5-X2x,O-A4-K5-X2x,Pusat
O-A4-K5-X30x,O-A4-K5-X30x,Pusat
O-A4-K5-X3x,O-A4-K5-X3x,Pusat
O-A4-K5-X4x,O-A4-K5-X4x,Pusat
O-A4-K5-X5x,O-A4-K5-X5x,Pusat
O-A4-K5-X6x,O-A4-K5-X6x,Pusat
O-A4-K5-X7x,O-A4-K5-X7x,Pusat
O-A4-K5-X8x,O-A4-K5-X8x,Pusat
O-A4-K5-X9x,O-A4-K5-X9x,Pusat
O-A4-K6-X10x,O-A4-K6-X10x,Pusat
O-A4-K6-X11x,O-A4-K6-X11x,Pusat
O-A4-K6-X12x,O-A4-K6-X12x,Pusat
O-A4-K6-X13x,O-A4-K6-X13x,Pusat
O-A4-K6-X14x,O-A4-K6-X14x,Pusat
O-A4-K6-X15x,O-A4-K6-X15x,Pusat
O-A4-K6-X16x,O-A4-K6-X16x,Pusat
O-A4-K6-X17x,O-A4-K6-X17x,Pusat
O-A4-K6-X18x,O-A4-K6-X18x,Pusat
O-A4-K6-X19x,O-A4-K6-X19x,Pusat
O-A4-K6-X1x,O-A4-K6-X1x,Pusat
O-A4-K6-X20x,O-A4-K6-X20x,Pusat
O-A4-K6-X21x,O-A4-K6-X21x,Pusat
O-A4-K6-X22x,O-A4-K6-X22x,Pusat
O-A4-K6-X23x,O-A4-K6-X23x,Pusat
O-A4-K6-X24x,O-A4-K6-X24x,Pusat
O-A4-K6-X25x,O-A4-K6-X25x,Pusat
O-A4-K6-X26x,O-A4-K6-X26x,Pusat
O-A4-K6-X27x,O-A4-K6-X27x,Pusat
O-A4-K6-X28x,O-A4-K6-X28x,Pusat
O-A4-K6-X29x,O-A4-K6-X29x,Pusat
O-A4-K6-X2x,O-A4-K6-X2x,Pusat
O-A4-K6-X30x,O-A4-K6-X30x,Pusat
O-A4-K6-X3x,O-A4-K6-X3x,Pusat
O-A4-K6-X4x,O-A4-K6-X4x,Pusat
O-A4-K6-X5x,O-A4-K6-X5x,Pusat
O-A4-K6-X6x,O-A4-K6-X6x,Pusat
O-A4-K6-X7x,O-A4-K6-X7x,Pusat
O-A4-K6-X8x,O-A4-K6-X8x,Pusat
O-A4-K6-X9x,O-A4-K6-X9x,Pusat
O-A4-K7-X10x,O-A4-K7-X10x,Pusat
O-A4-K7-X11x,O-A4-K7-X11x,Pusat
O-A4-K7-X12x,O-A4-K7-X12x,Pusat
O-A4-K7-X13x,O-A4-K7-X13x,Pusat
O-A4-K7-X14x,O-A4-K7-X14x,Pusat
O-A4-K7-X15x,O-A4-K7-X15x,Pusat
O-A4-K7-X16x,O-A4-K7-X16x,Pusat
O-A4-K7-X17x,O-A4-K7-X17x,Pusat
O-A4-K7-X18x,O-A4-K7-X18x,Pusat
O-A4-K7-X19x,O-A4-K7-X19x,Pusat
O-A4-K7-X1x,O-A4-K7-X1x,Pusat
O-A4-K7-X20x,O-A4-K7-X20x,Pusat
O-A4-K7-X21x,O-A4-K7-X21x,Pusat
O-A4-K7-X22x,O-A4-K7-X22x,Pusat
O-A4-K7-X23x,O-A4-K7-X23x,Pusat
O-A4-K7-X24x,O-A4-K7-X24x,Pusat
O-A4-K7-X25x,O-A4-K7-X25x,Pusat
O-A4-K7-X26x,O-A4-K7-X26x,Pusat
O-A4-K7-X27x,O-A4-K7-X27x,Pusat
O-A4-K7-X28x,O-A4-K7-X28x,Pusat
O-A4-K7-X29x,O-A4-K7-X29x,Pusat
O-A4-K7-X2x,O-A4-K7-X2x,Pusat
O-A4-K7-X30x,O-A4-K7-X30x,Pusat
O-A4-K7-X3x,O-A4-K7-X3x,Pusat
O-A4-K7-X4x,O-A4-K7-X4x,Pusat
O-A4-K7-X5x,O-A4-K7-X5x,Pusat
O-A4-K7-X6x,O-A4-K7-X6x,Pusat
O-A4-K7-X7x,O-A4-K7-X7x,Pusat
O-A4-K7-X8x,O-A4-K7-X8x,Pusat
O-A4-K7-X9x,O-A4-K7-X9x,Pusat
O-A5-K1-X10x,O-A5-K1-X10x,Pusat
O-A5-K1-X11x,O-A5-K1-X11x,Pusat
O-A5-K1-X12x,O-A5-K1-X12x,Pusat
O-A5-K1-X13x,O-A5-K1-X13x,Pusat
O-A5-K1-X14x,O-A5-K1-X14x,Pusat
O-A5-K1-X15x,O-A5-K1-X15x,Pusat
O-A5-K1-X16x,O-A5-K1-X16x,Pusat
O-A5-K1-X17x,O-A5-K1-X17x,Pusat
O-A5-K1-X18x,O-A5-K1-X18x,Pusat
O-A5-K1-X19x,O-A5-K1-X19x,Pusat
O-A5-K1-X1x,O-A5-K1-X1x,Pusat
O-A5-K1-X20x,O-A5-K1-X20x,Pusat
O-A5-K1-X21x,O-A5-K1-X21x,Pusat
O-A5-K1-X22x,O-A5-K1-X22x,Pusat
O-A5-K1-X23x,O-A5-K1-X23x,Pusat
O-A5-K1-X24x,O-A5-K1-X24x,Pusat
O-A5-K1-X25x,O-A5-K1-X25x,Pusat
O-A5-K1-X26x,O-A5-K1-X26x,Pusat
O-A5-K1-X27x,O-A5-K1-X27x,Pusat
O-A5-K1-X28x,O-A5-K1-X28x,Pusat
O-A5-K1-X29x,O-A5-K1-X29x,Pusat
O-A5-K1-X2x,O-A5-K1-X2x,Pusat
O-A5-K1-X30x,O-A5-K1-X30x,Pusat
O-A5-K1-X3x,O-A5-K1-X3x,Pusat
O-A5-K1-X4x,O-A5-K1-X4x,Pusat
O-A5-K1-X5x,O-A5-K1-X5x,Pusat
O-A5-K1-X6x,O-A5-K1-X6x,Pusat
O-A5-K1-X7x,O-A5-K1-X7x,Pusat
O-A5-K1-X8x,O-A5-K1-X8x,Pusat
O-A5-K1-X9x,O-A5-K1-X9x,Pusat
O-A5-K2-X10x,O-A5-K2-X10x,Pusat
O-A5-K2-X11x,O-A5-K2-X11x,Pusat
O-A5-K2-X12x,O-A5-K2-X12x,Pusat
O-A5-K2-X13x,O-A5-K2-X13x,Pusat
O-A5-K2-X14x,O-A5-K2-X14x,Pusat
O-A5-K2-X15x,O-A5-K2-X15x,Pusat
O-A5-K2-X16x,O-A5-K2-X16x,Pusat
O-A5-K2-X17x,O-A5-K2-X17x,Pusat
O-A5-K2-X18x,O-A5-K2-X18x,Pusat
O-A5-K2-X19x,O-A5-K2-X19x,Pusat
O-A5-K2-X1x,O-A5-K2-X1x,Pusat
O-A5-K2-X20x,O-A5-K2-X20x,Pusat
O-A5-K2-X21x,O-A5-K2-X21x,Pusat
O-A5-K2-X22x,O-A5-K2-X22x,Pusat
O-A5-K2-X23x,O-A5-K2-X23x,Pusat
O-A5-K2-X24x,O-A5-K2-X24x,Pusat
O-A5-K2-X25x,O-A5-K2-X25x,Pusat
O-A5-K2-X26x,O-A5-K2-X26x,Pusat
O-A5-K2-X27x,O-A5-K2-X27x,Pusat
O-A5-K2-X28x,O-A5-K2-X28x,Pusat
O-A5-K2-X29x,O-A5-K2-X29x,Pusat
O-A5-K2-X2x,O-A5-K2-X2x,Pusat
O-A5-K2-X30x,O-A5-K2-X30x,Pusat
O-A5-K2-X3x,O-A5-K2-X3x,Pusat
O-A5-K2-X4x,O-A5-K2-X4x,Pusat
O-A5-K2-X5x,O-A5-K2-X5x,Pusat
O-A5-K2-X6x,O-A5-K2-X6x,Pusat
O-A5-K2-X7x,O-A5-K2-X7x,Pusat
O-A5-K2-X8x,O-A5-K2-X8x,Pusat
O-A5-K2-X9x,O-A5-K2-X9x,Pusat
O-A5-K3-X10x,O-A5-K3-X10x,Pusat
O-A5-K3-X11x,O-A5-K3-X11x,Pusat
O-A5-K3-X12x,O-A5-K3-X12x,Pusat
O-A5-K3-X13x,O-A5-K3-X13x,Pusat
O-A5-K3-X14x,O-A5-K3-X14x,Pusat
O-A5-K3-X15x,O-A5-K3-X15x,Pusat
O-A5-K3-X16x,O-A5-K3-X16x,Pusat
O-A5-K3-X17x,O-A5-K3-X17x,Pusat
O-A5-K3-X18x,O-A5-K3-X18x,Pusat
O-A5-K3-X19x,O-A5-K3-X19x,Pusat
O-A5-K3-X1x,O-A5-K3-X1x,Pusat
O-A5-K3-X20x,O-A5-K3-X20x,Pusat
O-A5-K3-X21x,O-A5-K3-X21x,Pusat
O-A5-K3-X22x,O-A5-K3-X22x,Pusat
O-A5-K3-X23x,O-A5-K3-X23x,Pusat
O-A5-K3-X24x,O-A5-K3-X24x,Pusat
O-A5-K3-X25x,O-A5-K3-X25x,Pusat
O-A5-K3-X26x,O-A5-K3-X26x,Pusat
O-A5-K3-X27x,O-A5-K3-X27x,Pusat
O-A5-K3-X28x,O-A5-K3-X28x,Pusat
O-A5-K3-X29x,O-A5-K3-X29x,Pusat
O-A5-K3-X2x,O-A5-K3-X2x,Pusat
O-A5-K3-X30x,O-A5-K3-X30x,Pusat
O-A5-K3-X3x,O-A5-K3-X3x,Pusat
O-A5-K3-X4x,O-A5-K3-X4x,Pusat
O-A5-K3-X5x,O-A5-K3-X5x,Pusat
O-A5-K3-X6x,O-A5-K3-X6x,Pusat
O-A5-K3-X7x,O-A5-K3-X7x,Pusat
O-A5-K3-X8x,O-A5-K3-X8x,Pusat
O-A5-K3-X9x,O-A5-K3-X9x,Pusat
O-A5-K4-X10x,O-A5-K4-X10x,Pusat
O-A5-K4-X11x,O-A5-K4-X11x,Pusat
O-A5-K4-X12x,O-A5-K4-X12x,Pusat
O-A5-K4-X13x,O-A5-K4-X13x,Pusat
O-A5-K4-X14x,O-A5-K4-X14x,Pusat
O-A5-K4-X15x,O-A5-K4-X15x,Pusat
O-A5-K4-X16x,O-A5-K4-X16x,Pusat
O-A5-K4-X17x,O-A5-K4-X17x,Pusat
O-A5-K4-X18x,O-A5-K4-X18x,Pusat
O-A5-K4-X19x,O-A5-K4-X19x,Pusat
O-A5-K4-X1x,O-A5-K4-X1x,Pusat
O-A5-K4-X20x,O-A5-K4-X20x,Pusat
O-A5-K4-X21x,O-A5-K4-X21x,Pusat
O-A5-K4-X22x,O-A5-K4-X22x,Pusat
O-A5-K4-X23x,O-A5-K4-X23x,Pusat
O-A5-K4-X24x,O-A5-K4-X24x,Pusat
O-A5-K4-X25x,O-A5-K4-X25x,Pusat
O-A5-K4-X26x,O-A5-K4-X26x,Pusat
O-A5-K4-X27x,O-A5-K4-X27x,Pusat
O-A5-K4-X28x,O-A5-K4-X28x,Pusat
O-A5-K4-X29x,O-A5-K4-X29x,Pusat
O-A5-K4-X2x,O-A5-K4-X2x,Pusat
O-A5-K4-X30x,O-A5-K4-X30x,Pusat
O-A5-K4-X3x,O-A5-K4-X3x,Pusat
O-A5-K4-X4x,O-A5-K4-X4x,Pusat
O-A5-K4-X5x,O-A5-K4-X5x,Pusat
O-A5-K4-X6x,O-A5-K4-X6x,Pusat
O-A5-K4-X7x,O-A5-K4-X7x,Pusat
O-A5-K4-X8x,O-A5-K4-X8x,Pusat
O-A5-K4-X9x,O-A5-K4-X9x,Pusat
O-A5-K5-X10x,O-A5-K5-X10x,Pusat
O-A5-K5-X11x,O-A5-K5-X11x,Pusat
O-A5-K5-X12x,O-A5-K5-X12x,Pusat
O-A5-K5-X13x,O-A5-K5-X13x,Pusat
O-A5-K5-X14x,O-A5-K5-X14x,Pusat
O-A5-K5-X15x,O-A5-K5-X15x,Pusat
O-A5-K5-X16x,O-A5-K5-X16x,Pusat
O-A5-K5-X17x,O-A5-K5-X17x,Pusat
O-A5-K5-X18x,O-A5-K5-X18x,Pusat
O-A5-K5-X19x,O-A5-K5-X19x,Pusat
O-A5-K5-X1x,O-A5-K5-X1x,Pusat
O-A5-K5-X20x,O-A5-K5-X20x,Pusat
O-A5-K5-X21x,O-A5-K5-X21x,Pusat
O-A5-K5-X22x,O-A5-K5-X22x,Pusat
O-A5-K5-X23x,O-A5-K5-X23x,Pusat
O-A5-K5-X24x,O-A5-K5-X24x,Pusat
O-A5-K5-X25x,O-A5-K5-X25x,Pusat
O-A5-K5-X26x,O-A5-K5-X26x,Pusat
O-A5-K5-X27x,O-A5-K5-X27x,Pusat
O-A5-K5-X28x,O-A5-K5-X28x,Pusat
O-A5-K5-X29x,O-A5-K5-X29x,Pusat
O-A5-K5-X2x,O-A5-K5-X2x,Pusat
O-A5-K5-X30x,O-A5-K5-X30x,Pusat
O-A5-K5-X3x,O-A5-K5-X3x,Pusat
O-A5-K5-X4x,O-A5-K5-X4x,Pusat
O-A5-K5-X5x,O-A5-K5-X5x,Pusat
O-A5-K5-X6x,O-A5-K5-X6x,Pusat
O-A5-K5-X7x,O-A5-K5-X7x,Pusat
O-A5-K5-X8x,O-A5-K5-X8x,Pusat
O-A5-K5-X9x,O-A5-K5-X9x,Pusat
O-A5-K6-X10x,O-A5-K6-X10x,Pusat
O-A5-K6-X11x,O-A5-K6-X11x,Pusat
O-A5-K6-X12x,O-A5-K6-X12x,Pusat
O-A5-K6-X13x,O-A5-K6-X13x,Pusat
O-A5-K6-X14x,O-A5-K6-X14x,Pusat
O-A5-K6-X15x,O-A5-K6-X15x,Pusat
O-A5-K6-X16x,O-A5-K6-X16x,Pusat
O-A5-K6-X17x,O-A5-K6-X17x,Pusat
O-A5-K6-X18x,O-A5-K6-X18x,Pusat
O-A5-K6-X19x,O-A5-K6-X19x,Pusat
O-A5-K6-X1x,O-A5-K6-X1x,Pusat
O-A5-K6-X20x,O-A5-K6-X20x,Pusat
O-A5-K6-X21x,O-A5-K6-X21x,Pusat
O-A5-K6-X22x,O-A5-K6-X22x,Pusat
O-A5-K6-X23x,O-A5-K6-X23x,Pusat
O-A5-K6-X24x,O-A5-K6-X24x,Pusat
O-A5-K6-X25x,O-A5-K6-X25x,Pusat
O-A5-K6-X26x,O-A5-K6-X26x,Pusat
O-A5-K6-X27x,O-A5-K6-X27x,Pusat
O-A5-K6-X28x,O-A5-K6-X28x,Pusat
O-A5-K6-X29x,O-A5-K6-X29x,Pusat
O-A5-K6-X2x,O-A5-K6-X2x,Pusat
O-A5-K6-X30x,O-A5-K6-X30x,Pusat
O-A5-K6-X3x,O-A5-K6-X3x,Pusat
O-A5-K6-X4x,O-A5-K6-X4x,Pusat
O-A5-K6-X5x,O-A5-K6-X5x,Pusat
O-A5-K6-X6x,O-A5-K6-X6x,Pusat
O-A5-K6-X7x,O-A5-K6-X7x,Pusat
O-A5-K6-X8x,O-A5-K6-X8x,Pusat
O-A5-K6-X9x,O-A5-K6-X9x,Pusat
O-A5-K7-X10x,O-A5-K7-X10x,Pusat
O-A5-K7-X11x,O-A5-K7-X11x,Pusat
O-A5-K7-X12x,O-A5-K7-X12x,Pusat
O-A5-K7-X13x,O-A5-K7-X13x,Pusat
O-A5-K7-X14x,O-A5-K7-X14x,Pusat
O-A5-K7-X15x,O-A5-K7-X15x,Pusat
O-A5-K7-X16x,O-A5-K7-X16x,Pusat
O-A5-K7-X17x,O-A5-K7-X17x,Pusat
O-A5-K7-X18x,O-A5-K7-X18x,Pusat
O-A5-K7-X19x,O-A5-K7-X19x,Pusat
O-A5-K7-X1x,O-A5-K7-X1x,Pusat
O-A5-K7-X20x,O-A5-K7-X20x,Pusat
O-A5-K7-X21x,O-A5-K7-X21x,Pusat
O-A5-K7-X22x,O-A5-K7-X22x,Pusat
O-A5-K7-X23x,O-A5-K7-X23x,Pusat
O-A5-K7-X24x,O-A5-K7-X24x,Pusat
O-A5-K7-X25x,O-A5-K7-X25x,Pusat
O-A5-K7-X26x,O-A5-K7-X26x,Pusat
O-A5-K7-X27x,O-A5-K7-X27x,Pusat
O-A5-K7-X28x,O-A5-K7-X28x,Pusat
O-A5-K7-X29x,O-A5-K7-X29x,Pusat
O-A5-K7-X2x,O-A5-K7-X2x,Pusat
O-A5-K7-X30x,O-A5-K7-X30x,Pusat
O-A5-K7-X3x,O-A5-K7-X3x,Pusat
O-A5-K7-X4x,O-A5-K7-X4x,Pusat
O-A5-K7-X5x,O-A5-K7-X5x,Pusat
O-A5-K7-X6x,O-A5-K7-X6x,Pusat
O-A5-K7-X7x,O-A5-K7-X7x,Pusat
O-A5-K7-X8x,O-A5-K7-X8x,Pusat
O-A5-K7-X9x,O-A5-K7-X9x,Pusat
O-A6-K1-X10x,O-A6-K1-X10x,Pusat
O-A6-K1-X11x,O-A6-K1-X11x,Pusat
O-A6-K1-X12x,O-A6-K1-X12x,Pusat
O-A6-K1-X13x,O-A6-K1-X13x,Pusat
O-A6-K1-X14x,O-A6-K1-X14x,Pusat
O-A6-K1-X15x,O-A6-K1-X15x,Pusat
O-A6-K1-X16x,O-A6-K1-X16x,Pusat
O-A6-K1-X17x,O-A6-K1-X17x,Pusat
O-A6-K1-X18x,O-A6-K1-X18x,Pusat
O-A6-K1-X19x,O-A6-K1-X19x,Pusat
O-A6-K1-X1x,O-A6-K1-X1x,Pusat
O-A6-K1-X20x,O-A6-K1-X20x,Pusat
O-A6-K1-X21x,O-A6-K1-X21x,Pusat
O-A6-K1-X22x,O-A6-K1-X22x,Pusat
O-A6-K1-X23x,O-A6-K1-X23x,Pusat
O-A6-K1-X24x,O-A6-K1-X24x,Pusat
O-A6-K1-X25x,O-A6-K1-X25x,Pusat
O-A6-K1-X26x,O-A6-K1-X26x,Pusat
O-A6-K1-X27x,O-A6-K1-X27x,Pusat
O-A6-K1-X28x,O-A6-K1-X28x,Pusat
O-A6-K1-X29x,O-A6-K1-X29x,Pusat
O-A6-K1-X2x,O-A6-K1-X2x,Pusat
O-A6-K1-X30x,O-A6-K1-X30x,Pusat
O-A6-K1-X3x,O-A6-K1-X3x,Pusat
O-A6-K1-X4x,O-A6-K1-X4x,Pusat
O-A6-K1-X5x,O-A6-K1-X5x,Pusat
O-A6-K1-X6x,O-A6-K1-X6x,Pusat
O-A6-K1-X7x,O-A6-K1-X7x,Pusat
O-A6-K1-X8x,O-A6-K1-X8x,Pusat
O-A6-K1-X9x,O-A6-K1-X9x,Pusat
O-A6-K2-X10x,O-A6-K2-X10x,Pusat
O-A6-K2-X11x,O-A6-K2-X11x,Pusat
O-A6-K2-X12x,O-A6-K2-X12x,Pusat
O-A6-K2-X13x,O-A6-K2-X13x,Pusat
O-A6-K2-X14x,O-A6-K2-X14x,Pusat
O-A6-K2-X15x,O-A6-K2-X15x,Pusat
O-A6-K2-X16x,O-A6-K2-X16x,Pusat
O-A6-K2-X17x,O-A6-K2-X17x,Pusat
O-A6-K2-X18x,O-A6-K2-X18x,Pusat
O-A6-K2-X19x,O-A6-K2-X19x,Pusat
O-A6-K2-X1x,O-A6-K2-X1x,Pusat
O-A6-K2-X20x,O-A6-K2-X20x,Pusat
O-A6-K2-X21x,O-A6-K2-X21x,Pusat
O-A6-K2-X22x,O-A6-K2-X22x,Pusat
O-A6-K2-X23x,O-A6-K2-X23x,Pusat
O-A6-K2-X24x,O-A6-K2-X24x,Pusat
O-A6-K2-X25x,O-A6-K2-X25x,Pusat
O-A6-K2-X26x,O-A6-K2-X26x,Pusat
O-A6-K2-X27x,O-A6-K2-X27x,Pusat
O-A6-K2-X28x,O-A6-K2-X28x,Pusat
O-A6-K2-X29x,O-A6-K2-X29x,Pusat
O-A6-K2-X2x,O-A6-K2-X2x,Pusat
O-A6-K2-X30x,O-A6-K2-X30x,Pusat
O-A6-K2-X3x,O-A6-K2-X3x,Pusat
O-A6-K2-X4x,O-A6-K2-X4x,Pusat
O-A6-K2-X5x,O-A6-K2-X5x,Pusat
O-A6-K2-X6x,O-A6-K2-X6x,Pusat
O-A6-K2-X7x,O-A6-K2-X7x,Pusat
O-A6-K2-X8x,O-A6-K2-X8x,Pusat
O-A6-K2-X9x,O-A6-K2-X9x,Pusat
O-A6-K3-X10x,O-A6-K3-X10x,Pusat
O-A6-K3-X11x,O-A6-K3-X11x,Pusat
O-A6-K3-X12x,O-A6-K3-X12x,Pusat
O-A6-K3-X13x,O-A6-K3-X13x,Pusat
O-A6-K3-X14x,O-A6-K3-X14x,Pusat
O-A6-K3-X15x,O-A6-K3-X15x,Pusat
O-A6-K3-X16x,O-A6-K3-X16x,Pusat
O-A6-K3-X17x,O-A6-K3-X17x,Pusat
O-A6-K3-X18x,O-A6-K3-X18x,Pusat
O-A6-K3-X19x,O-A6-K3-X19x,Pusat
O-A6-K3-X1x,O-A6-K3-X1x,Pusat
O-A6-K3-X20x,O-A6-K3-X20x,Pusat
O-A6-K3-X21x,O-A6-K3-X21x,Pusat
O-A6-K3-X22x,O-A6-K3-X22x,Pusat
O-A6-K3-X23x,O-A6-K3-X23x,Pusat
O-A6-K3-X24x,O-A6-K3-X24x,Pusat
O-A6-K3-X25x,O-A6-K3-X25x,Pusat
O-A6-K3-X26x,O-A6-K3-X26x,Pusat
O-A6-K3-X27x,O-A6-K3-X27x,Pusat
O-A6-K3-X28x,O-A6-K3-X28x,Pusat
O-A6-K3-X29x,O-A6-K3-X29x,Pusat
O-A6-K3-X2x,O-A6-K3-X2x,Pusat
O-A6-K3-X30x,O-A6-K3-X30x,Pusat
O-A6-K3-X3x,O-A6-K3-X3x,Pusat
O-A6-K3-X4x,O-A6-K3-X4x,Pusat
O-A6-K3-X5x,O-A6-K3-X5x,Pusat
O-A6-K3-X6x,O-A6-K3-X6x,Pusat
O-A6-K3-X7x,O-A6-K3-X7x,Pusat
O-A6-K3-X8x,O-A6-K3-X8x,Pusat
O-A6-K3-X9x,O-A6-K3-X9x,Pusat
O-A6-K4-X10x,O-A6-K4-X10x,Pusat
O-A6-K4-X11x,O-A6-K4-X11x,Pusat
O-A6-K4-X12x,O-A6-K4-X12x,Pusat
O-A6-K4-X13x,O-A6-K4-X13x,Pusat
O-A6-K4-X14x,O-A6-K4-X14x,Pusat
O-A6-K4-X15x,O-A6-K4-X15x,Pusat
O-A6-K4-X16x,O-A6-K4-X16x,Pusat
O-A6-K4-X17x,O-A6-K4-X17x,Pusat
O-A6-K4-X18x,O-A6-K4-X18x,Pusat
O-A6-K4-X19x,O-A6-K4-X19x,Pusat
O-A6-K4-X1x,O-A6-K4-X1x,Pusat
O-A6-K4-X20x,O-A6-K4-X20x,Pusat
O-A6-K4-X21x,O-A6-K4-X21x,Pusat
O-A6-K4-X22x,O-A6-K4-X22x,Pusat
O-A6-K4-X23x,O-A6-K4-X23x,Pusat
O-A6-K4-X24x,O-A6-K4-X24x,Pusat
O-A6-K4-X25x,O-A6-K4-X25x,Pusat
O-A6-K4-X26x,O-A6-K4-X26x,Pusat
O-A6-K4-X27x,O-A6-K4-X27x,Pusat
O-A6-K4-X28x,O-A6-K4-X28x,Pusat
O-A6-K4-X29x,O-A6-K4-X29x,Pusat
O-A6-K4-X2x,O-A6-K4-X2x,Pusat
O-A6-K4-X30x,O-A6-K4-X30x,Pusat
O-A6-K4-X3x,O-A6-K4-X3x,Pusat
O-A6-K4-X4x,O-A6-K4-X4x,Pusat
O-A6-K4-X5x,O-A6-K4-X5x,Pusat
O-A6-K4-X6x,O-A6-K4-X6x,Pusat
O-A6-K4-X7x,O-A6-K4-X7x,Pusat
O-A6-K4-X8x,O-A6-K4-X8x,Pusat
O-A6-K4-X9x,O-A6-K4-X9x,Pusat
O-A6-K5-X10x,O-A6-K5-X10x,Pusat
O-A6-K5-X11x,O-A6-K5-X11x,Pusat
O-A6-K5-X12x,O-A6-K5-X12x,Pusat
O-A6-K5-X13x,O-A6-K5-X13x,Pusat
O-A6-K5-X14x,O-A6-K5-X14x,Pusat
O-A6-K5-X15x,O-A6-K5-X15x,Pusat
O-A6-K5-X16x,O-A6-K5-X16x,Pusat
O-A6-K5-X17x,O-A6-K5-X17x,Pusat
O-A6-K5-X18x,O-A6-K5-X18x,Pusat
O-A6-K5-X19x,O-A6-K5-X19x,Pusat
O-A6-K5-X1x,O-A6-K5-X1x,Pusat
O-A6-K5-X20x,O-A6-K5-X20x,Pusat
O-A6-K5-X21x,O-A6-K5-X21x,Pusat
O-A6-K5-X22x,O-A6-K5-X22x,Pusat
O-A6-K5-X23x,O-A6-K5-X23x,Pusat
O-A6-K5-X24x,O-A6-K5-X24x,Pusat
O-A6-K5-X25x,O-A6-K5-X25x,Pusat
O-A6-K5-X26x,O-A6-K5-X26x,Pusat
O-A6-K5-X27x,O-A6-K5-X27x,Pusat
O-A6-K5-X28x,O-A6-K5-X28x,Pusat
O-A6-K5-X29x,O-A6-K5-X29x,Pusat
O-A6-K5-X2x,O-A6-K5-X2x,Pusat
O-A6-K5-X30x,O-A6-K5-X30x,Pusat
O-A6-K5-X3x,O-A6-K5-X3x,Pusat
O-A6-K5-X4x,O-A6-K5-X4x,Pusat
O-A6-K5-X5x,O-A6-K5-X5x,Pusat
O-A6-K5-X6x,O-A6-K5-X6x,Pusat
O-A6-K5-X7x,O-A6-K5-X7x,Pusat
O-A6-K5-X8x,O-A6-K5-X8x,Pusat
O-A6-K5-X9x,O-A6-K5-X9x,Pusat
O-A6-K6-X10x,O-A6-K6-X10x,Pusat
O-A6-K6-X11x,O-A6-K6-X11x,Pusat
O-A6-K6-X12x,O-A6-K6-X12x,Pusat
O-A6-K6-X13x,O-A6-K6-X13x,Pusat
O-A6-K6-X14x,O-A6-K6-X14x,Pusat
O-A6-K6-X15x,O-A6-K6-X15x,Pusat
O-A6-K6-X16x,O-A6-K6-X16x,Pusat
O-A6-K6-X17x,O-A6-K6-X17x,Pusat
O-A6-K6-X18x,O-A6-K6-X18x,Pusat
O-A6-K6-X19x,O-A6-K6-X19x,Pusat
O-A6-K6-X1x,O-A6-K6-X1x,Pusat
O-A6-K6-X20x,O-A6-K6-X20x,Pusat
O-A6-K6-X21x,O-A6-K6-X21x,Pusat
O-A6-K6-X22x,O-A6-K6-X22x,Pusat
O-A6-K6-X23x,O-A6-K6-X23x,Pusat
O-A6-K6-X24x,O-A6-K6-X24x,Pusat
O-A6-K6-X25x,O-A6-K6-X25x,Pusat
O-A6-K6-X26x,O-A6-K6-X26x,Pusat
O-A6-K6-X27x,O-A6-K6-X27x,Pusat
O-A6-K6-X28x,O-A6-K6-X28x,Pusat
O-A6-K6-X29x,O-A6-K6-X29x,Pusat
O-A6-K6-X2x,O-A6-K6-X2x,Pusat
O-A6-K6-X30x,O-A6-K6-X30x,Pusat
O-A6-K6-X3x,O-A6-K6-X3x,Pusat
O-A6-K6-X4x,O-A6-K6-X4x,Pusat
O-A6-K6-X5x,O-A6-K6-X5x,Pusat
O-A6-K6-X6x,O-A6-K6-X6x,Pusat
O-A6-K6-X7x,O-A6-K6-X7x,Pusat
O-A6-K6-X8x,O-A6-K6-X8x,Pusat
O-A6-K6-X9x,O-A6-K6-X9x,Pusat
O-A6-K7-X10x,O-A6-K7-X10x,Pusat
O-A6-K7-X11x,O-A6-K7-X11x,Pusat
O-A6-K7-X12x,O-A6-K7-X12x,Pusat
O-A6-K7-X13x,O-A6-K7-X13x,Pusat
O-A6-K7-X14x,O-A6-K7-X14x,Pusat
O-A6-K7-X15x,O-A6-K7-X15x,Pusat
O-A6-K7-X16x,O-A6-K7-X16x,Pusat
O-A6-K7-X17x,O-A6-K7-X17x,Pusat
O-A6-K7-X18x,O-A6-K7-X18x,Pusat
O-A6-K7-X19x,O-A6-K7-X19x,Pusat
O-A6-K7-X1x,O-A6-K7-X1x,Pusat
O-A6-K7-X20x,O-A6-K7-X20x,Pusat
O-A6-K7-X21x,O-A6-K7-X21x,Pusat
O-A6-K7-X22x,O-A6-K7-X22x,Pusat
O-A6-K7-X23x,O-A6-K7-X23x,Pusat
O-A6-K7-X24x,O-A6-K7-X24x,Pusat
O-A6-K7-X25x,O-A6-K7-X25x,Pusat
O-A6-K7-X26x,O-A6-K7-X26x,Pusat
O-A6-K7-X27x,O-A6-K7-X27x,Pusat
O-A6-K7-X28x,O-A6-K7-X28x,Pusat
O-A6-K7-X29x,O-A6-K7-X29x,Pusat
O-A6-K7-X2x,O-A6-K7-X2x,Pusat
O-A6-K7-X30x,O-A6-K7-X30x,Pusat
O-A6-K7-X3x,O-A6-K7-X3x,Pusat
O-A6-K7-X4x,O-A6-K7-X4x,Pusat
O-A6-K7-X5x,O-A6-K7-X5x,Pusat
O-A6-K7-X6x,O-A6-K7-X6x,Pusat
O-A6-K7-X7x,O-A6-K7-X7x,Pusat
O-A6-K7-X8x,O-A6-K7-X8x,Pusat
O-A6-K7-X9x,O-A6-K7-X9x,Pusat
O-A7-K1-X10x,O-A7-K1-X10x,Pusat
O-A7-K1-X11x,O-A7-K1-X11x,Pusat
O-A7-K1-X12x,O-A7-K1-X12x,Pusat
O-A7-K1-X13x,O-A7-K1-X13x,Pusat
O-A7-K1-X14x,O-A7-K1-X14x,Pusat
O-A7-K1-X15x,O-A7-K1-X15x,Pusat
O-A7-K1-X16x,O-A7-K1-X16x,Pusat
O-A7-K1-X17x,O-A7-K1-X17x,Pusat
O-A7-K1-X18x,O-A7-K1-X18x,Pusat
O-A7-K1-X19x,O-A7-K1-X19x,Pusat
O-A7-K1-X1x,O-A7-K1-X1x,Pusat
O-A7-K1-X20x,O-A7-K1-X20x,Pusat
O-A7-K1-X21x,O-A7-K1-X21x,Pusat
O-A7-K1-X22x,O-A7-K1-X22x,Pusat
O-A7-K1-X23x,O-A7-K1-X23x,Pusat
O-A7-K1-X24x,O-A7-K1-X24x,Pusat
O-A7-K1-X25x,O-A7-K1-X25x,Pusat
O-A7-K1-X26x,O-A7-K1-X26x,Pusat
O-A7-K1-X27x,O-A7-K1-X27x,Pusat
O-A7-K1-X28x,O-A7-K1-X28x,Pusat
O-A7-K1-X29x,O-A7-K1-X29x,Pusat
O-A7-K1-X2x,O-A7-K1-X2x,Pusat
O-A7-K1-X30x,O-A7-K1-X30x,Pusat
O-A7-K1-X3x,O-A7-K1-X3x,Pusat
O-A7-K1-X4x,O-A7-K1-X4x,Pusat
O-A7-K1-X5x,O-A7-K1-X5x,Pusat
O-A7-K1-X6x,O-A7-K1-X6x,Pusat
O-A7-K1-X7x,O-A7-K1-X7x,Pusat
O-A7-K1-X8x,O-A7-K1-X8x,Pusat
O-A7-K1-X9x,O-A7-K1-X9x,Pusat
O-A7-K2-X10x,O-A7-K2-X10x,Pusat
O-A7-K2-X11x,O-A7-K2-X11x,Pusat
O-A7-K2-X12x,O-A7-K2-X12x,Pusat
O-A7-K2-X13x,O-A7-K2-X13x,Pusat
O-A7-K2-X14x,O-A7-K2-X14x,Pusat
O-A7-K2-X15x,O-A7-K2-X15x,Pusat
O-A7-K2-X16x,O-A7-K2-X16x,Pusat
O-A7-K2-X17x,O-A7-K2-X17x,Pusat
O-A7-K2-X18x,O-A7-K2-X18x,Pusat
O-A7-K2-X19x,O-A7-K2-X19x,Pusat
O-A7-K2-X1x,O-A7-K2-X1x,Pusat
O-A7-K2-X20x,O-A7-K2-X20x,Pusat
O-A7-K2-X21x,O-A7-K2-X21x,Pusat
O-A7-K2-X22x,O-A7-K2-X22x,Pusat
O-A7-K2-X23x,O-A7-K2-X23x,Pusat
O-A7-K2-X24x,O-A7-K2-X24x,Pusat
O-A7-K2-X25x,O-A7-K2-X25x,Pusat
O-A7-K2-X26x,O-A7-K2-X26x,Pusat
O-A7-K2-X27x,O-A7-K2-X27x,Pusat
O-A7-K2-X28x,O-A7-K2-X28x,Pusat
O-A7-K2-X29x,O-A7-K2-X29x,Pusat
O-A7-K2-X2x,O-A7-K2-X2x,Pusat
O-A7-K2-X30x,O-A7-K2-X30x,Pusat
O-A7-K2-X3x,O-A7-K2-X3x,Pusat
O-A7-K2-X4x,O-A7-K2-X4x,Pusat
O-A7-K2-X5x,O-A7-K2-X5x,Pusat
O-A7-K2-X6x,O-A7-K2-X6x,Pusat
O-A7-K2-X7x,O-A7-K2-X7x,Pusat
O-A7-K2-X8x,O-A7-K2-X8x,Pusat
O-A7-K2-X9x,O-A7-K2-X9x,Pusat
O-A7-K3-X10x,O-A7-K3-X10x,Pusat
O-A7-K3-X11x,O-A7-K3-X11x,Pusat
O-A7-K3-X12x,O-A7-K3-X12x,Pusat
O-A7-K3-X13x,O-A7-K3-X13x,Pusat
O-A7-K3-X14x,O-A7-K3-X14x,Pusat
O-A7-K3-X15x,O-A7-K3-X15x,Pusat
O-A7-K3-X16x,O-A7-K3-X16x,Pusat
O-A7-K3-X17x,O-A7-K3-X17x,Pusat
O-A7-K3-X18x,O-A7-K3-X18x,Pusat
O-A7-K3-X19x,O-A7-K3-X19x,Pusat
O-A7-K3-X1x,O-A7-K3-X1x,Pusat
O-A7-K3-X20x,O-A7-K3-X20x,Pusat
O-A7-K3-X21x,O-A7-K3-X21x,Pusat
O-A7-K3-X22x,O-A7-K3-X22x,Pusat
O-A7-K3-X23x,O-A7-K3-X23x,Pusat
O-A7-K3-X24x,O-A7-K3-X24x,Pusat
O-A7-K3-X25x,O-A7-K3-X25x,Pusat
O-A7-K3-X26x,O-A7-K3-X26x,Pusat
O-A7-K3-X27x,O-A7-K3-X27x,Pusat
O-A7-K3-X28x,O-A7-K3-X28x,Pusat
O-A7-K3-X29x,O-A7-K3-X29x,Pusat
O-A7-K3-X2x,O-A7-K3-X2x,Pusat
O-A7-K3-X30x,O-A7-K3-X30x,Pusat
O-A7-K3-X3x,O-A7-K3-X3x,Pusat
O-A7-K3-X4x,O-A7-K3-X4x,Pusat
O-A7-K3-X5x,O-A7-K3-X5x,Pusat
O-A7-K3-X6x,O-A7-K3-X6x,Pusat
O-A7-K3-X7x,O-A7-K3-X7x,Pusat
O-A7-K3-X8x,O-A7-K3-X8x,Pusat
O-A7-K3-X9x,O-A7-K3-X9x,Pusat
O-A7-K4-X10x,O-A7-K4-X10x,Pusat
O-A7-K4-X11x,O-A7-K4-X11x,Pusat
O-A7-K4-X12x,O-A7-K4-X12x,Pusat
O-A7-K4-X13x,O-A7-K4-X13x,Pusat
O-A7-K4-X14x,O-A7-K4-X14x,Pusat
O-A7-K4-X15x,O-A7-K4-X15x,Pusat
O-A7-K4-X16x,O-A7-K4-X16x,Pusat
O-A7-K4-X17x,O-A7-K4-X17x,Pusat
O-A7-K4-X18x,O-A7-K4-X18x,Pusat
O-A7-K4-X19x,O-A7-K4-X19x,Pusat
O-A7-K4-X1x,O-A7-K4-X1x,Pusat
O-A7-K4-X20x,O-A7-K4-X20x,Pusat
O-A7-K4-X21x,O-A7-K4-X21x,Pusat
O-A7-K4-X22x,O-A7-K4-X22x,Pusat
O-A7-K4-X23x,O-A7-K4-X23x,Pusat
O-A7-K4-X24x,O-A7-K4-X24x,Pusat
O-A7-K4-X25x,O-A7-K4-X25x,Pusat
O-A7-K4-X26x,O-A7-K4-X26x,Pusat
O-A7-K4-X27x,O-A7-K4-X27x,Pusat
O-A7-K4-X28x,O-A7-K4-X28x,Pusat
O-A7-K4-X29x,O-A7-K4-X29x,Pusat
O-A7-K4-X2x,O-A7-K4-X2x,Pusat
O-A7-K4-X30x,O-A7-K4-X30x,Pusat
O-A7-K4-X3x,O-A7-K4-X3x,Pusat
O-A7-K4-X4x,O-A7-K4-X4x,Pusat
O-A7-K4-X5x,O-A7-K4-X5x,Pusat
O-A7-K4-X6x,O-A7-K4-X6x,Pusat
O-A7-K4-X7x,O-A7-K4-X7x,Pusat
O-A7-K4-X8x,O-A7-K4-X8x,Pusat
O-A7-K4-X9x,O-A7-K4-X9x,Pusat
O-A7-K5-X10x,O-A7-K5-X10x,Pusat
O-A7-K5-X11x,O-A7-K5-X11x,Pusat
O-A7-K5-X12x,O-A7-K5-X12x,Pusat
O-A7-K5-X13x,O-A7-K5-X13x,Pusat
O-A7-K5-X14x,O-A7-K5-X14x,Pusat
O-A7-K5-X15x,O-A7-K5-X15x,Pusat
O-A7-K5-X16x,O-A7-K5-X16x,Pusat
O-A7-K5-X17x,O-A7-K5-X17x,Pusat
O-A7-K5-X18x,O-A7-K5-X18x,Pusat
O-A7-K5-X19x,O-A7-K5-X19x,Pusat
O-A7-K5-X1x,O-A7-K5-X1x,Pusat
O-A7-K5-X20x,O-A7-K5-X20x,Pusat
O-A7-K5-X21x,O-A7-K5-X21x,Pusat
O-A7-K5-X22x,O-A7-K5-X22x,Pusat
O-A7-K5-X23x,O-A7-K5-X23x,Pusat
O-A7-K5-X24x,O-A7-K5-X24x,Pusat
O-A7-K5-X25x,O-A7-K5-X25x,Pusat
O-A7-K5-X26x,O-A7-K5-X26x,Pusat
O-A7-K5-X27x,O-A7-K5-X27x,Pusat
O-A7-K5-X28x,O-A7-K5-X28x,Pusat
O-A7-K5-X29x,O-A7-K5-X29x,Pusat
O-A7-K5-X2x,O-A7-K5-X2x,Pusat
O-A7-K5-X30x,O-A7-K5-X30x,Pusat
O-A7-K5-X3x,O-A7-K5-X3x,Pusat
O-A7-K5-X4x,O-A7-K5-X4x,Pusat
O-A7-K5-X5x,O-A7-K5-X5x,Pusat
O-A7-K5-X6x,O-A7-K5-X6x,Pusat
O-A7-K5-X7x,O-A7-K5-X7x,Pusat
O-A7-K5-X8x,O-A7-K5-X8x,Pusat
O-A7-K5-X9x,O-A7-K5-X9x,Pusat
O-A7-K6-X10x,O-A7-K6-X10x,Pusat
O-A7-K6-X11x,O-A7-K6-X11x,Pusat
O-A7-K6-X12x,O-A7-K6-X12x,Pusat
O-A7-K6-X13x,O-A7-K6-X13x,Pusat
O-A7-K6-X14x,O-A7-K6-X14x,Pusat
O-A7-K6-X15x,O-A7-K6-X15x,Pusat
O-A7-K6-X16x,O-A7-K6-X16x,Pusat
O-A7-K6-X17x,O-A7-K6-X17x,Pusat
O-A7-K6-X18x,O-A7-K6-X18x,Pusat
O-A7-K6-X19x,O-A7-K6-X19x,Pusat
O-A7-K6-X1x,O-A7-K6-X1x,Pusat
O-A7-K6-X20x,O-A7-K6-X20x,Pusat
O-A7-K6-X21x,O-A7-K6-X21x,Pusat
O-A7-K6-X22x,O-A7-K6-X22x,Pusat
O-A7-K6-X23x,O-A7-K6-X23x,Pusat
O-A7-K6-X24x,O-A7-K6-X24x,Pusat
O-A7-K6-X25x,O-A7-K6-X25x,Pusat
O-A7-K6-X26x,O-A7-K6-X26x,Pusat
O-A7-K6-X27x,O-A7-K6-X27x,Pusat
O-A7-K6-X28x,O-A7-K6-X28x,Pusat
O-A7-K6-X29x,O-A7-K6-X29x,Pusat
O-A7-K6-X2x,O-A7-K6-X2x,Pusat
O-A7-K6-X30x,O-A7-K6-X30x,Pusat
O-A7-K6-X3x,O-A7-K6-X3x,Pusat
O-A7-K6-X4x,O-A7-K6-X4x,Pusat
O-A7-K6-X5x,O-A7-K6-X5x,Pusat
O-A7-K6-X6x,O-A7-K6-X6x,Pusat
O-A7-K6-X7x,O-A7-K6-X7x,Pusat
O-A7-K6-X8x,O-A7-K6-X8x,Pusat
O-A7-K6-X9x,O-A7-K6-X9x,Pusat
O-A7-K7-X10x,O-A7-K7-X10x,Pusat
O-A7-K7-X11x,O-A7-K7-X11x,Pusat
O-A7-K7-X12x,O-A7-K7-X12x,Pusat
O-A7-K7-X13x,O-A7-K7-X13x,Pusat
O-A7-K7-X14x,O-A7-K7-X14x,Pusat
O-A7-K7-X15x,O-A7-K7-X15x,Pusat
O-A7-K7-X16x,O-A7-K7-X16x,Pusat
O-A7-K7-X17x,O-A7-K7-X17x,Pusat
O-A7-K7-X18x,O-A7-K7-X18x,Pusat
O-A7-K7-X19x,O-A7-K7-X19x,Pusat
O-A7-K7-X1x,O-A7-K7-X1x,Pusat
O-A7-K7-X20x,O-A7-K7-X20x,Pusat
O-A7-K7-X21x,O-A7-K7-X21x,Pusat
O-A7-K7-X22x,O-A7-K7-X22x,Pusat
O-A7-K7-X23x,O-A7-K7-X23x,Pusat
O-A7-K7-X24x,O-A7-K7-X24x,Pusat
O-A7-K7-X25x,O-A7-K7-X25x,Pusat
O-A7-K7-X26x,O-A7-K7-X26x,Pusat
O-A7-K7-X27x,O-A7-K7-X27x,Pusat
O-A7-K7-X28x,O-A7-K7-X28x,Pusat
O-A7-K7-X29x,O-A7-K7-X29x,Pusat
O-A7-K7-X2x,O-A7-K7-X2x,Pusat
O-A7-K7-X30x,O-A7-K7-X30x,Pusat
O-A7-K7-X3x,O-A7-K7-X3x,Pusat
O-A7-K7-X4x,O-A7-K7-X4x,Pusat
O-A7-K7-X5x,O-A7-K7-X5x,Pusat
O-A7-K7-X6x,O-A7-K7-X6x,Pusat
O-A7-K7-X7x,O-A7-K7-X7x,Pusat
O-A7-K7-X8x,O-A7-K7-X8x,Pusat
O-A7-K7-X9x,O-A7-K7-X9x,Pusat
O-A8-K1-X10x,O-A8-K1-X10x,Pusat
O-A8-K1-X11x,O-A8-K1-X11x,Pusat
O-A8-K1-X12x,O-A8-K1-X12x,Pusat
O-A8-K1-X13x,O-A8-K1-X13x,Pusat
O-A8-K1-X14x,O-A8-K1-X14x,Pusat
O-A8-K1-X15x,O-A8-K1-X15x,Pusat
O-A8-K1-X16x,O-A8-K1-X16x,Pusat
O-A8-K1-X17x,O-A8-K1-X17x,Pusat
O-A8-K1-X18x,O-A8-K1-X18x,Pusat
O-A8-K1-X19x,O-A8-K1-X19x,Pusat
O-A8-K1-X1x,O-A8-K1-X1x,Pusat
O-A8-K1-X20x,O-A8-K1-X20x,Pusat
O-A8-K1-X21x,O-A8-K1-X21x,Pusat
O-A8-K1-X22x,O-A8-K1-X22x,Pusat
O-A8-K1-X23x,O-A8-K1-X23x,Pusat
O-A8-K1-X24x,O-A8-K1-X24x,Pusat
O-A8-K1-X25x,O-A8-K1-X25x,Pusat
O-A8-K1-X26x,O-A8-K1-X26x,Pusat
O-A8-K1-X27x,O-A8-K1-X27x,Pusat
O-A8-K1-X28x,O-A8-K1-X28x,Pusat
O-A8-K1-X29x,O-A8-K1-X29x,Pusat
O-A8-K1-X2x,O-A8-K1-X2x,Pusat
O-A8-K1-X30x,O-A8-K1-X30x,Pusat
O-A8-K1-X3x,O-A8-K1-X3x,Pusat
O-A8-K1-X4x,O-A8-K1-X4x,Pusat
O-A8-K1-X5x,O-A8-K1-X5x,Pusat
O-A8-K1-X6x,O-A8-K1-X6x,Pusat
O-A8-K1-X7x,O-A8-K1-X7x,Pusat
O-A8-K1-X8x,O-A8-K1-X8x,Pusat
O-A8-K1-X9x,O-A8-K1-X9x,Pusat
O-A8-K2-X10x,O-A8-K2-X10x,Pusat
O-A8-K2-X11x,O-A8-K2-X11x,Pusat
O-A8-K2-X12x,O-A8-K2-X12x,Pusat
O-A8-K2-X13x,O-A8-K2-X13x,Pusat
O-A8-K2-X14x,O-A8-K2-X14x,Pusat
O-A8-K2-X15x,O-A8-K2-X15x,Pusat
O-A8-K2-X16x,O-A8-K2-X16x,Pusat
O-A8-K2-X17x,O-A8-K2-X17x,Pusat
O-A8-K2-X18x,O-A8-K2-X18x,Pusat
O-A8-K2-X19x,O-A8-K2-X19x,Pusat
O-A8-K2-X1x,O-A8-K2-X1x,Pusat
O-A8-K2-X20x,O-A8-K2-X20x,Pusat
O-A8-K2-X21x,O-A8-K2-X21x,Pusat
O-A8-K2-X22x,O-A8-K2-X22x,Pusat
O-A8-K2-X23x,O-A8-K2-X23x,Pusat
O-A8-K2-X24x,O-A8-K2-X24x,Pusat
O-A8-K2-X25x,O-A8-K2-X25x,Pusat
O-A8-K2-X26x,O-A8-K2-X26x,Pusat
O-A8-K2-X27x,O-A8-K2-X27x,Pusat
O-A8-K2-X28x,O-A8-K2-X28x,Pusat
O-A8-K2-X29x,O-A8-K2-X29x,Pusat
O-A8-K2-X2x,O-A8-K2-X2x,Pusat
O-A8-K2-X30x,O-A8-K2-X30x,Pusat
O-A8-K2-X3x,O-A8-K2-X3x,Pusat
O-A8-K2-X4x,O-A8-K2-X4x,Pusat
O-A8-K2-X5x,O-A8-K2-X5x,Pusat
O-A8-K2-X6x,O-A8-K2-X6x,Pusat
O-A8-K2-X7x,O-A8-K2-X7x,Pusat
O-A8-K2-X8x,O-A8-K2-X8x,Pusat
O-A8-K2-X9x,O-A8-K2-X9x,Pusat
O-A8-K3-X10x,O-A8-K3-X10x,Pusat
O-A8-K3-X11x,O-A8-K3-X11x,Pusat
O-A8-K3-X12x,O-A8-K3-X12x,Pusat
O-A8-K3-X13x,O-A8-K3-X13x,Pusat
O-A8-K3-X14x,O-A8-K3-X14x,Pusat
O-A8-K3-X15x,O-A8-K3-X15x,Pusat
O-A8-K3-X16x,O-A8-K3-X16x,Pusat
O-A8-K3-X17x,O-A8-K3-X17x,Pusat
O-A8-K3-X18x,O-A8-K3-X18x,Pusat
O-A8-K3-X19x,O-A8-K3-X19x,Pusat
O-A8-K3-X1x,O-A8-K3-X1x,Pusat
O-A8-K3-X20x,O-A8-K3-X20x,Pusat
O-A8-K3-X21x,O-A8-K3-X21x,Pusat
O-A8-K3-X22x,O-A8-K3-X22x,Pusat
O-A8-K3-X23x,O-A8-K3-X23x,Pusat
O-A8-K3-X24x,O-A8-K3-X24x,Pusat
O-A8-K3-X25x,O-A8-K3-X25x,Pusat
O-A8-K3-X26x,O-A8-K3-X26x,Pusat
O-A8-K3-X27x,O-A8-K3-X27x,Pusat
O-A8-K3-X28x,O-A8-K3-X28x,Pusat
O-A8-K3-X29x,O-A8-K3-X29x,Pusat
O-A8-K3-X2x,O-A8-K3-X2x,Pusat
O-A8-K3-X30x,O-A8-K3-X30x,Pusat
O-A8-K3-X3x,O-A8-K3-X3x,Pusat
O-A8-K3-X4x,O-A8-K3-X4x,Pusat
O-A8-K3-X5x,O-A8-K3-X5x,Pusat
O-A8-K3-X6x,O-A8-K3-X6x,Pusat
O-A8-K3-X7x,O-A8-K3-X7x,Pusat
O-A8-K3-X8x,O-A8-K3-X8x,Pusat
O-A8-K3-X9x,O-A8-K3-X9x,Pusat
O-A8-K4-X10x,O-A8-K4-X10x,Pusat
O-A8-K4-X11x,O-A8-K4-X11x,Pusat
O-A8-K4-X12x,O-A8-K4-X12x,Pusat
O-A8-K4-X13x,O-A8-K4-X13x,Pusat
O-A8-K4-X14x,O-A8-K4-X14x,Pusat
O-A8-K4-X15x,O-A8-K4-X15x,Pusat
O-A8-K4-X16x,O-A8-K4-X16x,Pusat
O-A8-K4-X17x,O-A8-K4-X17x,Pusat
O-A8-K4-X18x,O-A8-K4-X18x,Pusat
O-A8-K4-X19x,O-A8-K4-X19x,Pusat
O-A8-K4-X1x,O-A8-K4-X1x,Pusat
O-A8-K4-X20x,O-A8-K4-X20x,Pusat
O-A8-K4-X21x,O-A8-K4-X21x,Pusat
O-A8-K4-X22x,O-A8-K4-X22x,Pusat
O-A8-K4-X23x,O-A8-K4-X23x,Pusat
O-A8-K4-X24x,O-A8-K4-X24x,Pusat
O-A8-K4-X25x,O-A8-K4-X25x,Pusat
O-A8-K4-X26x,O-A8-K4-X26x,Pusat
O-A8-K4-X27x,O-A8-K4-X27x,Pusat
O-A8-K4-X28x,O-A8-K4-X28x,Pusat
O-A8-K4-X29x,O-A8-K4-X29x,Pusat
O-A8-K4-X2x,O-A8-K4-X2x,Pusat
O-A8-K4-X30x,O-A8-K4-X30x,Pusat
O-A8-K4-X3x,O-A8-K4-X3x,Pusat
O-A8-K4-X4x,O-A8-K4-X4x,Pusat
O-A8-K4-X5x,O-A8-K4-X5x,Pusat
O-A8-K4-X6x,O-A8-K4-X6x,Pusat
O-A8-K4-X7x,O-A8-K4-X7x,Pusat
O-A8-K4-X8x,O-A8-K4-X8x,Pusat
O-A8-K4-X9x,O-A8-K4-X9x,Pusat
O-A8-K5-X10x,O-A8-K5-X10x,Pusat
O-A8-K5-X11x,O-A8-K5-X11x,Pusat
O-A8-K5-X12x,O-A8-K5-X12x,Pusat
O-A8-K5-X13x,O-A8-K5-X13x,Pusat
O-A8-K5-X14x,O-A8-K5-X14x,Pusat
O-A8-K5-X15x,O-A8-K5-X15x,Pusat
O-A8-K5-X16x,O-A8-K5-X16x,Pusat
O-A8-K5-X17x,O-A8-K5-X17x,Pusat
O-A8-K5-X18x,O-A8-K5-X18x,Pusat
O-A8-K5-X19x,O-A8-K5-X19x,Pusat
O-A8-K5-X1x,O-A8-K5-X1x,Pusat
O-A8-K5-X20x,O-A8-K5-X20x,Pusat
O-A8-K5-X21x,O-A8-K5-X21x,Pusat
O-A8-K5-X22x,O-A8-K5-X22x,Pusat
O-A8-K5-X23x,O-A8-K5-X23x,Pusat
O-A8-K5-X24x,O-A8-K5-X24x,Pusat
O-A8-K5-X25x,O-A8-K5-X25x,Pusat
O-A8-K5-X26x,O-A8-K5-X26x,Pusat
O-A8-K5-X27x,O-A8-K5-X27x,Pusat
O-A8-K5-X28x,O-A8-K5-X28x,Pusat
O-A8-K5-X29x,O-A8-K5-X29x,Pusat
O-A8-K5-X2x,O-A8-K5-X2x,Pusat
O-A8-K5-X30x,O-A8-K5-X30x,Pusat
O-A8-K5-X3x,O-A8-K5-X3x,Pusat
O-A8-K5-X4x,O-A8-K5-X4x,Pusat
O-A8-K5-X5x,O-A8-K5-X5x,Pusat
O-A8-K5-X6x,O-A8-K5-X6x,Pusat
O-A8-K5-X7x,O-A8-K5-X7x,Pusat
O-A8-K5-X8x,O-A8-K5-X8x,Pusat
O-A8-K5-X9x,O-A8-K5-X9x,Pusat
O-A8-K6-X10x,O-A8-K6-X10x,Pusat
O-A8-K6-X11x,O-A8-K6-X11x,Pusat
O-A8-K6-X12x,O-A8-K6-X12x,Pusat
O-A8-K6-X13x,O-A8-K6-X13x,Pusat
O-A8-K6-X14x,O-A8-K6-X14x,Pusat
O-A8-K6-X15x,O-A8-K6-X15x,Pusat
O-A8-K6-X16x,O-A8-K6-X16x,Pusat
O-A8-K6-X17x,O-A8-K6-X17x,Pusat
O-A8-K6-X18x,O-A8-K6-X18x,Pusat
O-A8-K6-X19x,O-A8-K6-X19x,Pusat
O-A8-K6-X1x,O-A8-K6-X1x,Pusat
O-A8-K6-X20x,O-A8-K6-X20x,Pusat
O-A8-K6-X21x,O-A8-K6-X21x,Pusat
O-A8-K6-X22x,O-A8-K6-X22x,Pusat
O-A8-K6-X23x,O-A8-K6-X23x,Pusat
O-A8-K6-X24x,O-A8-K6-X24x,Pusat
O-A8-K6-X25x,O-A8-K6-X25x,Pusat
O-A8-K6-X26x,O-A8-K6-X26x,Pusat
O-A8-K6-X27x,O-A8-K6-X27x,Pusat
O-A8-K6-X28x,O-A8-K6-X28x,Pusat
O-A8-K6-X29x,O-A8-K6-X29x,Pusat
O-A8-K6-X2x,O-A8-K6-X2x,Pusat
O-A8-K6-X30x,O-A8-K6-X30x,Pusat
O-A8-K6-X3x,O-A8-K6-X3x,Pusat
O-A8-K6-X4x,O-A8-K6-X4x,Pusat
O-A8-K6-X5x,O-A8-K6-X5x,Pusat
O-A8-K6-X6x,O-A8-K6-X6x,Pusat
O-A8-K6-X7x,O-A8-K6-X7x,Pusat
O-A8-K6-X8x,O-A8-K6-X8x,Pusat
O-A8-K6-X9x,O-A8-K6-X9x,Pusat
O-A8-K7-X10x,O-A8-K7-X10x,Pusat
O-A8-K7-X11x,O-A8-K7-X11x,Pusat
O-A8-K7-X12x,O-A8-K7-X12x,Pusat
O-A8-K7-X13x,O-A8-K7-X13x,Pusat
O-A8-K7-X14x,O-A8-K7-X14x,Pusat
O-A8-K7-X15x,O-A8-K7-X15x,Pusat
O-A8-K7-X16x,O-A8-K7-X16x,Pusat
O-A8-K7-X17x,O-A8-K7-X17x,Pusat
O-A8-K7-X18x,O-A8-K7-X18x,Pusat
O-A8-K7-X19x,O-A8-K7-X19x,Pusat
O-A8-K7-X1x,O-A8-K7-X1x,Pusat
O-A8-K7-X20x,O-A8-K7-X20x,Pusat
O-A8-K7-X21x,O-A8-K7-X21x,Pusat
O-A8-K7-X22x,O-A8-K7-X22x,Pusat
O-A8-K7-X23x,O-A8-K7-X23x,Pusat
O-A8-K7-X24x,O-A8-K7-X24x,Pusat
O-A8-K7-X25x,O-A8-K7-X25x,Pusat
O-A8-K7-X26x,O-A8-K7-X26x,Pusat
O-A8-K7-X27x,O-A8-K7-X27x,Pusat
O-A8-K7-X28x,O-A8-K7-X28x,Pusat
O-A8-K7-X29x,O-A8-K7-X29x,Pusat
O-A8-K7-X2x,O-A8-K7-X2x,Pusat
O-A8-K7-X30x,O-A8-K7-X30x,Pusat
O-A8-K7-X3x,O-A8-K7-X3x,Pusat
O-A8-K7-X4x,O-A8-K7-X4x,Pusat
O-A8-K7-X5x,O-A8-K7-X5x,Pusat
O-A8-K7-X6x,O-A8-K7-X6x,Pusat
O-A8-K7-X7x,O-A8-K7-X7x,Pusat
O-A8-K7-X8x,O-A8-K7-X8x,Pusat
O-A8-K7-X9x,O-A8-K7-X9x,Pusat
O-A9-K1-X10x,O-A9-K1-X10x,Pusat
O-A9-K1-X11x,O-A9-K1-X11x,Pusat
O-A9-K1-X12x,O-A9-K1-X12x,Pusat
O-A9-K1-X13x,O-A9-K1-X13x,Pusat
O-A9-K1-X14x,O-A9-K1-X14x,Pusat
O-A9-K1-X15x,O-A9-K1-X15x,Pusat
O-A9-K1-X16x,O-A9-K1-X16x,Pusat
O-A9-K1-X17x,O-A9-K1-X17x,Pusat
O-A9-K1-X18x,O-A9-K1-X18x,Pusat
O-A9-K1-X19x,O-A9-K1-X19x,Pusat
O-A9-K1-X1x,O-A9-K1-X1x,Pusat
O-A9-K1-X20x,O-A9-K1-X20x,Pusat
O-A9-K1-X21x,O-A9-K1-X21x,Pusat
O-A9-K1-X22x,O-A9-K1-X22x,Pusat
O-A9-K1-X23x,O-A9-K1-X23x,Pusat
O-A9-K1-X24x,O-A9-K1-X24x,Pusat
O-A9-K1-X25x,O-A9-K1-X25x,Pusat
O-A9-K1-X26x,O-A9-K1-X26x,Pusat
O-A9-K1-X27x,O-A9-K1-X27x,Pusat
O-A9-K1-X28x,O-A9-K1-X28x,Pusat
O-A9-K1-X29x,O-A9-K1-X29x,Pusat
O-A9-K1-X2x,O-A9-K1-X2x,Pusat
O-A9-K1-X30x,O-A9-K1-X30x,Pusat
O-A9-K1-X3x,O-A9-K1-X3x,Pusat
O-A9-K1-X4x,O-A9-K1-X4x,Pusat
O-A9-K1-X5x,O-A9-K1-X5x,Pusat
O-A9-K1-X6x,O-A9-K1-X6x,Pusat
O-A9-K1-X7x,O-A9-K1-X7x,Pusat
O-A9-K1-X8x,O-A9-K1-X8x,Pusat
O-A9-K1-X9x,O-A9-K1-X9x,Pusat
O-A9-K2-X10x,O-A9-K2-X10x,Pusat
O-A9-K2-X11x,O-A9-K2-X11x,Pusat
O-A9-K2-X12x,O-A9-K2-X12x,Pusat
O-A9-K2-X13x,O-A9-K2-X13x,Pusat
O-A9-K2-X14x,O-A9-K2-X14x,Pusat
O-A9-K2-X15x,O-A9-K2-X15x,Pusat
O-A9-K2-X16x,O-A9-K2-X16x,Pusat
O-A9-K2-X17x,O-A9-K2-X17x,Pusat
O-A9-K2-X18x,O-A9-K2-X18x,Pusat
O-A9-K2-X19x,O-A9-K2-X19x,Pusat
O-A9-K2-X1x,O-A9-K2-X1x,Pusat
O-A9-K2-X20x,O-A9-K2-X20x,Pusat
O-A9-K2-X21x,O-A9-K2-X21x,Pusat
O-A9-K2-X22x,O-A9-K2-X22x,Pusat
O-A9-K2-X23x,O-A9-K2-X23x,Pusat
O-A9-K2-X24x,O-A9-K2-X24x,Pusat
O-A9-K2-X25x,O-A9-K2-X25x,Pusat
O-A9-K2-X26x,O-A9-K2-X26x,Pusat
O-A9-K2-X27x,O-A9-K2-X27x,Pusat
O-A9-K2-X28x,O-A9-K2-X28x,Pusat
O-A9-K2-X29x,O-A9-K2-X29x,Pusat
O-A9-K2-X2x,O-A9-K2-X2x,Pusat
O-A9-K2-X30x,O-A9-K2-X30x,Pusat
O-A9-K2-X3x,O-A9-K2-X3x,Pusat
O-A9-K2-X4x,O-A9-K2-X4x,Pusat
O-A9-K2-X5x,O-A9-K2-X5x,Pusat
O-A9-K2-X6x,O-A9-K2-X6x,Pusat
O-A9-K2-X7x,O-A9-K2-X7x,Pusat
O-A9-K2-X8x,O-A9-K2-X8x,Pusat
O-A9-K2-X9x,O-A9-K2-X9x,Pusat
O-A9-K3-X10x,O-A9-K3-X10x,Pusat
O-A9-K3-X11x,O-A9-K3-X11x,Pusat
O-A9-K3-X12x,O-A9-K3-X12x,Pusat
O-A9-K3-X13x,O-A9-K3-X13x,Pusat
O-A9-K3-X14x,O-A9-K3-X14x,Pusat
O-A9-K3-X15x,O-A9-K3-X15x,Pusat
O-A9-K3-X16x,O-A9-K3-X16x,Pusat
O-A9-K3-X17x,O-A9-K3-X17x,Pusat
O-A9-K3-X18x,O-A9-K3-X18x,Pusat
O-A9-K3-X19x,O-A9-K3-X19x,Pusat
O-A9-K3-X1x,O-A9-K3-X1x,Pusat
O-A9-K3-X20x,O-A9-K3-X20x,Pusat
O-A9-K3-X21x,O-A9-K3-X21x,Pusat
O-A9-K3-X22x,O-A9-K3-X22x,Pusat
O-A9-K3-X23x,O-A9-K3-X23x,Pusat
O-A9-K3-X24x,O-A9-K3-X24x,Pusat
O-A9-K3-X25x,O-A9-K3-X25x,Pusat
O-A9-K3-X26x,O-A9-K3-X26x,Pusat
O-A9-K3-X27x,O-A9-K3-X27x,Pusat
O-A9-K3-X28x,O-A9-K3-X28x,Pusat
O-A9-K3-X29x,O-A9-K3-X29x,Pusat
O-A9-K3-X2x,O-A9-K3-X2x,Pusat
O-A9-K3-X30x,O-A9-K3-X30x,Pusat
O-A9-K3-X3x,O-A9-K3-X3x,Pusat
O-A9-K3-X4x,O-A9-K3-X4x,Pusat
O-A9-K3-X5x,O-A9-K3-X5x,Pusat
O-A9-K3-X6x,O-A9-K3-X6x,Pusat
O-A9-K3-X7x,O-A9-K3-X7x,Pusat
O-A9-K3-X8x,O-A9-K3-X8x,Pusat
O-A9-K3-X9x,O-A9-K3-X9x,Pusat
O-A9-K4-X10x,O-A9-K4-X10x,Pusat
O-A9-K4-X11x,O-A9-K4-X11x,Pusat
O-A9-K4-X12x,O-A9-K4-X12x,Pusat
O-A9-K4-X13x,O-A9-K4-X13x,Pusat
O-A9-K4-X14x,O-A9-K4-X14x,Pusat
O-A9-K4-X15x,O-A9-K4-X15x,Pusat
O-A9-K4-X16x,O-A9-K4-X16x,Pusat
O-A9-K4-X17x,O-A9-K4-X17x,Pusat
O-A9-K4-X18x,O-A9-K4-X18x,Pusat
O-A9-K4-X19x,O-A9-K4-X19x,Pusat
O-A9-K4-X1x,O-A9-K4-X1x,Pusat
O-A9-K4-X20x,O-A9-K4-X20x,Pusat
O-A9-K4-X21x,O-A9-K4-X21x,Pusat
O-A9-K4-X22x,O-A9-K4-X22x,Pusat
O-A9-K4-X23x,O-A9-K4-X23x,Pusat
O-A9-K4-X24x,O-A9-K4-X24x,Pusat
O-A9-K4-X25x,O-A9-K4-X25x,Pusat
O-A9-K4-X26x,O-A9-K4-X26x,Pusat
O-A9-K4-X27x,O-A9-K4-X27x,Pusat
O-A9-K4-X28x,O-A9-K4-X28x,Pusat
O-A9-K4-X29x,O-A9-K4-X29x,Pusat
O-A9-K4-X2x,O-A9-K4-X2x,Pusat
O-A9-K4-X30x,O-A9-K4-X30x,Pusat
O-A9-K4-X3x,O-A9-K4-X3x,Pusat
O-A9-K4-X4x,O-A9-K4-X4x,Pusat
O-A9-K4-X5x,O-A9-K4-X5x,Pusat
O-A9-K4-X6x,O-A9-K4-X6x,Pusat
O-A9-K4-X7x,O-A9-K4-X7x,Pusat
O-A9-K4-X8x,O-A9-K4-X8x,Pusat
O-A9-K4-X9x,O-A9-K4-X9x,Pusat
O-A9-K5-X10x,O-A9-K5-X10x,Pusat
O-A9-K5-X11x,O-A9-K5-X11x,Pusat
O-A9-K5-X12x,O-A9-K5-X12x,Pusat
O-A9-K5-X13x,O-A9-K5-X13x,Pusat
O-A9-K5-X14x,O-A9-K5-X14x,Pusat
O-A9-K5-X15x,O-A9-K5-X15x,Pusat
O-A9-K5-X16x,O-A9-K5-X16x,Pusat
O-A9-K5-X17x,O-A9-K5-X17x,Pusat
O-A9-K5-X18x,O-A9-K5-X18x,Pusat
O-A9-K5-X19x,O-A9-K5-X19x,Pusat
O-A9-K5-X1x,O-A9-K5-X1x,Pusat
O-A9-K5-X20x,O-A9-K5-X20x,Pusat
O-A9-K5-X21x,O-A9-K5-X21x,Pusat
O-A9-K5-X22x,O-A9-K5-X22x,Pusat
O-A9-K5-X23x,O-A9-K5-X23x,Pusat
O-A9-K5-X24x,O-A9-K5-X24x,Pusat
O-A9-K5-X25x,O-A9-K5-X25x,Pusat
O-A9-K5-X26x,O-A9-K5-X26x,Pusat
O-A9-K5-X27x,O-A9-K5-X27x,Pusat
O-A9-K5-X28x,O-A9-K5-X28x,Pusat
O-A9-K5-X29x,O-A9-K5-X29x,Pusat
O-A9-K5-X2x,O-A9-K5-X2x,Pusat
O-A9-K5-X30x,O-A9-K5-X30x,Pusat
O-A9-K5-X3x,O-A9-K5-X3x,Pusat
O-A9-K5-X4x,O-A9-K5-X4x,Pusat
O-A9-K5-X5x,O-A9-K5-X5x,Pusat
O-A9-K5-X6x,O-A9-K5-X6x,Pusat
O-A9-K5-X7x,O-A9-K5-X7x,Pusat
O-A9-K5-X8x,O-A9-K5-X8x,Pusat
O-A9-K5-X9x,O-A9-K5-X9x,Pusat
O-A9-K6-X10x,O-A9-K6-X10x,Pusat
O-A9-K6-X11x,O-A9-K6-X11x,Pusat
O-A9-K6-X12x,O-A9-K6-X12x,Pusat
O-A9-K6-X13x,O-A9-K6-X13x,Pusat
O-A9-K6-X14x,O-A9-K6-X14x,Pusat
O-A9-K6-X15x,O-A9-K6-X15x,Pusat
O-A9-K6-X16x,O-A9-K6-X16x,Pusat
O-A9-K6-X17x,O-A9-K6-X17x,Pusat
O-A9-K6-X18x,O-A9-K6-X18x,Pusat
O-A9-K6-X19x,O-A9-K6-X19x,Pusat
O-A9-K6-X1x,O-A9-K6-X1x,Pusat
O-A9-K6-X20x,O-A9-K6-X20x,Pusat
O-A9-K6-X21x,O-A9-K6-X21x,Pusat
O-A9-K6-X22x,O-A9-K6-X22x,Pusat
O-A9-K6-X23x,O-A9-K6-X23x,Pusat
O-A9-K6-X24x,O-A9-K6-X24x,Pusat
O-A9-K6-X25x,O-A9-K6-X25x,Pusat
O-A9-K6-X26x,O-A9-K6-X26x,Pusat
O-A9-K6-X27x,O-A9-K6-X27x,Pusat
O-A9-K6-X28x,O-A9-K6-X28x,Pusat
O-A9-K6-X29x,O-A9-K6-X29x,Pusat
O-A9-K6-X2x,O-A9-K6-X2x,Pusat
O-A9-K6-X30x,O-A9-K6-X30x,Pusat
O-A9-K6-X3x,O-A9-K6-X3x,Pusat
O-A9-K6-X4x,O-A9-K6-X4x,Pusat
O-A9-K6-X5x,O-A9-K6-X5x,Pusat
O-A9-K6-X6x,O-A9-K6-X6x,Pusat
O-A9-K6-X7x,O-A9-K6-X7x,Pusat
O-A9-K6-X8x,O-A9-K6-X8x,Pusat
O-A9-K6-X9x,O-A9-K6-X9x,Pusat
O-A9-K7-X10x,O-A9-K7-X10x,Pusat
O-A9-K7-X11x,O-A9-K7-X11x,Pusat
O-A9-K7-X12x,O-A9-K7-X12x,Pusat
O-A9-K7-X13x,O-A9-K7-X13x,Pusat
O-A9-K7-X14x,O-A9-K7-X14x,Pusat
O-A9-K7-X15x,O-A9-K7-X15x,Pusat
O-A9-K7-X16x,O-A9-K7-X16x,Pusat
O-A9-K7-X17x,O-A9-K7-X17x,Pusat
O-A9-K7-X18x,O-A9-K7-X18x,Pusat
O-A9-K7-X19x,O-A9-K7-X19x,Pusat
O-A9-K7-X1x,O-A9-K7-X1x,Pusat
O-A9-K7-X20x,O-A9-K7-X20x,Pusat
O-A9-K7-X21x,O-A9-K7-X21x,Pusat
O-A9-K7-X22x,O-A9-K7-X22x,Pusat
O-A9-K7-X23x,O-A9-K7-X23x,Pusat
O-A9-K7-X24x,O-A9-K7-X24x,Pusat
O-A9-K7-X25x,O-A9-K7-X25x,Pusat
O-A9-K7-X26x,O-A9-K7-X26x,Pusat
O-A9-K7-X27x,O-A9-K7-X27x,Pusat
O-A9-K7-X28x,O-A9-K7-X28x,Pusat
O-A9-K7-X29x,O-A9-K7-X29x,Pusat
O-A9-K7-X2x,O-A9-K7-X2x,Pusat
O-A9-K7-X30x,O-A9-K7-X30x,Pusat
O-A9-K7-X3x,O-A9-K7-X3x,Pusat
O-A9-K7-X4x,O-A9-K7-X4x,Pusat
O-A9-K7-X5x,O-A9-K7-X5x,Pusat
O-A9-K7-X6x,O-A9-K7-X6x,Pusat
O-A9-K7-X7x,O-A9-K7-X7x,Pusat
O-A9-K7-X8x,O-A9-K7-X8x,Pusat
O-A9-K7-X9x,O-A9-K7-X9x,Pusat
O-B1-K1-X10x,O-B1-K1-X10x,Pusat
O-B1-K1-X11x,O-B1-K1-X11x,Pusat
O-B1-K1-X12x,O-B1-K1-X12x,Pusat
O-B1-K1-X13x,O-B1-K1-X13x,Pusat
O-B1-K1-X14x,O-B1-K1-X14x,Pusat
O-B1-K1-X15x,O-B1-K1-X15x,Pusat
O-B1-K1-X16x,O-B1-K1-X16x,Pusat
O-B1-K1-X17x,O-B1-K1-X17x,Pusat
O-B1-K1-X18x,O-B1-K1-X18x,Pusat
O-B1-K1-X19x,O-B1-K1-X19x,Pusat
O-B1-K1-X1x,O-B1-K1-X1x,Pusat
O-B1-K1-X20x,O-B1-K1-X20x,Pusat
O-B1-K1-X21x,O-B1-K1-X21x,Pusat
O-B1-K1-X22x,O-B1-K1-X22x,Pusat
O-B1-K1-X23x,O-B1-K1-X23x,Pusat
O-B1-K1-X24x,O-B1-K1-X24x,Pusat
O-B1-K1-X25x,O-B1-K1-X25x,Pusat
O-B1-K1-X26x,O-B1-K1-X26x,Pusat
O-B1-K1-X27x,O-B1-K1-X27x,Pusat
O-B1-K1-X28x,O-B1-K1-X28x,Pusat
O-B1-K1-X29x,O-B1-K1-X29x,Pusat
O-B1-K1-X2x,O-B1-K1-X2x,Pusat
O-B1-K1-X30x,O-B1-K1-X30x,Pusat
O-B1-K1-X3x,O-B1-K1-X3x,Pusat
O-B1-K1-X4x,O-B1-K1-X4x,Pusat
O-B1-K1-X5x,O-B1-K1-X5x,Pusat
O-B1-K1-X6x,O-B1-K1-X6x,Pusat
O-B1-K1-X7x,O-B1-K1-X7x,Pusat
O-B1-K1-X8x,O-B1-K1-X8x,Pusat
O-B1-K1-X9x,O-B1-K1-X9x,Pusat
O-B1-K2-X10x,O-B1-K2-X10x,Pusat
O-B1-K2-X11x,O-B1-K2-X11x,Pusat
O-B1-K2-X12x,O-B1-K2-X12x,Pusat
O-B1-K2-X13x,O-B1-K2-X13x,Pusat
O-B1-K2-X14x,O-B1-K2-X14x,Pusat
O-B1-K2-X15x,O-B1-K2-X15x,Pusat
O-B1-K2-X16x,O-B1-K2-X16x,Pusat
O-B1-K2-X17x,O-B1-K2-X17x,Pusat
O-B1-K2-X18x,O-B1-K2-X18x,Pusat
O-B1-K2-X19x,O-B1-K2-X19x,Pusat
O-B1-K2-X1x,O-B1-K2-X1x,Pusat
O-B1-K2-X20x,O-B1-K2-X20x,Pusat
O-B1-K2-X21x,O-B1-K2-X21x,Pusat
O-B1-K2-X22x,O-B1-K2-X22x,Pusat
O-B1-K2-X23x,O-B1-K2-X23x,Pusat
O-B1-K2-X24x,O-B1-K2-X24x,Pusat
O-B1-K2-X25x,O-B1-K2-X25x,Pusat
O-B1-K2-X26x,O-B1-K2-X26x,Pusat
O-B1-K2-X27x,O-B1-K2-X27x,Pusat
O-B1-K2-X28x,O-B1-K2-X28x,Pusat
O-B1-K2-X29x,O-B1-K2-X29x,Pusat
O-B1-K2-X2x,O-B1-K2-X2x,Pusat
O-B1-K2-X30x,O-B1-K2-X30x,Pusat
O-B1-K2-X3x,O-B1-K2-X3x,Pusat
O-B1-K2-X4x,O-B1-K2-X4x,Pusat
O-B1-K2-X5x,O-B1-K2-X5x,Pusat
O-B1-K2-X6x,O-B1-K2-X6x,Pusat
O-B1-K2-X7x,O-B1-K2-X7x,Pusat
O-B1-K2-X8x,O-B1-K2-X8x,Pusat
O-B1-K2-X9x,O-B1-K2-X9x,Pusat
O-B1-K3-X10x,O-B1-K3-X10x,Pusat
O-B1-K3-X11x,O-B1-K3-X11x,Pusat
O-B1-K3-X12x,O-B1-K3-X12x,Pusat
O-B1-K3-X13x,O-B1-K3-X13x,Pusat
O-B1-K3-X14x,O-B1-K3-X14x,Pusat
O-B1-K3-X15x,O-B1-K3-X15x,Pusat
O-B1-K3-X16x,O-B1-K3-X16x,Pusat
O-B1-K3-X17x,O-B1-K3-X17x,Pusat
O-B1-K3-X18x,O-B1-K3-X18x,Pusat
O-B1-K3-X19x,O-B1-K3-X19x,Pusat
O-B1-K3-X1x,O-B1-K3-X1x,Pusat
O-B1-K3-X20x,O-B1-K3-X20x,Pusat
O-B1-K3-X21x,O-B1-K3-X21x,Pusat
O-B1-K3-X22x,O-B1-K3-X22x,Pusat
O-B1-K3-X23x,O-B1-K3-X23x,Pusat
O-B1-K3-X24x,O-B1-K3-X24x,Pusat
O-B1-K3-X25x,O-B1-K3-X25x,Pusat
O-B1-K3-X26x,O-B1-K3-X26x,Pusat
O-B1-K3-X27x,O-B1-K3-X27x,Pusat
O-B1-K3-X28x,O-B1-K3-X28x,Pusat
O-B1-K3-X29x,O-B1-K3-X29x,Pusat
O-B1-K3-X2x,O-B1-K3-X2x,Pusat
O-B1-K3-X30x,O-B1-K3-X30x,Pusat
O-B1-K3-X3x,O-B1-K3-X3x,Pusat
O-B1-K3-X4x,O-B1-K3-X4x,Pusat
O-B1-K3-X5x,O-B1-K3-X5x,Pusat
O-B1-K3-X6x,O-B1-K3-X6x,Pusat
O-B1-K3-X7x,O-B1-K3-X7x,Pusat
O-B1-K3-X8x,O-B1-K3-X8x,Pusat
O-B1-K3-X9x,O-B1-K3-X9x,Pusat
O-B1-K4-X10x,O-B1-K4-X10x,Pusat
O-B1-K4-X11x,O-B1-K4-X11x,Pusat
O-B1-K4-X12x,O-B1-K4-X12x,Pusat
O-B1-K4-X13x,O-B1-K4-X13x,Pusat
O-B1-K4-X14x,O-B1-K4-X14x,Pusat
O-B1-K4-X15x,O-B1-K4-X15x,Pusat
O-B1-K4-X16x,O-B1-K4-X16x,Pusat
O-B1-K4-X17x,O-B1-K4-X17x,Pusat
O-B1-K4-X18x,O-B1-K4-X18x,Pusat
O-B1-K4-X19x,O-B1-K4-X19x,Pusat
O-B1-K4-X1x,O-B1-K4-X1x,Pusat
O-B1-K4-X20x,O-B1-K4-X20x,Pusat
O-B1-K4-X21x,O-B1-K4-X21x,Pusat
O-B1-K4-X22x,O-B1-K4-X22x,Pusat
O-B1-K4-X23x,O-B1-K4-X23x,Pusat
O-B1-K4-X24x,O-B1-K4-X24x,Pusat
O-B1-K4-X25x,O-B1-K4-X25x,Pusat
O-B1-K4-X26x,O-B1-K4-X26x,Pusat
O-B1-K4-X27x,O-B1-K4-X27x,Pusat
O-B1-K4-X28x,O-B1-K4-X28x,Pusat
O-B1-K4-X29x,O-B1-K4-X29x,Pusat
O-B1-K4-X2x,O-B1-K4-X2x,Pusat
O-B1-K4-X30x,O-B1-K4-X30x,Pusat
O-B1-K4-X3x,O-B1-K4-X3x,Pusat
O-B1-K4-X4x,O-B1-K4-X4x,Pusat
O-B1-K4-X5x,O-B1-K4-X5x,Pusat
O-B1-K4-X6x,O-B1-K4-X6x,Pusat
O-B1-K4-X7x,O-B1-K4-X7x,Pusat
O-B1-K4-X8x,O-B1-K4-X8x,Pusat
O-B1-K4-X9x,O-B1-K4-X9x,Pusat
O-B1-K5-X10x,O-B1-K5-X10x,Pusat
O-B1-K5-X11x,O-B1-K5-X11x,Pusat
O-B1-K5-X12x,O-B1-K5-X12x,Pusat
O-B1-K5-X13x,O-B1-K5-X13x,Pusat
O-B1-K5-X14x,O-B1-K5-X14x,Pusat
O-B1-K5-X15x,O-B1-K5-X15x,Pusat
O-B1-K5-X16x,O-B1-K5-X16x,Pusat
O-B1-K5-X17x,O-B1-K5-X17x,Pusat
O-B1-K5-X18x,O-B1-K5-X18x,Pusat
O-B1-K5-X19x,O-B1-K5-X19x,Pusat
O-B1-K5-X1x,O-B1-K5-X1x,Pusat
O-B1-K5-X20x,O-B1-K5-X20x,Pusat
O-B1-K5-X21x,O-B1-K5-X21x,Pusat
O-B1-K5-X22x,O-B1-K5-X22x,Pusat
O-B1-K5-X23x,O-B1-K5-X23x,Pusat
O-B1-K5-X24x,O-B1-K5-X24x,Pusat
O-B1-K5-X25x,O-B1-K5-X25x,Pusat
O-B1-K5-X26x,O-B1-K5-X26x,Pusat
O-B1-K5-X27x,O-B1-K5-X27x,Pusat
O-B1-K5-X28x,O-B1-K5-X28x,Pusat
O-B1-K5-X29x,O-B1-K5-X29x,Pusat
O-B1-K5-X2x,O-B1-K5-X2x,Pusat
O-B1-K5-X30x,O-B1-K5-X30x,Pusat
O-B1-K5-X3x,O-B1-K5-X3x,Pusat
O-B1-K5-X4x,O-B1-K5-X4x,Pusat
O-B1-K5-X5x,O-B1-K5-X5x,Pusat
O-B1-K5-X6x,O-B1-K5-X6x,Pusat
O-B1-K5-X7x,O-B1-K5-X7x,Pusat
O-B1-K5-X8x,O-B1-K5-X8x,Pusat
O-B1-K5-X9x,O-B1-K5-X9x,Pusat
O-B1-K6-X10x,O-B1-K6-X10x,Pusat
O-B1-K6-X11x,O-B1-K6-X11x,Pusat
O-B1-K6-X12x,O-B1-K6-X12x,Pusat
O-B1-K6-X13x,O-B1-K6-X13x,Pusat
O-B1-K6-X14x,O-B1-K6-X14x,Pusat
O-B1-K6-X15x,O-B1-K6-X15x,Pusat
O-B1-K6-X16x,O-B1-K6-X16x,Pusat
O-B1-K6-X17x,O-B1-K6-X17x,Pusat
O-B1-K6-X18x,O-B1-K6-X18x,Pusat
O-B1-K6-X19x,O-B1-K6-X19x,Pusat
O-B1-K6-X1x,O-B1-K6-X1x,Pusat
O-B1-K6-X20x,O-B1-K6-X20x,Pusat
O-B1-K6-X21x,O-B1-K6-X21x,Pusat
O-B1-K6-X22x,O-B1-K6-X22x,Pusat
O-B1-K6-X23x,O-B1-K6-X23x,Pusat
O-B1-K6-X24x,O-B1-K6-X24x,Pusat
O-B1-K6-X25x,O-B1-K6-X25x,Pusat
O-B1-K6-X26x,O-B1-K6-X26x,Pusat
O-B1-K6-X27x,O-B1-K6-X27x,Pusat
O-B1-K6-X28x,O-B1-K6-X28x,Pusat
O-B1-K6-X29x,O-B1-K6-X29x,Pusat
O-B1-K6-X2x,O-B1-K6-X2x,Pusat
O-B1-K6-X30x,O-B1-K6-X30x,Pusat
O-B1-K6-X3x,O-B1-K6-X3x,Pusat
O-B1-K6-X4x,O-B1-K6-X4x,Pusat
O-B1-K6-X5x,O-B1-K6-X5x,Pusat
O-B1-K6-X6x,O-B1-K6-X6x,Pusat
O-B1-K6-X7x,O-B1-K6-X7x,Pusat
O-B1-K6-X8x,O-B1-K6-X8x,Pusat
O-B1-K6-X9x,O-B1-K6-X9x,Pusat
O-B1-K7-X10x,O-B1-K7-X10x,Pusat
O-B1-K7-X11x,O-B1-K7-X11x,Pusat
O-B1-K7-X12x,O-B1-K7-X12x,Pusat
O-B1-K7-X13x,O-B1-K7-X13x,Pusat
O-B1-K7-X14x,O-B1-K7-X14x,Pusat
O-B1-K7-X15x,O-B1-K7-X15x,Pusat
O-B1-K7-X16x,O-B1-K7-X16x,Pusat
O-B1-K7-X17x,O-B1-K7-X17x,Pusat
O-B1-K7-X18x,O-B1-K7-X18x,Pusat
O-B1-K7-X19x,O-B1-K7-X19x,Pusat
O-B1-K7-X1x,O-B1-K7-X1x,Pusat
O-B1-K7-X20x,O-B1-K7-X20x,Pusat
O-B1-K7-X21x,O-B1-K7-X21x,Pusat
O-B1-K7-X22x,O-B1-K7-X22x,Pusat
O-B1-K7-X23x,O-B1-K7-X23x,Pusat
O-B1-K7-X24x,O-B1-K7-X24x,Pusat
O-B1-K7-X25x,O-B1-K7-X25x,Pusat
O-B1-K7-X26x,O-B1-K7-X26x,Pusat
O-B1-K7-X27x,O-B1-K7-X27x,Pusat
O-B1-K7-X28x,O-B1-K7-X28x,Pusat
O-B1-K7-X29x,O-B1-K7-X29x,Pusat
O-B1-K7-X2x,O-B1-K7-X2x,Pusat
O-B1-K7-X30x,O-B1-K7-X30x,Pusat
O-B1-K7-X3x,O-B1-K7-X3x,Pusat
O-B1-K7-X4x,O-B1-K7-X4x,Pusat
O-B1-K7-X5x,O-B1-K7-X5x,Pusat
O-B1-K7-X6x,O-B1-K7-X6x,Pusat
O-B1-K7-X7x,O-B1-K7-X7x,Pusat
O-B1-K7-X8x,O-B1-K7-X8x,Pusat
O-B1-K7-X9x,O-B1-K7-X9x,Pusat
O-B10-K1-X10x,O-B10-K1-X10x,Pusat
O-B10-K1-X11x,O-B10-K1-X11x,Pusat
O-B10-K1-X12x,O-B10-K1-X12x,Pusat
O-B10-K1-X13x,O-B10-K1-X13x,Pusat
O-B10-K1-X14x,O-B10-K1-X14x,Pusat
O-B10-K1-X15x,O-B10-K1-X15x,Pusat
O-B10-K1-X16x,O-B10-K1-X16x,Pusat
O-B10-K1-X17x,O-B10-K1-X17x,Pusat
O-B10-K1-X18x,O-B10-K1-X18x,Pusat
O-B10-K1-X19x,O-B10-K1-X19x,Pusat
O-B10-K1-X1x,O-B10-K1-X1x,Pusat
O-B10-K1-X20x,O-B10-K1-X20x,Pusat
O-B10-K1-X21x,O-B10-K1-X21x,Pusat
O-B10-K1-X22x,O-B10-K1-X22x,Pusat
O-B10-K1-X23x,O-B10-K1-X23x,Pusat
O-B10-K1-X24x,O-B10-K1-X24x,Pusat
O-B10-K1-X25x,O-B10-K1-X25x,Pusat
O-B10-K1-X26x,O-B10-K1-X26x,Pusat
O-B10-K1-X27x,O-B10-K1-X27x,Pusat
O-B10-K1-X28x,O-B10-K1-X28x,Pusat
O-B10-K1-X29x,O-B10-K1-X29x,Pusat
O-B10-K1-X2x,O-B10-K1-X2x,Pusat
O-B10-K1-X30x,O-B10-K1-X30x,Pusat
O-B10-K1-X3x,O-B10-K1-X3x,Pusat
O-B10-K1-X4x,O-B10-K1-X4x,Pusat
O-B10-K1-X5x,O-B10-K1-X5x,Pusat
O-B10-K1-X6x,O-B10-K1-X6x,Pusat
O-B10-K1-X7x,O-B10-K1-X7x,Pusat
O-B10-K1-X8x,O-B10-K1-X8x,Pusat
O-B10-K1-X9x,O-B10-K1-X9x,Pusat
O-B10-K2-X10x,O-B10-K2-X10x,Pusat
O-B10-K2-X11x,O-B10-K2-X11x,Pusat
O-B10-K2-X12x,O-B10-K2-X12x,Pusat
O-B10-K2-X13x,O-B10-K2-X13x,Pusat
O-B10-K2-X14x,O-B10-K2-X14x,Pusat
O-B10-K2-X15x,O-B10-K2-X15x,Pusat
O-B10-K2-X16x,O-B10-K2-X16x,Pusat
O-B10-K2-X17x,O-B10-K2-X17x,Pusat
O-B10-K2-X18x,O-B10-K2-X18x,Pusat
O-B10-K2-X19x,O-B10-K2-X19x,Pusat
O-B10-K2-X1x,O-B10-K2-X1x,Pusat
O-B10-K2-X20x,O-B10-K2-X20x,Pusat
O-B10-K2-X21x,O-B10-K2-X21x,Pusat
O-B10-K2-X22x,O-B10-K2-X22x,Pusat
O-B10-K2-X23x,O-B10-K2-X23x,Pusat
O-B10-K2-X24x,O-B10-K2-X24x,Pusat
O-B10-K2-X25x,O-B10-K2-X25x,Pusat
O-B10-K2-X26x,O-B10-K2-X26x,Pusat
O-B10-K2-X27x,O-B10-K2-X27x,Pusat
O-B10-K2-X28x,O-B10-K2-X28x,Pusat
O-B10-K2-X29x,O-B10-K2-X29x,Pusat
O-B10-K2-X2x,O-B10-K2-X2x,Pusat
O-B10-K2-X30x,O-B10-K2-X30x,Pusat
O-B10-K2-X3x,O-B10-K2-X3x,Pusat
O-B10-K2-X4x,O-B10-K2-X4x,Pusat
O-B10-K2-X5x,O-B10-K2-X5x,Pusat
O-B10-K2-X6x,O-B10-K2-X6x,Pusat
O-B10-K2-X7x,O-B10-K2-X7x,Pusat
O-B10-K2-X8x,O-B10-K2-X8x,Pusat
O-B10-K2-X9x,O-B10-K2-X9x,Pusat
O-B10-K3-X10x,O-B10-K3-X10x,Pusat
O-B10-K3-X11x,O-B10-K3-X11x,Pusat
O-B10-K3-X12x,O-B10-K3-X12x,Pusat
O-B10-K3-X13x,O-B10-K3-X13x,Pusat
O-B10-K3-X14x,O-B10-K3-X14x,Pusat
O-B10-K3-X15x,O-B10-K3-X15x,Pusat
O-B10-K3-X16x,O-B10-K3-X16x,Pusat
O-B10-K3-X17x,O-B10-K3-X17x,Pusat
O-B10-K3-X18x,O-B10-K3-X18x,Pusat
O-B10-K3-X19x,O-B10-K3-X19x,Pusat
O-B10-K3-X1x,O-B10-K3-X1x,Pusat
O-B10-K3-X20x,O-B10-K3-X20x,Pusat
O-B10-K3-X21x,O-B10-K3-X21x,Pusat
O-B10-K3-X22x,O-B10-K3-X22x,Pusat
O-B10-K3-X23x,O-B10-K3-X23x,Pusat
O-B10-K3-X24x,O-B10-K3-X24x,Pusat
O-B10-K3-X25x,O-B10-K3-X25x,Pusat
O-B10-K3-X26x,O-B10-K3-X26x,Pusat
O-B10-K3-X27x,O-B10-K3-X27x,Pusat
O-B10-K3-X28x,O-B10-K3-X28x,Pusat
O-B10-K3-X29x,O-B10-K3-X29x,Pusat
O-B10-K3-X2x,O-B10-K3-X2x,Pusat
O-B10-K3-X30x,O-B10-K3-X30x,Pusat
O-B10-K3-X3x,O-B10-K3-X3x,Pusat
O-B10-K3-X4x,O-B10-K3-X4x,Pusat
O-B10-K3-X5x,O-B10-K3-X5x,Pusat
O-B10-K3-X6x,O-B10-K3-X6x,Pusat
O-B10-K3-X7x,O-B10-K3-X7x,Pusat
O-B10-K3-X8x,O-B10-K3-X8x,Pusat
O-B10-K3-X9x,O-B10-K3-X9x,Pusat
O-B10-K4-X10x,O-B10-K4-X10x,Pusat
O-B10-K4-X11x,O-B10-K4-X11x,Pusat
O-B10-K4-X12x,O-B10-K4-X12x,Pusat
O-B10-K4-X13x,O-B10-K4-X13x,Pusat
O-B10-K4-X14x,O-B10-K4-X14x,Pusat
O-B10-K4-X15x,O-B10-K4-X15x,Pusat
O-B10-K4-X16x,O-B10-K4-X16x,Pusat
O-B10-K4-X17x,O-B10-K4-X17x,Pusat
O-B10-K4-X18x,O-B10-K4-X18x,Pusat
O-B10-K4-X19x,O-B10-K4-X19x,Pusat
O-B10-K4-X1x,O-B10-K4-X1x,Pusat
O-B10-K4-X20x,O-B10-K4-X20x,Pusat
O-B10-K4-X21x,O-B10-K4-X21x,Pusat
O-B10-K4-X22x,O-B10-K4-X22x,Pusat
O-B10-K4-X23x,O-B10-K4-X23x,Pusat
O-B10-K4-X24x,O-B10-K4-X24x,Pusat
O-B10-K4-X25x,O-B10-K4-X25x,Pusat
O-B10-K4-X26x,O-B10-K4-X26x,Pusat
O-B10-K4-X27x,O-B10-K4-X27x,Pusat
O-B10-K4-X28x,O-B10-K4-X28x,Pusat
O-B10-K4-X29x,O-B10-K4-X29x,Pusat
O-B10-K4-X2x,O-B10-K4-X2x,Pusat
O-B10-K4-X30x,O-B10-K4-X30x,Pusat
O-B10-K4-X3x,O-B10-K4-X3x,Pusat
O-B10-K4-X4x,O-B10-K4-X4x,Pusat
O-B10-K4-X5x,O-B10-K4-X5x,Pusat
O-B10-K4-X6x,O-B10-K4-X6x,Pusat
O-B10-K4-X7x,O-B10-K4-X7x,Pusat
O-B10-K4-X8x,O-B10-K4-X8x,Pusat
O-B10-K4-X9x,O-B10-K4-X9x,Pusat
O-B10-K5-X10x,O-B10-K5-X10x,Pusat
O-B10-K5-X11x,O-B10-K5-X11x,Pusat
O-B10-K5-X12x,O-B10-K5-X12x,Pusat
O-B10-K5-X13x,O-B10-K5-X13x,Pusat
O-B10-K5-X14x,O-B10-K5-X14x,Pusat
O-B10-K5-X15x,O-B10-K5-X15x,Pusat
O-B10-K5-X16x,O-B10-K5-X16x,Pusat
O-B10-K5-X17x,O-B10-K5-X17x,Pusat
O-B10-K5-X18x,O-B10-K5-X18x,Pusat
O-B10-K5-X19x,O-B10-K5-X19x,Pusat
O-B10-K5-X1x,O-B10-K5-X1x,Pusat
O-B10-K5-X20x,O-B10-K5-X20x,Pusat
O-B10-K5-X21x,O-B10-K5-X21x,Pusat
O-B10-K5-X22x,O-B10-K5-X22x,Pusat
O-B10-K5-X23x,O-B10-K5-X23x,Pusat
O-B10-K5-X24x,O-B10-K5-X24x,Pusat
O-B10-K5-X25x,O-B10-K5-X25x,Pusat
O-B10-K5-X26x,O-B10-K5-X26x,Pusat
O-B10-K5-X27x,O-B10-K5-X27x,Pusat
O-B10-K5-X28x,O-B10-K5-X28x,Pusat
O-B10-K5-X29x,O-B10-K5-X29x,Pusat
O-B10-K5-X2x,O-B10-K5-X2x,Pusat
O-B10-K5-X30x,O-B10-K5-X30x,Pusat
O-B10-K5-X3x,O-B10-K5-X3x,Pusat
O-B10-K5-X4x,O-B10-K5-X4x,Pusat
O-B10-K5-X5x,O-B10-K5-X5x,Pusat
O-B10-K5-X6x,O-B10-K5-X6x,Pusat
O-B10-K5-X7x,O-B10-K5-X7x,Pusat
O-B10-K5-X8x,O-B10-K5-X8x,Pusat
O-B10-K5-X9x,O-B10-K5-X9x,Pusat
O-B10-K6-X10x,O-B10-K6-X10x,Pusat
O-B10-K6-X11x,O-B10-K6-X11x,Pusat
O-B10-K6-X12x,O-B10-K6-X12x,Pusat
O-B10-K6-X13x,O-B10-K6-X13x,Pusat
O-B10-K6-X14x,O-B10-K6-X14x,Pusat
O-B10-K6-X15x,O-B10-K6-X15x,Pusat
O-B10-K6-X16x,O-B10-K6-X16x,Pusat
O-B10-K6-X17x,O-B10-K6-X17x,Pusat
O-B10-K6-X18x,O-B10-K6-X18x,Pusat
O-B10-K6-X19x,O-B10-K6-X19x,Pusat
O-B10-K6-X1x,O-B10-K6-X1x,Pusat
O-B10-K6-X20x,O-B10-K6-X20x,Pusat
O-B10-K6-X21x,O-B10-K6-X21x,Pusat
O-B10-K6-X22x,O-B10-K6-X22x,Pusat
O-B10-K6-X23x,O-B10-K6-X23x,Pusat
O-B10-K6-X24x,O-B10-K6-X24x,Pusat
O-B10-K6-X25x,O-B10-K6-X25x,Pusat
O-B10-K6-X26x,O-B10-K6-X26x,Pusat
O-B10-K6-X27x,O-B10-K6-X27x,Pusat
O-B10-K6-X28x,O-B10-K6-X28x,Pusat
O-B10-K6-X29x,O-B10-K6-X29x,Pusat
O-B10-K6-X2x,O-B10-K6-X2x,Pusat
O-B10-K6-X30x,O-B10-K6-X30x,Pusat
O-B10-K6-X3x,O-B10-K6-X3x,Pusat
O-B10-K6-X4x,O-B10-K6-X4x,Pusat
O-B10-K6-X5x,O-B10-K6-X5x,Pusat
O-B10-K6-X6x,O-B10-K6-X6x,Pusat
O-B10-K6-X7x,O-B10-K6-X7x,Pusat
O-B10-K6-X8x,O-B10-K6-X8x,Pusat
O-B10-K6-X9x,O-B10-K6-X9x,Pusat
O-B10-K7-X10x,O-B10-K7-X10x,Pusat
O-B10-K7-X11x,O-B10-K7-X11x,Pusat
O-B10-K7-X12x,O-B10-K7-X12x,Pusat
O-B10-K7-X13x,O-B10-K7-X13x,Pusat
O-B10-K7-X14x,O-B10-K7-X14x,Pusat
O-B10-K7-X15x,O-B10-K7-X15x,Pusat
O-B10-K7-X16x,O-B10-K7-X16x,Pusat
O-B10-K7-X17x,O-B10-K7-X17x,Pusat
O-B10-K7-X18x,O-B10-K7-X18x,Pusat
O-B10-K7-X19x,O-B10-K7-X19x,Pusat
O-B10-K7-X1x,O-B10-K7-X1x,Pusat
O-B10-K7-X20x,O-B10-K7-X20x,Pusat
O-B10-K7-X21x,O-B10-K7-X21x,Pusat
O-B10-K7-X22x,O-B10-K7-X22x,Pusat
O-B10-K7-X23x,O-B10-K7-X23x,Pusat
O-B10-K7-X24x,O-B10-K7-X24x,Pusat
O-B10-K7-X25x,O-B10-K7-X25x,Pusat
O-B10-K7-X26x,O-B10-K7-X26x,Pusat
O-B10-K7-X27x,O-B10-K7-X27x,Pusat
O-B10-K7-X28x,O-B10-K7-X28x,Pusat
O-B10-K7-X29x,O-B10-K7-X29x,Pusat
O-B10-K7-X2x,O-B10-K7-X2x,Pusat
O-B10-K7-X30x,O-B10-K7-X30x,Pusat
O-B10-K7-X3x,O-B10-K7-X3x,Pusat
O-B10-K7-X4x,O-B10-K7-X4x,Pusat
O-B10-K7-X5x,O-B10-K7-X5x,Pusat
O-B10-K7-X6x,O-B10-K7-X6x,Pusat
O-B10-K7-X7x,O-B10-K7-X7x,Pusat
O-B10-K7-X8x,O-B10-K7-X8x,Pusat
O-B10-K7-X9x,O-B10-K7-X9x,Pusat
O-B11-K1-X10x,O-B11-K1-X10x,Pusat
O-B11-K1-X11x,O-B11-K1-X11x,Pusat
O-B11-K1-X12x,O-B11-K1-X12x,Pusat
O-B11-K1-X13x,O-B11-K1-X13x,Pusat
O-B11-K1-X14x,O-B11-K1-X14x,Pusat
O-B11-K1-X15x,O-B11-K1-X15x,Pusat
O-B11-K1-X16x,O-B11-K1-X16x,Pusat
O-B11-K1-X17x,O-B11-K1-X17x,Pusat
O-B11-K1-X18x,O-B11-K1-X18x,Pusat
O-B11-K1-X19x,O-B11-K1-X19x,Pusat
O-B11-K1-X1x,O-B11-K1-X1x,Pusat
O-B11-K1-X20x,O-B11-K1-X20x,Pusat
O-B11-K1-X21x,O-B11-K1-X21x,Pusat
O-B11-K1-X22x,O-B11-K1-X22x,Pusat
O-B11-K1-X23x,O-B11-K1-X23x,Pusat
O-B11-K1-X24x,O-B11-K1-X24x,Pusat
O-B11-K1-X25x,O-B11-K1-X25x,Pusat
O-B11-K1-X26x,O-B11-K1-X26x,Pusat
O-B11-K1-X27x,O-B11-K1-X27x,Pusat
O-B11-K1-X28x,O-B11-K1-X28x,Pusat
O-B11-K1-X29x,O-B11-K1-X29x,Pusat
O-B11-K1-X2x,O-B11-K1-X2x,Pusat
O-B11-K1-X30x,O-B11-K1-X30x,Pusat
O-B11-K1-X3x,O-B11-K1-X3x,Pusat
O-B11-K1-X4x,O-B11-K1-X4x,Pusat
O-B11-K1-X5x,O-B11-K1-X5x,Pusat
O-B11-K1-X6x,O-B11-K1-X6x,Pusat
O-B11-K1-X7x,O-B11-K1-X7x,Pusat
O-B11-K1-X8x,O-B11-K1-X8x,Pusat
O-B11-K1-X9x,O-B11-K1-X9x,Pusat
O-B11-K2-X10x,O-B11-K2-X10x,Pusat
O-B11-K2-X11x,O-B11-K2-X11x,Pusat
O-B11-K2-X12x,O-B11-K2-X12x,Pusat
O-B11-K2-X13x,O-B11-K2-X13x,Pusat
O-B11-K2-X14x,O-B11-K2-X14x,Pusat
O-B11-K2-X15x,O-B11-K2-X15x,Pusat
O-B11-K2-X16x,O-B11-K2-X16x,Pusat
O-B11-K2-X17x,O-B11-K2-X17x,Pusat
O-B11-K2-X18x,O-B11-K2-X18x,Pusat
O-B11-K2-X19x,O-B11-K2-X19x,Pusat
O-B11-K2-X1x,O-B11-K2-X1x,Pusat
O-B11-K2-X20x,O-B11-K2-X20x,Pusat
O-B11-K2-X21x,O-B11-K2-X21x,Pusat
O-B11-K2-X22x,O-B11-K2-X22x,Pusat
O-B11-K2-X23x,O-B11-K2-X23x,Pusat
O-B11-K2-X24x,O-B11-K2-X24x,Pusat
O-B11-K2-X25x,O-B11-K2-X25x,Pusat
O-B11-K2-X26x,O-B11-K2-X26x,Pusat
O-B11-K2-X27x,O-B11-K2-X27x,Pusat
O-B11-K2-X28x,O-B11-K2-X28x,Pusat
O-B11-K2-X29x,O-B11-K2-X29x,Pusat
O-B11-K2-X2x,O-B11-K2-X2x,Pusat
O-B11-K2-X30x,O-B11-K2-X30x,Pusat
O-B11-K2-X3x,O-B11-K2-X3x,Pusat
O-B11-K2-X4x,O-B11-K2-X4x,Pusat
O-B11-K2-X5x,O-B11-K2-X5x,Pusat
O-B11-K2-X6x,O-B11-K2-X6x,Pusat
O-B11-K2-X7x,O-B11-K2-X7x,Pusat
O-B11-K2-X8x,O-B11-K2-X8x,Pusat
O-B11-K2-X9x,O-B11-K2-X9x,Pusat
O-B11-K3-X10x,O-B11-K3-X10x,Pusat
O-B11-K3-X11x,O-B11-K3-X11x,Pusat
O-B11-K3-X12x,O-B11-K3-X12x,Pusat
O-B11-K3-X13x,O-B11-K3-X13x,Pusat
O-B11-K3-X14x,O-B11-K3-X14x,Pusat
O-B11-K3-X15x,O-B11-K3-X15x,Pusat
O-B11-K3-X16x,O-B11-K3-X16x,Pusat
O-B11-K3-X17x,O-B11-K3-X17x,Pusat
O-B11-K3-X18x,O-B11-K3-X18x,Pusat
O-B11-K3-X19x,O-B11-K3-X19x,Pusat
O-B11-K3-X1x,O-B11-K3-X1x,Pusat
O-B11-K3-X20x,O-B11-K3-X20x,Pusat
O-B11-K3-X21x,O-B11-K3-X21x,Pusat
O-B11-K3-X22x,O-B11-K3-X22x,Pusat
O-B11-K3-X23x,O-B11-K3-X23x,Pusat
O-B11-K3-X24x,O-B11-K3-X24x,Pusat
O-B11-K3-X25x,O-B11-K3-X25x,Pusat
O-B11-K3-X26x,O-B11-K3-X26x,Pusat
O-B11-K3-X27x,O-B11-K3-X27x,Pusat
O-B11-K3-X28x,O-B11-K3-X28x,Pusat
O-B11-K3-X29x,O-B11-K3-X29x,Pusat
O-B11-K3-X2x,O-B11-K3-X2x,Pusat
O-B11-K3-X30x,O-B11-K3-X30x,Pusat
O-B11-K3-X3x,O-B11-K3-X3x,Pusat
O-B11-K3-X4x,O-B11-K3-X4x,Pusat
O-B11-K3-X5x,O-B11-K3-X5x,Pusat
O-B11-K3-X6x,O-B11-K3-X6x,Pusat
O-B11-K3-X7x,O-B11-K3-X7x,Pusat
O-B11-K3-X8x,O-B11-K3-X8x,Pusat
O-B11-K3-X9x,O-B11-K3-X9x,Pusat
O-B11-K4-X10x,O-B11-K4-X10x,Pusat
O-B11-K4-X11x,O-B11-K4-X11x,Pusat
O-B11-K4-X12x,O-B11-K4-X12x,Pusat
O-B11-K4-X13x,O-B11-K4-X13x,Pusat
O-B11-K4-X14x,O-B11-K4-X14x,Pusat
O-B11-K4-X15x,O-B11-K4-X15x,Pusat
O-B11-K4-X16x,O-B11-K4-X16x,Pusat
O-B11-K4-X17x,O-B11-K4-X17x,Pusat
O-B11-K4-X18x,O-B11-K4-X18x,Pusat
O-B11-K4-X19x,O-B11-K4-X19x,Pusat
O-B11-K4-X1x,O-B11-K4-X1x,Pusat
O-B11-K4-X20x,O-B11-K4-X20x,Pusat
O-B11-K4-X21x,O-B11-K4-X21x,Pusat
O-B11-K4-X22x,O-B11-K4-X22x,Pusat
O-B11-K4-X23x,O-B11-K4-X23x,Pusat
O-B11-K4-X24x,O-B11-K4-X24x,Pusat
O-B11-K4-X25x,O-B11-K4-X25x,Pusat
O-B11-K4-X26x,O-B11-K4-X26x,Pusat
O-B11-K4-X27x,O-B11-K4-X27x,Pusat
O-B11-K4-X28x,O-B11-K4-X28x,Pusat
O-B11-K4-X29x,O-B11-K4-X29x,Pusat
O-B11-K4-X2x,O-B11-K4-X2x,Pusat
O-B11-K4-X30x,O-B11-K4-X30x,Pusat
O-B11-K4-X3x,O-B11-K4-X3x,Pusat
O-B11-K4-X4x,O-B11-K4-X4x,Pusat
O-B11-K4-X5x,O-B11-K4-X5x,Pusat
O-B11-K4-X6x,O-B11-K4-X6x,Pusat
O-B11-K4-X7x,O-B11-K4-X7x,Pusat
O-B11-K4-X8x,O-B11-K4-X8x,Pusat
O-B11-K4-X9x,O-B11-K4-X9x,Pusat
O-B11-K5-X10x,O-B11-K5-X10x,Pusat
O-B11-K5-X11x,O-B11-K5-X11x,Pusat
O-B11-K5-X12x,O-B11-K5-X12x,Pusat
O-B11-K5-X13x,O-B11-K5-X13x,Pusat
O-B11-K5-X14x,O-B11-K5-X14x,Pusat
O-B11-K5-X15x,O-B11-K5-X15x,Pusat
O-B11-K5-X16x,O-B11-K5-X16x,Pusat
O-B11-K5-X17x,O-B11-K5-X17x,Pusat
O-B11-K5-X18x,O-B11-K5-X18x,Pusat
O-B11-K5-X19x,O-B11-K5-X19x,Pusat
O-B11-K5-X1x,O-B11-K5-X1x,Pusat
O-B11-K5-X20x,O-B11-K5-X20x,Pusat
O-B11-K5-X21x,O-B11-K5-X21x,Pusat
O-B11-K5-X22x,O-B11-K5-X22x,Pusat
O-B11-K5-X23x,O-B11-K5-X23x,Pusat
O-B11-K5-X24x,O-B11-K5-X24x,Pusat
O-B11-K5-X25x,O-B11-K5-X25x,Pusat
O-B11-K5-X26x,O-B11-K5-X26x,Pusat
O-B11-K5-X27x,O-B11-K5-X27x,Pusat
O-B11-K5-X28x,O-B11-K5-X28x,Pusat
O-B11-K5-X29x,O-B11-K5-X29x,Pusat
O-B11-K5-X2x,O-B11-K5-X2x,Pusat
O-B11-K5-X30x,O-B11-K5-X30x,Pusat
O-B11-K5-X3x,O-B11-K5-X3x,Pusat
O-B11-K5-X4x,O-B11-K5-X4x,Pusat
O-B11-K5-X5x,O-B11-K5-X5x,Pusat
O-B11-K5-X6x,O-B11-K5-X6x,Pusat
O-B11-K5-X7x,O-B11-K5-X7x,Pusat
O-B11-K5-X8x,O-B11-K5-X8x,Pusat
O-B11-K5-X9x,O-B11-K5-X9x,Pusat
O-B11-K6-X10x,O-B11-K6-X10x,Pusat
O-B11-K6-X11x,O-B11-K6-X11x,Pusat
O-B11-K6-X12x,O-B11-K6-X12x,Pusat
O-B11-K6-X13x,O-B11-K6-X13x,Pusat
O-B11-K6-X14x,O-B11-K6-X14x,Pusat
O-B11-K6-X15x,O-B11-K6-X15x,Pusat
O-B11-K6-X16x,O-B11-K6-X16x,Pusat
O-B11-K6-X17x,O-B11-K6-X17x,Pusat
O-B11-K6-X18x,O-B11-K6-X18x,Pusat
O-B11-K6-X19x,O-B11-K6-X19x,Pusat
O-B11-K6-X1x,O-B11-K6-X1x,Pusat
O-B11-K6-X20x,O-B11-K6-X20x,Pusat
O-B11-K6-X21x,O-B11-K6-X21x,Pusat
O-B11-K6-X22x,O-B11-K6-X22x,Pusat
O-B11-K6-X23x,O-B11-K6-X23x,Pusat
O-B11-K6-X24x,O-B11-K6-X24x,Pusat
O-B11-K6-X25x,O-B11-K6-X25x,Pusat
O-B11-K6-X26x,O-B11-K6-X26x,Pusat
O-B11-K6-X27x,O-B11-K6-X27x,Pusat
O-B11-K6-X28x,O-B11-K6-X28x,Pusat
O-B11-K6-X29x,O-B11-K6-X29x,Pusat
O-B11-K6-X2x,O-B11-K6-X2x,Pusat
O-B11-K6-X30x,O-B11-K6-X30x,Pusat
O-B11-K6-X3x,O-B11-K6-X3x,Pusat
O-B11-K6-X4x,O-B11-K6-X4x,Pusat
O-B11-K6-X5x,O-B11-K6-X5x,Pusat
O-B11-K6-X6x,O-B11-K6-X6x,Pusat
O-B11-K6-X7x,O-B11-K6-X7x,Pusat
O-B11-K6-X8x,O-B11-K6-X8x,Pusat
O-B11-K6-X9x,O-B11-K6-X9x,Pusat
O-B11-K7-X10x,O-B11-K7-X10x,Pusat
O-B11-K7-X11x,O-B11-K7-X11x,Pusat
O-B11-K7-X12x,O-B11-K7-X12x,Pusat
O-B11-K7-X13x,O-B11-K7-X13x,Pusat
O-B11-K7-X14x,O-B11-K7-X14x,Pusat
O-B11-K7-X15x,O-B11-K7-X15x,Pusat
O-B11-K7-X16x,O-B11-K7-X16x,Pusat
O-B11-K7-X17x,O-B11-K7-X17x,Pusat
O-B11-K7-X18x,O-B11-K7-X18x,Pusat
O-B11-K7-X19x,O-B11-K7-X19x,Pusat
O-B11-K7-X1x,O-B11-K7-X1x,Pusat
O-B11-K7-X20x,O-B11-K7-X20x,Pusat
O-B11-K7-X21x,O-B11-K7-X21x,Pusat
O-B11-K7-X22x,O-B11-K7-X22x,Pusat
O-B11-K7-X23x,O-B11-K7-X23x,Pusat
O-B11-K7-X24x,O-B11-K7-X24x,Pusat
O-B11-K7-X25x,O-B11-K7-X25x,Pusat
O-B11-K7-X26x,O-B11-K7-X26x,Pusat
O-B11-K7-X27x,O-B11-K7-X27x,Pusat
O-B11-K7-X28x,O-B11-K7-X28x,Pusat
O-B11-K7-X29x,O-B11-K7-X29x,Pusat
O-B11-K7-X2x,O-B11-K7-X2x,Pusat
O-B11-K7-X30x,O-B11-K7-X30x,Pusat
O-B11-K7-X3x,O-B11-K7-X3x,Pusat
O-B11-K7-X4x,O-B11-K7-X4x,Pusat
O-B11-K7-X5x,O-B11-K7-X5x,Pusat
O-B11-K7-X6x,O-B11-K7-X6x,Pusat
O-B11-K7-X7x,O-B11-K7-X7x,Pusat
O-B11-K7-X8x,O-B11-K7-X8x,Pusat
O-B11-K7-X9x,O-B11-K7-X9x,Pusat
O-B12-K1-X10x,O-B12-K1-X10x,Pusat
O-B12-K1-X11x,O-B12-K1-X11x,Pusat
O-B12-K1-X12x,O-B12-K1-X12x,Pusat
O-B12-K1-X13x,O-B12-K1-X13x,Pusat
O-B12-K1-X14x,O-B12-K1-X14x,Pusat
O-B12-K1-X15x,O-B12-K1-X15x,Pusat
O-B12-K1-X16x,O-B12-K1-X16x,Pusat
O-B12-K1-X17x,O-B12-K1-X17x,Pusat
O-B12-K1-X18x,O-B12-K1-X18x,Pusat
O-B12-K1-X19x,O-B12-K1-X19x,Pusat
O-B12-K1-X1x,O-B12-K1-X1x,Pusat
O-B12-K1-X20x,O-B12-K1-X20x,Pusat
O-B12-K1-X21x,O-B12-K1-X21x,Pusat
O-B12-K1-X22x,O-B12-K1-X22x,Pusat
O-B12-K1-X23x,O-B12-K1-X23x,Pusat
O-B12-K1-X24x,O-B12-K1-X24x,Pusat
O-B12-K1-X25x,O-B12-K1-X25x,Pusat
O-B12-K1-X26x,O-B12-K1-X26x,Pusat
O-B12-K1-X27x,O-B12-K1-X27x,Pusat
O-B12-K1-X28x,O-B12-K1-X28x,Pusat
O-B12-K1-X29x,O-B12-K1-X29x,Pusat
O-B12-K1-X2x,O-B12-K1-X2x,Pusat
O-B12-K1-X30x,O-B12-K1-X30x,Pusat
O-B12-K1-X3x,O-B12-K1-X3x,Pusat
O-B12-K1-X4x,O-B12-K1-X4x,Pusat
O-B12-K1-X5x,O-B12-K1-X5x,Pusat
O-B12-K1-X6x,O-B12-K1-X6x,Pusat
O-B12-K1-X7x,O-B12-K1-X7x,Pusat
O-B12-K1-X8x,O-B12-K1-X8x,Pusat
O-B12-K1-X9x,O-B12-K1-X9x,Pusat
O-B12-K2-X10x,O-B12-K2-X10x,Pusat
O-B12-K2-X11x,O-B12-K2-X11x,Pusat
O-B12-K2-X12x,O-B12-K2-X12x,Pusat
O-B12-K2-X13x,O-B12-K2-X13x,Pusat
O-B12-K2-X14x,O-B12-K2-X14x,Pusat
O-B12-K2-X15x,O-B12-K2-X15x,Pusat
O-B12-K2-X16x,O-B12-K2-X16x,Pusat
O-B12-K2-X17x,O-B12-K2-X17x,Pusat
O-B12-K2-X18x,O-B12-K2-X18x,Pusat
O-B12-K2-X19x,O-B12-K2-X19x,Pusat
O-B12-K2-X1x,O-B12-K2-X1x,Pusat
O-B12-K2-X20x,O-B12-K2-X20x,Pusat
O-B12-K2-X21x,O-B12-K2-X21x,Pusat
O-B12-K2-X22x,O-B12-K2-X22x,Pusat
O-B12-K2-X23x,O-B12-K2-X23x,Pusat
O-B12-K2-X24x,O-B12-K2-X24x,Pusat
O-B12-K2-X25x,O-B12-K2-X25x,Pusat
O-B12-K2-X26x,O-B12-K2-X26x,Pusat
O-B12-K2-X27x,O-B12-K2-X27x,Pusat
O-B12-K2-X28x,O-B12-K2-X28x,Pusat
O-B12-K2-X29x,O-B12-K2-X29x,Pusat
O-B12-K2-X2x,O-B12-K2-X2x,Pusat
O-B12-K2-X30x,O-B12-K2-X30x,Pusat
O-B12-K2-X3x,O-B12-K2-X3x,Pusat
O-B12-K2-X4x,O-B12-K2-X4x,Pusat
O-B12-K2-X5x,O-B12-K2-X5x,Pusat
O-B12-K2-X6x,O-B12-K2-X6x,Pusat
O-B12-K2-X7x,O-B12-K2-X7x,Pusat
O-B12-K2-X8x,O-B12-K2-X8x,Pusat
O-B12-K2-X9x,O-B12-K2-X9x,Pusat
O-B12-K3-X10x,O-B12-K3-X10x,Pusat
O-B12-K3-X11x,O-B12-K3-X11x,Pusat
O-B12-K3-X12x,O-B12-K3-X12x,Pusat
O-B12-K3-X13x,O-B12-K3-X13x,Pusat
O-B12-K3-X14x,O-B12-K3-X14x,Pusat
O-B12-K3-X15x,O-B12-K3-X15x,Pusat
O-B12-K3-X16x,O-B12-K3-X16x,Pusat
O-B12-K3-X17x,O-B12-K3-X17x,Pusat
O-B12-K3-X18x,O-B12-K3-X18x,Pusat
O-B12-K3-X19x,O-B12-K3-X19x,Pusat
O-B12-K3-X1x,O-B12-K3-X1x,Pusat
O-B12-K3-X20x,O-B12-K3-X20x,Pusat
O-B12-K3-X21x,O-B12-K3-X21x,Pusat
O-B12-K3-X22x,O-B12-K3-X22x,Pusat
O-B12-K3-X23x,O-B12-K3-X23x,Pusat
O-B12-K3-X24x,O-B12-K3-X24x,Pusat
O-B12-K3-X25x,O-B12-K3-X25x,Pusat
O-B12-K3-X26x,O-B12-K3-X26x,Pusat
O-B12-K3-X27x,O-B12-K3-X27x,Pusat
O-B12-K3-X28x,O-B12-K3-X28x,Pusat
O-B12-K3-X29x,O-B12-K3-X29x,Pusat
O-B12-K3-X2x,O-B12-K3-X2x,Pusat
O-B12-K3-X30x,O-B12-K3-X30x,Pusat
O-B12-K3-X3x,O-B12-K3-X3x,Pusat
O-B12-K3-X4x,O-B12-K3-X4x,Pusat
O-B12-K3-X5x,O-B12-K3-X5x,Pusat
O-B12-K3-X6x,O-B12-K3-X6x,Pusat
O-B12-K3-X7x,O-B12-K3-X7x,Pusat
O-B12-K3-X8x,O-B12-K3-X8x,Pusat
O-B12-K3-X9x,O-B12-K3-X9x,Pusat
O-B12-K4-X10x,O-B12-K4-X10x,Pusat
O-B12-K4-X11x,O-B12-K4-X11x,Pusat
O-B12-K4-X12x,O-B12-K4-X12x,Pusat
O-B12-K4-X13x,O-B12-K4-X13x,Pusat
O-B12-K4-X14x,O-B12-K4-X14x,Pusat
O-B12-K4-X15x,O-B12-K4-X15x,Pusat
O-B12-K4-X16x,O-B12-K4-X16x,Pusat
O-B12-K4-X17x,O-B12-K4-X17x,Pusat
O-B12-K4-X18x,O-B12-K4-X18x,Pusat
O-B12-K4-X19x,O-B12-K4-X19x,Pusat
O-B12-K4-X1x,O-B12-K4-X1x,Pusat
O-B12-K4-X20x,O-B12-K4-X20x,Pusat
O-B12-K4-X21x,O-B12-K4-X21x,Pusat
O-B12-K4-X22x,O-B12-K4-X22x,Pusat
O-B12-K4-X23x,O-B12-K4-X23x,Pusat
O-B12-K4-X24x,O-B12-K4-X24x,Pusat
O-B12-K4-X25x,O-B12-K4-X25x,Pusat
O-B12-K4-X26x,O-B12-K4-X26x,Pusat
O-B12-K4-X27x,O-B12-K4-X27x,Pusat
O-B12-K4-X28x,O-B12-K4-X28x,Pusat
O-B12-K4-X29x,O-B12-K4-X29x,Pusat
O-B12-K4-X2x,O-B12-K4-X2x,Pusat
O-B12-K4-X30x,O-B12-K4-X30x,Pusat
O-B12-K4-X3x,O-B12-K4-X3x,Pusat
O-B12-K4-X4x,O-B12-K4-X4x,Pusat
O-B12-K4-X5x,O-B12-K4-X5x,Pusat
O-B12-K4-X6x,O-B12-K4-X6x,Pusat
O-B12-K4-X7x,O-B12-K4-X7x,Pusat
O-B12-K4-X8x,O-B12-K4-X8x,Pusat
O-B12-K4-X9x,O-B12-K4-X9x,Pusat
O-B12-K5-X10x,O-B12-K5-X10x,Pusat
O-B12-K5-X11x,O-B12-K5-X11x,Pusat
O-B12-K5-X12x,O-B12-K5-X12x,Pusat
O-B12-K5-X13x,O-B12-K5-X13x,Pusat
O-B12-K5-X14x,O-B12-K5-X14x,Pusat
O-B12-K5-X15x,O-B12-K5-X15x,Pusat
O-B12-K5-X16x,O-B12-K5-X16x,Pusat
O-B12-K5-X17x,O-B12-K5-X17x,Pusat
O-B12-K5-X18x,O-B12-K5-X18x,Pusat
O-B12-K5-X19x,O-B12-K5-X19x,Pusat
O-B12-K5-X1x,O-B12-K5-X1x,Pusat
O-B12-K5-X20x,O-B12-K5-X20x,Pusat
O-B12-K5-X21x,O-B12-K5-X21x,Pusat
O-B12-K5-X22x,O-B12-K5-X22x,Pusat
O-B12-K5-X23x,O-B12-K5-X23x,Pusat
O-B12-K5-X24x,O-B12-K5-X24x,Pusat
O-B12-K5-X25x,O-B12-K5-X25x,Pusat
O-B12-K5-X26x,O-B12-K5-X26x,Pusat
O-B12-K5-X27x,O-B12-K5-X27x,Pusat
O-B12-K5-X28x,O-B12-K5-X28x,Pusat
O-B12-K5-X29x,O-B12-K5-X29x,Pusat
O-B12-K5-X2x,O-B12-K5-X2x,Pusat
O-B12-K5-X30x,O-B12-K5-X30x,Pusat
O-B12-K5-X3x,O-B12-K5-X3x,Pusat
O-B12-K5-X4x,O-B12-K5-X4x,Pusat
O-B12-K5-X5x,O-B12-K5-X5x,Pusat
O-B12-K5-X6x,O-B12-K5-X6x,Pusat
O-B12-K5-X7x,O-B12-K5-X7x,Pusat
O-B12-K5-X8x,O-B12-K5-X8x,Pusat
O-B12-K5-X9x,O-B12-K5-X9x,Pusat
O-B12-K6-X10x,O-B12-K6-X10x,Pusat
O-B12-K6-X11x,O-B12-K6-X11x,Pusat
O-B12-K6-X12x,O-B12-K6-X12x,Pusat
O-B12-K6-X13x,O-B12-K6-X13x,Pusat
O-B12-K6-X14x,O-B12-K6-X14x,Pusat
O-B12-K6-X15x,O-B12-K6-X15x,Pusat
O-B12-K6-X16x,O-B12-K6-X16x,Pusat
O-B12-K6-X17x,O-B12-K6-X17x,Pusat
O-B12-K6-X18x,O-B12-K6-X18x,Pusat
O-B12-K6-X19x,O-B12-K6-X19x,Pusat
O-B12-K6-X1x,O-B12-K6-X1x,Pusat
O-B12-K6-X20x,O-B12-K6-X20x,Pusat
O-B12-K6-X21x,O-B12-K6-X21x,Pusat
O-B12-K6-X22x,O-B12-K6-X22x,Pusat
O-B12-K6-X23x,O-B12-K6-X23x,Pusat
O-B12-K6-X24x,O-B12-K6-X24x,Pusat
O-B12-K6-X25x,O-B12-K6-X25x,Pusat
O-B12-K6-X26x,O-B12-K6-X26x,Pusat
O-B12-K6-X27x,O-B12-K6-X27x,Pusat
O-B12-K6-X28x,O-B12-K6-X28x,Pusat
O-B12-K6-X29x,O-B12-K6-X29x,Pusat
O-B12-K6-X2x,O-B12-K6-X2x,Pusat
O-B12-K6-X30x,O-B12-K6-X30x,Pusat
O-B12-K6-X3x,O-B12-K6-X3x,Pusat
O-B12-K6-X4x,O-B12-K6-X4x,Pusat
O-B12-K6-X5x,O-B12-K6-X5x,Pusat
O-B12-K6-X6x,O-B12-K6-X6x,Pusat
O-B12-K6-X7x,O-B12-K6-X7x,Pusat
O-B12-K6-X8x,O-B12-K6-X8x,Pusat
O-B12-K6-X9x,O-B12-K6-X9x,Pusat
O-B12-K7-X10x,O-B12-K7-X10x,Pusat
O-B12-K7-X11x,O-B12-K7-X11x,Pusat
O-B12-K7-X12x,O-B12-K7-X12x,Pusat
O-B12-K7-X13x,O-B12-K7-X13x,Pusat
O-B12-K7-X14x,O-B12-K7-X14x,Pusat
O-B12-K7-X15x,O-B12-K7-X15x,Pusat
O-B12-K7-X16x,O-B12-K7-X16x,Pusat
O-B12-K7-X17x,O-B12-K7-X17x,Pusat
O-B12-K7-X18x,O-B12-K7-X18x,Pusat
O-B12-K7-X19x,O-B12-K7-X19x,Pusat
O-B12-K7-X1x,O-B12-K7-X1x,Pusat
O-B12-K7-X20x,O-B12-K7-X20x,Pusat
O-B12-K7-X21x,O-B12-K7-X21x,Pusat
O-B12-K7-X22x,O-B12-K7-X22x,Pusat
O-B12-K7-X23x,O-B12-K7-X23x,Pusat
O-B12-K7-X24x,O-B12-K7-X24x,Pusat
O-B12-K7-X25x,O-B12-K7-X25x,Pusat
O-B12-K7-X26x,O-B12-K7-X26x,Pusat
O-B12-K7-X27x,O-B12-K7-X27x,Pusat
O-B12-K7-X28x,O-B12-K7-X28x,Pusat
O-B12-K7-X29x,O-B12-K7-X29x,Pusat
O-B12-K7-X2x,O-B12-K7-X2x,Pusat
O-B12-K7-X30x,O-B12-K7-X30x,Pusat
O-B12-K7-X3x,O-B12-K7-X3x,Pusat
O-B12-K7-X4x,O-B12-K7-X4x,Pusat
O-B12-K7-X5x,O-B12-K7-X5x,Pusat
O-B12-K7-X6x,O-B12-K7-X6x,Pusat
O-B12-K7-X7x,O-B12-K7-X7x,Pusat
O-B12-K7-X8x,O-B12-K7-X8x,Pusat
O-B12-K7-X9x,O-B12-K7-X9x,Pusat
O-B13-K1-X10x,O-B13-K1-X10x,Pusat
O-B13-K1-X11x,O-B13-K1-X11x,Pusat
O-B13-K1-X12x,O-B13-K1-X12x,Pusat
O-B13-K1-X13x,O-B13-K1-X13x,Pusat
O-B13-K1-X14x,O-B13-K1-X14x,Pusat
O-B13-K1-X15x,O-B13-K1-X15x,Pusat
O-B13-K1-X16x,O-B13-K1-X16x,Pusat
O-B13-K1-X17x,O-B13-K1-X17x,Pusat
O-B13-K1-X18x,O-B13-K1-X18x,Pusat
O-B13-K1-X19x,O-B13-K1-X19x,Pusat
O-B13-K1-X1x,O-B13-K1-X1x,Pusat
O-B13-K1-X20x,O-B13-K1-X20x,Pusat
O-B13-K1-X21x,O-B13-K1-X21x,Pusat
O-B13-K1-X22x,O-B13-K1-X22x,Pusat
O-B13-K1-X23x,O-B13-K1-X23x,Pusat
O-B13-K1-X24x,O-B13-K1-X24x,Pusat
O-B13-K1-X25x,O-B13-K1-X25x,Pusat
O-B13-K1-X26x,O-B13-K1-X26x,Pusat
O-B13-K1-X27x,O-B13-K1-X27x,Pusat
O-B13-K1-X28x,O-B13-K1-X28x,Pusat
O-B13-K1-X29x,O-B13-K1-X29x,Pusat
O-B13-K1-X2x,O-B13-K1-X2x,Pusat
O-B13-K1-X30x,O-B13-K1-X30x,Pusat
O-B13-K1-X3x,O-B13-K1-X3x,Pusat
O-B13-K1-X4x,O-B13-K1-X4x,Pusat
O-B13-K1-X5x,O-B13-K1-X5x,Pusat
O-B13-K1-X6x,O-B13-K1-X6x,Pusat
O-B13-K1-X7x,O-B13-K1-X7x,Pusat
O-B13-K1-X8x,O-B13-K1-X8x,Pusat
O-B13-K1-X9x,O-B13-K1-X9x,Pusat
O-B13-K2-X10x,O-B13-K2-X10x,Pusat
O-B13-K2-X11x,O-B13-K2-X11x,Pusat
O-B13-K2-X12x,O-B13-K2-X12x,Pusat
O-B13-K2-X13x,O-B13-K2-X13x,Pusat
O-B13-K2-X14x,O-B13-K2-X14x,Pusat
O-B13-K2-X15x,O-B13-K2-X15x,Pusat
O-B13-K2-X16x,O-B13-K2-X16x,Pusat
O-B13-K2-X17x,O-B13-K2-X17x,Pusat
O-B13-K2-X18x,O-B13-K2-X18x,Pusat
O-B13-K2-X19x,O-B13-K2-X19x,Pusat
O-B13-K2-X1x,O-B13-K2-X1x,Pusat
O-B13-K2-X20x,O-B13-K2-X20x,Pusat
O-B13-K2-X21x,O-B13-K2-X21x,Pusat
O-B13-K2-X22x,O-B13-K2-X22x,Pusat
O-B13-K2-X23x,O-B13-K2-X23x,Pusat
O-B13-K2-X24x,O-B13-K2-X24x,Pusat
O-B13-K2-X25x,O-B13-K2-X25x,Pusat
O-B13-K2-X26x,O-B13-K2-X26x,Pusat
O-B13-K2-X27x,O-B13-K2-X27x,Pusat
O-B13-K2-X28x,O-B13-K2-X28x,Pusat
O-B13-K2-X29x,O-B13-K2-X29x,Pusat
O-B13-K2-X2x,O-B13-K2-X2x,Pusat
O-B13-K2-X30x,O-B13-K2-X30x,Pusat
O-B13-K2-X3x,O-B13-K2-X3x,Pusat
O-B13-K2-X4x,O-B13-K2-X4x,Pusat
O-B13-K2-X5x,O-B13-K2-X5x,Pusat
O-B13-K2-X6x,O-B13-K2-X6x,Pusat
O-B13-K2-X7x,O-B13-K2-X7x,Pusat
O-B13-K2-X8x,O-B13-K2-X8x,Pusat
O-B13-K2-X9x,O-B13-K2-X9x,Pusat
O-B13-K3-X10x,O-B13-K3-X10x,Pusat
O-B13-K3-X11x,O-B13-K3-X11x,Pusat
O-B13-K3-X12x,O-B13-K3-X12x,Pusat
O-B13-K3-X13x,O-B13-K3-X13x,Pusat
O-B13-K3-X14x,O-B13-K3-X14x,Pusat
O-B13-K3-X15x,O-B13-K3-X15x,Pusat
O-B13-K3-X16x,O-B13-K3-X16x,Pusat
O-B13-K3-X17x,O-B13-K3-X17x,Pusat
O-B13-K3-X18x,O-B13-K3-X18x,Pusat
O-B13-K3-X19x,O-B13-K3-X19x,Pusat
O-B13-K3-X1x,O-B13-K3-X1x,Pusat
O-B13-K3-X20x,O-B13-K3-X20x,Pusat
O-B13-K3-X21x,O-B13-K3-X21x,Pusat
O-B13-K3-X22x,O-B13-K3-X22x,Pusat
O-B13-K3-X23x,O-B13-K3-X23x,Pusat
O-B13-K3-X24x,O-B13-K3-X24x,Pusat
O-B13-K3-X25x,O-B13-K3-X25x,Pusat
O-B13-K3-X26x,O-B13-K3-X26x,Pusat
O-B13-K3-X27x,O-B13-K3-X27x,Pusat
O-B13-K3-X28x,O-B13-K3-X28x,Pusat
O-B13-K3-X29x,O-B13-K3-X29x,Pusat
O-B13-K3-X2x,O-B13-K3-X2x,Pusat
O-B13-K3-X30x,O-B13-K3-X30x,Pusat
O-B13-K3-X3x,O-B13-K3-X3x,Pusat
O-B13-K3-X4x,O-B13-K3-X4x,Pusat
O-B13-K3-X5x,O-B13-K3-X5x,Pusat
O-B13-K3-X6x,O-B13-K3-X6x,Pusat
O-B13-K3-X7x,O-B13-K3-X7x,Pusat
O-B13-K3-X8x,O-B13-K3-X8x,Pusat
O-B13-K3-X9x,O-B13-K3-X9x,Pusat
O-B13-K4-X10x,O-B13-K4-X10x,Pusat
O-B13-K4-X11x,O-B13-K4-X11x,Pusat
O-B13-K4-X12x,O-B13-K4-X12x,Pusat
O-B13-K4-X13x,O-B13-K4-X13x,Pusat
O-B13-K4-X14x,O-B13-K4-X14x,Pusat
O-B13-K4-X15x,O-B13-K4-X15x,Pusat
O-B13-K4-X16x,O-B13-K4-X16x,Pusat
O-B13-K4-X17x,O-B13-K4-X17x,Pusat
O-B13-K4-X18x,O-B13-K4-X18x,Pusat
O-B13-K4-X19x,O-B13-K4-X19x,Pusat
O-B13-K4-X1x,O-B13-K4-X1x,Pusat
O-B13-K4-X20x,O-B13-K4-X20x,Pusat
O-B13-K4-X21x,O-B13-K4-X21x,Pusat
O-B13-K4-X22x,O-B13-K4-X22x,Pusat
O-B13-K4-X23x,O-B13-K4-X23x,Pusat
O-B13-K4-X24x,O-B13-K4-X24x,Pusat
O-B13-K4-X25x,O-B13-K4-X25x,Pusat
O-B13-K4-X26x,O-B13-K4-X26x,Pusat
O-B13-K4-X27x,O-B13-K4-X27x,Pusat
O-B13-K4-X28x,O-B13-K4-X28x,Pusat
O-B13-K4-X29x,O-B13-K4-X29x,Pusat
O-B13-K4-X2x,O-B13-K4-X2x,Pusat
O-B13-K4-X30x,O-B13-K4-X30x,Pusat
O-B13-K4-X3x,O-B13-K4-X3x,Pusat
O-B13-K4-X4x,O-B13-K4-X4x,Pusat
O-B13-K4-X5x,O-B13-K4-X5x,Pusat
O-B13-K4-X6x,O-B13-K4-X6x,Pusat
O-B13-K4-X7x,O-B13-K4-X7x,Pusat
O-B13-K4-X8x,O-B13-K4-X8x,Pusat
O-B13-K4-X9x,O-B13-K4-X9x,Pusat
O-B13-K5-X10x,O-B13-K5-X10x,Pusat
O-B13-K5-X11x,O-B13-K5-X11x,Pusat
O-B13-K5-X12x,O-B13-K5-X12x,Pusat
O-B13-K5-X13x,O-B13-K5-X13x,Pusat
O-B13-K5-X14x,O-B13-K5-X14x,Pusat
O-B13-K5-X15x,O-B13-K5-X15x,Pusat
O-B13-K5-X16x,O-B13-K5-X16x,Pusat
O-B13-K5-X17x,O-B13-K5-X17x,Pusat
O-B13-K5-X18x,O-B13-K5-X18x,Pusat
O-B13-K5-X19x,O-B13-K5-X19x,Pusat
O-B13-K5-X1x,O-B13-K5-X1x,Pusat
O-B13-K5-X20x,O-B13-K5-X20x,Pusat
O-B13-K5-X21x,O-B13-K5-X21x,Pusat
O-B13-K5-X22x,O-B13-K5-X22x,Pusat
O-B13-K5-X23x,O-B13-K5-X23x,Pusat
O-B13-K5-X24x,O-B13-K5-X24x,Pusat
O-B13-K5-X25x,O-B13-K5-X25x,Pusat
O-B13-K5-X26x,O-B13-K5-X26x,Pusat
O-B13-K5-X27x,O-B13-K5-X27x,Pusat
O-B13-K5-X28x,O-B13-K5-X28x,Pusat
O-B13-K5-X29x,O-B13-K5-X29x,Pusat
O-B13-K5-X2x,O-B13-K5-X2x,Pusat
O-B13-K5-X30x,O-B13-K5-X30x,Pusat
O-B13-K5-X3x,O-B13-K5-X3x,Pusat
O-B13-K5-X4x,O-B13-K5-X4x,Pusat
O-B13-K5-X5x,O-B13-K5-X5x,Pusat
O-B13-K5-X6x,O-B13-K5-X6x,Pusat
O-B13-K5-X7x,O-B13-K5-X7x,Pusat
O-B13-K5-X8x,O-B13-K5-X8x,Pusat
O-B13-K5-X9x,O-B13-K5-X9x,Pusat
O-B13-K6-X10x,O-B13-K6-X10x,Pusat
O-B13-K6-X11x,O-B13-K6-X11x,Pusat
O-B13-K6-X12x,O-B13-K6-X12x,Pusat
O-B13-K6-X13x,O-B13-K6-X13x,Pusat
O-B13-K6-X14x,O-B13-K6-X14x,Pusat
O-B13-K6-X15x,O-B13-K6-X15x,Pusat
O-B13-K6-X16x,O-B13-K6-X16x,Pusat
O-B13-K6-X17x,O-B13-K6-X17x,Pusat
O-B13-K6-X18x,O-B13-K6-X18x,Pusat
O-B13-K6-X19x,O-B13-K6-X19x,Pusat
O-B13-K6-X1x,O-B13-K6-X1x,Pusat
O-B13-K6-X20x,O-B13-K6-X20x,Pusat
O-B13-K6-X21x,O-B13-K6-X21x,Pusat
O-B13-K6-X22x,O-B13-K6-X22x,Pusat
O-B13-K6-X23x,O-B13-K6-X23x,Pusat
O-B13-K6-X24x,O-B13-K6-X24x,Pusat
O-B13-K6-X25x,O-B13-K6-X25x,Pusat
O-B13-K6-X26x,O-B13-K6-X26x,Pusat
O-B13-K6-X27x,O-B13-K6-X27x,Pusat
O-B13-K6-X28x,O-B13-K6-X28x,Pusat
O-B13-K6-X29x,O-B13-K6-X29x,Pusat
O-B13-K6-X2x,O-B13-K6-X2x,Pusat
O-B13-K6-X30x,O-B13-K6-X30x,Pusat
O-B13-K6-X3x,O-B13-K6-X3x,Pusat
O-B13-K6-X4x,O-B13-K6-X4x,Pusat
O-B13-K6-X5x,O-B13-K6-X5x,Pusat
O-B13-K6-X6x,O-B13-K6-X6x,Pusat
O-B13-K6-X7x,O-B13-K6-X7x,Pusat
O-B13-K6-X8x,O-B13-K6-X8x,Pusat
O-B13-K6-X9x,O-B13-K6-X9x,Pusat
O-B13-K7-X10x,O-B13-K7-X10x,Pusat
O-B13-K7-X11x,O-B13-K7-X11x,Pusat
O-B13-K7-X12x,O-B13-K7-X12x,Pusat
O-B13-K7-X13x,O-B13-K7-X13x,Pusat
O-B13-K7-X14x,O-B13-K7-X14x,Pusat
O-B13-K7-X15x,O-B13-K7-X15x,Pusat
O-B13-K7-X16x,O-B13-K7-X16x,Pusat
O-B13-K7-X17x,O-B13-K7-X17x,Pusat
O-B13-K7-X18x,O-B13-K7-X18x,Pusat
O-B13-K7-X19x,O-B13-K7-X19x,Pusat
O-B13-K7-X1x,O-B13-K7-X1x,Pusat
O-B13-K7-X20x,O-B13-K7-X20x,Pusat
O-B13-K7-X21x,O-B13-K7-X21x,Pusat
O-B13-K7-X22x,O-B13-K7-X22x,Pusat
O-B13-K7-X23x,O-B13-K7-X23x,Pusat
O-B13-K7-X24x,O-B13-K7-X24x,Pusat
O-B13-K7-X25x,O-B13-K7-X25x,Pusat
O-B13-K7-X26x,O-B13-K7-X26x,Pusat
O-B13-K7-X27x,O-B13-K7-X27x,Pusat
O-B13-K7-X28x,O-B13-K7-X28x,Pusat
O-B13-K7-X29x,O-B13-K7-X29x,Pusat
O-B13-K7-X2x,O-B13-K7-X2x,Pusat
O-B13-K7-X30x,O-B13-K7-X30x,Pusat
O-B13-K7-X3x,O-B13-K7-X3x,Pusat
O-B13-K7-X4x,O-B13-K7-X4x,Pusat
O-B13-K7-X5x,O-B13-K7-X5x,Pusat
O-B13-K7-X6x,O-B13-K7-X6x,Pusat
O-B13-K7-X7x,O-B13-K7-X7x,Pusat
O-B13-K7-X8x,O-B13-K7-X8x,Pusat
O-B13-K7-X9x,O-B13-K7-X9x,Pusat
O-B14-K1-X10x,O-B14-K1-X10x,Pusat
O-B14-K1-X11x,O-B14-K1-X11x,Pusat
O-B14-K1-X12x,O-B14-K1-X12x,Pusat
O-B14-K1-X13x,O-B14-K1-X13x,Pusat
O-B14-K1-X14x,O-B14-K1-X14x,Pusat
O-B14-K1-X15x,O-B14-K1-X15x,Pusat
O-B14-K1-X16x,O-B14-K1-X16x,Pusat
O-B14-K1-X17x,O-B14-K1-X17x,Pusat
O-B14-K1-X18x,O-B14-K1-X18x,Pusat
O-B14-K1-X19x,O-B14-K1-X19x,Pusat
O-B14-K1-X1x,O-B14-K1-X1x,Pusat
O-B14-K1-X20x,O-B14-K1-X20x,Pusat
O-B14-K1-X21x,O-B14-K1-X21x,Pusat
O-B14-K1-X22x,O-B14-K1-X22x,Pusat
O-B14-K1-X23x,O-B14-K1-X23x,Pusat
O-B14-K1-X24x,O-B14-K1-X24x,Pusat
O-B14-K1-X25x,O-B14-K1-X25x,Pusat
O-B14-K1-X26x,O-B14-K1-X26x,Pusat
O-B14-K1-X27x,O-B14-K1-X27x,Pusat
O-B14-K1-X28x,O-B14-K1-X28x,Pusat
O-B14-K1-X29x,O-B14-K1-X29x,Pusat
O-B14-K1-X2x,O-B14-K1-X2x,Pusat
O-B14-K1-X30x,O-B14-K1-X30x,Pusat
O-B14-K1-X3x,O-B14-K1-X3x,Pusat
O-B14-K1-X4x,O-B14-K1-X4x,Pusat
O-B14-K1-X5x,O-B14-K1-X5x,Pusat
O-B14-K1-X6x,O-B14-K1-X6x,Pusat
O-B14-K1-X7x,O-B14-K1-X7x,Pusat
O-B14-K1-X8x,O-B14-K1-X8x,Pusat
O-B14-K1-X9x,O-B14-K1-X9x,Pusat
O-B14-K2-X10x,O-B14-K2-X10x,Pusat
O-B14-K2-X11x,O-B14-K2-X11x,Pusat
O-B14-K2-X12x,O-B14-K2-X12x,Pusat
O-B14-K2-X13x,O-B14-K2-X13x,Pusat
O-B14-K2-X14x,O-B14-K2-X14x,Pusat
O-B14-K2-X15x,O-B14-K2-X15x,Pusat
O-B14-K2-X16x,O-B14-K2-X16x,Pusat
O-B14-K2-X17x,O-B14-K2-X17x,Pusat
O-B14-K2-X18x,O-B14-K2-X18x,Pusat
O-B14-K2-X19x,O-B14-K2-X19x,Pusat
O-B14-K2-X1x,O-B14-K2-X1x,Pusat
O-B14-K2-X20x,O-B14-K2-X20x,Pusat
O-B14-K2-X21x,O-B14-K2-X21x,Pusat
O-B14-K2-X22x,O-B14-K2-X22x,Pusat
O-B14-K2-X23x,O-B14-K2-X23x,Pusat
O-B14-K2-X24x,O-B14-K2-X24x,Pusat
O-B14-K2-X25x,O-B14-K2-X25x,Pusat
O-B14-K2-X26x,O-B14-K2-X26x,Pusat
O-B14-K2-X27x,O-B14-K2-X27x,Pusat
O-B14-K2-X28x,O-B14-K2-X28x,Pusat
O-B14-K2-X29x,O-B14-K2-X29x,Pusat
O-B14-K2-X2x,O-B14-K2-X2x,Pusat
O-B14-K2-X30x,O-B14-K2-X30x,Pusat
O-B14-K2-X3x,O-B14-K2-X3x,Pusat
O-B14-K2-X4x,O-B14-K2-X4x,Pusat
O-B14-K2-X5x,O-B14-K2-X5x,Pusat
O-B14-K2-X6x,O-B14-K2-X6x,Pusat
O-B14-K2-X7x,O-B14-K2-X7x,Pusat
O-B14-K2-X8x,O-B14-K2-X8x,Pusat
O-B14-K2-X9x,O-B14-K2-X9x,Pusat
O-B14-K3-X10x,O-B14-K3-X10x,Pusat
O-B14-K3-X11x,O-B14-K3-X11x,Pusat
O-B14-K3-X12x,O-B14-K3-X12x,Pusat
O-B14-K3-X13x,O-B14-K3-X13x,Pusat
O-B14-K3-X14x,O-B14-K3-X14x,Pusat
O-B14-K3-X15x,O-B14-K3-X15x,Pusat
O-B14-K3-X16x,O-B14-K3-X16x,Pusat
O-B14-K3-X17x,O-B14-K3-X17x,Pusat
O-B14-K3-X18x,O-B14-K3-X18x,Pusat
O-B14-K3-X19x,O-B14-K3-X19x,Pusat
O-B14-K3-X1x,O-B14-K3-X1x,Pusat
O-B14-K3-X20x,O-B14-K3-X20x,Pusat
O-B14-K3-X21x,O-B14-K3-X21x,Pusat
O-B14-K3-X22x,O-B14-K3-X22x,Pusat
O-B14-K3-X23x,O-B14-K3-X23x,Pusat
O-B14-K3-X24x,O-B14-K3-X24x,Pusat
O-B14-K3-X25x,O-B14-K3-X25x,Pusat
O-B14-K3-X26x,O-B14-K3-X26x,Pusat
O-B14-K3-X27x,O-B14-K3-X27x,Pusat
O-B14-K3-X28x,O-B14-K3-X28x,Pusat
O-B14-K3-X29x,O-B14-K3-X29x,Pusat
O-B14-K3-X2x,O-B14-K3-X2x,Pusat
O-B14-K3-X30x,O-B14-K3-X30x,Pusat
O-B14-K3-X3x,O-B14-K3-X3x,Pusat
O-B14-K3-X4x,O-B14-K3-X4x,Pusat
O-B14-K3-X5x,O-B14-K3-X5x,Pusat
O-B14-K3-X6x,O-B14-K3-X6x,Pusat
O-B14-K3-X7x,O-B14-K3-X7x,Pusat
O-B14-K3-X8x,O-B14-K3-X8x,Pusat
O-B14-K3-X9x,O-B14-K3-X9x,Pusat
O-B14-K4-X10x,O-B14-K4-X10x,Pusat
O-B14-K4-X11x,O-B14-K4-X11x,Pusat
O-B14-K4-X12x,O-B14-K4-X12x,Pusat
O-B14-K4-X13x,O-B14-K4-X13x,Pusat
O-B14-K4-X14x,O-B14-K4-X14x,Pusat
O-B14-K4-X15x,O-B14-K4-X15x,Pusat
O-B14-K4-X16x,O-B14-K4-X16x,Pusat
O-B14-K4-X17x,O-B14-K4-X17x,Pusat
O-B14-K4-X18x,O-B14-K4-X18x,Pusat
O-B14-K4-X19x,O-B14-K4-X19x,Pusat
O-B14-K4-X1x,O-B14-K4-X1x,Pusat
O-B14-K4-X20x,O-B14-K4-X20x,Pusat
O-B14-K4-X21x,O-B14-K4-X21x,Pusat
O-B14-K4-X22x,O-B14-K4-X22x,Pusat
O-B14-K4-X23x,O-B14-K4-X23x,Pusat
O-B14-K4-X24x,O-B14-K4-X24x,Pusat
O-B14-K4-X25x,O-B14-K4-X25x,Pusat
O-B14-K4-X26x,O-B14-K4-X26x,Pusat
O-B14-K4-X27x,O-B14-K4-X27x,Pusat
O-B14-K4-X28x,O-B14-K4-X28x,Pusat
O-B14-K4-X29x,O-B14-K4-X29x,Pusat
O-B14-K4-X2x,O-B14-K4-X2x,Pusat
O-B14-K4-X30x,O-B14-K4-X30x,Pusat
O-B14-K4-X3x,O-B14-K4-X3x,Pusat
O-B14-K4-X4x,O-B14-K4-X4x,Pusat
O-B14-K4-X5x,O-B14-K4-X5x,Pusat
O-B14-K4-X6x,O-B14-K4-X6x,Pusat
O-B14-K4-X7x,O-B14-K4-X7x,Pusat
O-B14-K4-X8x,O-B14-K4-X8x,Pusat
O-B14-K4-X9x,O-B14-K4-X9x,Pusat
O-B14-K5-X10x,O-B14-K5-X10x,Pusat
O-B14-K5-X11x,O-B14-K5-X11x,Pusat
O-B14-K5-X12x,O-B14-K5-X12x,Pusat
O-B14-K5-X13x,O-B14-K5-X13x,Pusat
O-B14-K5-X14x,O-B14-K5-X14x,Pusat
O-B14-K5-X15x,O-B14-K5-X15x,Pusat
O-B14-K5-X16x,O-B14-K5-X16x,Pusat
O-B14-K5-X17x,O-B14-K5-X17x,Pusat
O-B14-K5-X18x,O-B14-K5-X18x,Pusat
O-B14-K5-X19x,O-B14-K5-X19x,Pusat
O-B14-K5-X1x,O-B14-K5-X1x,Pusat
O-B14-K5-X20x,O-B14-K5-X20x,Pusat
O-B14-K5-X21x,O-B14-K5-X21x,Pusat
O-B14-K5-X22x,O-B14-K5-X22x,Pusat
O-B14-K5-X23x,O-B14-K5-X23x,Pusat
O-B14-K5-X24x,O-B14-K5-X24x,Pusat
O-B14-K5-X25x,O-B14-K5-X25x,Pusat
O-B14-K5-X26x,O-B14-K5-X26x,Pusat
O-B14-K5-X27x,O-B14-K5-X27x,Pusat
O-B14-K5-X28x,O-B14-K5-X28x,Pusat
O-B14-K5-X29x,O-B14-K5-X29x,Pusat
O-B14-K5-X2x,O-B14-K5-X2x,Pusat
O-B14-K5-X30x,O-B14-K5-X30x,Pusat
O-B14-K5-X3x,O-B14-K5-X3x,Pusat
O-B14-K5-X4x,O-B14-K5-X4x,Pusat
O-B14-K5-X5x,O-B14-K5-X5x,Pusat
O-B14-K5-X6x,O-B14-K5-X6x,Pusat
O-B14-K5-X7x,O-B14-K5-X7x,Pusat
O-B14-K5-X8x,O-B14-K5-X8x,Pusat
O-B14-K5-X9x,O-B14-K5-X9x,Pusat
O-B14-K6-X10x,O-B14-K6-X10x,Pusat
O-B14-K6-X11x,O-B14-K6-X11x,Pusat
O-B14-K6-X12x,O-B14-K6-X12x,Pusat
O-B14-K6-X13x,O-B14-K6-X13x,Pusat
O-B14-K6-X14x,O-B14-K6-X14x,Pusat
O-B14-K6-X15x,O-B14-K6-X15x,Pusat
O-B14-K6-X16x,O-B14-K6-X16x,Pusat
O-B14-K6-X17x,O-B14-K6-X17x,Pusat
O-B14-K6-X18x,O-B14-K6-X18x,Pusat
O-B14-K6-X19x,O-B14-K6-X19x,Pusat
O-B14-K6-X1x,O-B14-K6-X1x,Pusat
O-B14-K6-X20x,O-B14-K6-X20x,Pusat
O-B14-K6-X21x,O-B14-K6-X21x,Pusat
O-B14-K6-X22x,O-B14-K6-X22x,Pusat
O-B14-K6-X23x,O-B14-K6-X23x,Pusat
O-B14-K6-X24x,O-B14-K6-X24x,Pusat
O-B14-K6-X25x,O-B14-K6-X25x,Pusat
O-B14-K6-X26x,O-B14-K6-X26x,Pusat
O-B14-K6-X27x,O-B14-K6-X27x,Pusat
O-B14-K6-X28x,O-B14-K6-X28x,Pusat
O-B14-K6-X29x,O-B14-K6-X29x,Pusat
O-B14-K6-X2x,O-B14-K6-X2x,Pusat
O-B14-K6-X30x,O-B14-K6-X30x,Pusat
O-B14-K6-X3x,O-B14-K6-X3x,Pusat
O-B14-K6-X4x,O-B14-K6-X4x,Pusat
O-B14-K6-X5x,O-B14-K6-X5x,Pusat
O-B14-K6-X6x,O-B14-K6-X6x,Pusat
O-B14-K6-X7x,O-B14-K6-X7x,Pusat
O-B14-K6-X8x,O-B14-K6-X8x,Pusat
O-B14-K6-X9x,O-B14-K6-X9x,Pusat
O-B14-K7-X10x,O-B14-K7-X10x,Pusat
O-B14-K7-X11x,O-B14-K7-X11x,Pusat
O-B14-K7-X12x,O-B14-K7-X12x,Pusat
O-B14-K7-X13x,O-B14-K7-X13x,Pusat
O-B14-K7-X14x,O-B14-K7-X14x,Pusat
O-B14-K7-X15x,O-B14-K7-X15x,Pusat
O-B14-K7-X16x,O-B14-K7-X16x,Pusat
O-B14-K7-X17x,O-B14-K7-X17x,Pusat
O-B14-K7-X18x,O-B14-K7-X18x,Pusat
O-B14-K7-X19x,O-B14-K7-X19x,Pusat
O-B14-K7-X1x,O-B14-K7-X1x,Pusat
O-B14-K7-X20x,O-B14-K7-X20x,Pusat
O-B14-K7-X21x,O-B14-K7-X21x,Pusat
O-B14-K7-X22x,O-B14-K7-X22x,Pusat
O-B14-K7-X23x,O-B14-K7-X23x,Pusat
O-B14-K7-X24x,O-B14-K7-X24x,Pusat
O-B14-K7-X25x,O-B14-K7-X25x,Pusat
O-B14-K7-X26x,O-B14-K7-X26x,Pusat
O-B14-K7-X27x,O-B14-K7-X27x,Pusat
O-B14-K7-X28x,O-B14-K7-X28x,Pusat
O-B14-K7-X29x,O-B14-K7-X29x,Pusat
O-B14-K7-X2x,O-B14-K7-X2x,Pusat
O-B14-K7-X30x,O-B14-K7-X30x,Pusat
O-B14-K7-X3x,O-B14-K7-X3x,Pusat
O-B14-K7-X4x,O-B14-K7-X4x,Pusat
O-B14-K7-X5x,O-B14-K7-X5x,Pusat
O-B14-K7-X6x,O-B14-K7-X6x,Pusat
O-B14-K7-X7x,O-B14-K7-X7x,Pusat
O-B14-K7-X8x,O-B14-K7-X8x,Pusat
O-B14-K7-X9x,O-B14-K7-X9x,Pusat
O-B15-K1-X10x,O-B15-K1-X10x,Pusat
O-B15-K1-X11x,O-B15-K1-X11x,Pusat
O-B15-K1-X12x,O-B15-K1-X12x,Pusat
O-B15-K1-X13x,O-B15-K1-X13x,Pusat
O-B15-K1-X14x,O-B15-K1-X14x,Pusat
O-B15-K1-X15x,O-B15-K1-X15x,Pusat
O-B15-K1-X16x,O-B15-K1-X16x,Pusat
O-B15-K1-X17x,O-B15-K1-X17x,Pusat
O-B15-K1-X18x,O-B15-K1-X18x,Pusat
O-B15-K1-X19x,O-B15-K1-X19x,Pusat
O-B15-K1-X1x,O-B15-K1-X1x,Pusat
O-B15-K1-X20x,O-B15-K1-X20x,Pusat
O-B15-K1-X21x,O-B15-K1-X21x,Pusat
O-B15-K1-X22x,O-B15-K1-X22x,Pusat
O-B15-K1-X23x,O-B15-K1-X23x,Pusat
O-B15-K1-X24x,O-B15-K1-X24x,Pusat
O-B15-K1-X25x,O-B15-K1-X25x,Pusat
O-B15-K1-X26x,O-B15-K1-X26x,Pusat
O-B15-K1-X27x,O-B15-K1-X27x,Pusat
O-B15-K1-X28x,O-B15-K1-X28x,Pusat
O-B15-K1-X29x,O-B15-K1-X29x,Pusat
O-B15-K1-X2x,O-B15-K1-X2x,Pusat
O-B15-K1-X30x,O-B15-K1-X30x,Pusat
O-B15-K1-X3x,O-B15-K1-X3x,Pusat
O-B15-K1-X4x,O-B15-K1-X4x,Pusat
O-B15-K1-X5x,O-B15-K1-X5x,Pusat
O-B15-K1-X6x,O-B15-K1-X6x,Pusat
O-B15-K1-X7x,O-B15-K1-X7x,Pusat
O-B15-K1-X8x,O-B15-K1-X8x,Pusat
O-B15-K1-X9x,O-B15-K1-X9x,Pusat
O-B15-K2-X10x,O-B15-K2-X10x,Pusat
O-B15-K2-X11x,O-B15-K2-X11x,Pusat
O-B15-K2-X12x,O-B15-K2-X12x,Pusat
O-B15-K2-X13x,O-B15-K2-X13x,Pusat
O-B15-K2-X14x,O-B15-K2-X14x,Pusat
O-B15-K2-X15x,O-B15-K2-X15x,Pusat
O-B15-K2-X16x,O-B15-K2-X16x,Pusat
O-B15-K2-X17x,O-B15-K2-X17x,Pusat
O-B15-K2-X18x,O-B15-K2-X18x,Pusat
O-B15-K2-X19x,O-B15-K2-X19x,Pusat
O-B15-K2-X1x,O-B15-K2-X1x,Pusat
O-B15-K2-X20x,O-B15-K2-X20x,Pusat
O-B15-K2-X21x,O-B15-K2-X21x,Pusat
O-B15-K2-X22x,O-B15-K2-X22x,Pusat
O-B15-K2-X23x,O-B15-K2-X23x,Pusat
O-B15-K2-X24x,O-B15-K2-X24x,Pusat
O-B15-K2-X25x,O-B15-K2-X25x,Pusat
O-B15-K2-X26x,O-B15-K2-X26x,Pusat
O-B15-K2-X27x,O-B15-K2-X27x,Pusat
O-B15-K2-X28x,O-B15-K2-X28x,Pusat
O-B15-K2-X29x,O-B15-K2-X29x,Pusat
O-B15-K2-X2x,O-B15-K2-X2x,Pusat
O-B15-K2-X30x,O-B15-K2-X30x,Pusat
O-B15-K2-X3x,O-B15-K2-X3x,Pusat
O-B15-K2-X4x,O-B15-K2-X4x,Pusat
O-B15-K2-X5x,O-B15-K2-X5x,Pusat
O-B15-K2-X6x,O-B15-K2-X6x,Pusat
O-B15-K2-X7x,O-B15-K2-X7x,Pusat
O-B15-K2-X8x,O-B15-K2-X8x,Pusat
O-B15-K2-X9x,O-B15-K2-X9x,Pusat
O-B15-K3-X10x,O-B15-K3-X10x,Pusat
O-B15-K3-X11x,O-B15-K3-X11x,Pusat
O-B15-K3-X12x,O-B15-K3-X12x,Pusat
O-B15-K3-X13x,O-B15-K3-X13x,Pusat
O-B15-K3-X14x,O-B15-K3-X14x,Pusat
O-B15-K3-X15x,O-B15-K3-X15x,Pusat
O-B15-K3-X16x,O-B15-K3-X16x,Pusat
O-B15-K3-X17x,O-B15-K3-X17x,Pusat
O-B15-K3-X18x,O-B15-K3-X18x,Pusat
O-B15-K3-X19x,O-B15-K3-X19x,Pusat
O-B15-K3-X1x,O-B15-K3-X1x,Pusat
O-B15-K3-X20x,O-B15-K3-X20x,Pusat
O-B15-K3-X21x,O-B15-K3-X21x,Pusat
O-B15-K3-X22x,O-B15-K3-X22x,Pusat
O-B15-K3-X23x,O-B15-K3-X23x,Pusat
O-B15-K3-X24x,O-B15-K3-X24x,Pusat
O-B15-K3-X25x,O-B15-K3-X25x,Pusat
O-B15-K3-X26x,O-B15-K3-X26x,Pusat
O-B15-K3-X27x,O-B15-K3-X27x,Pusat
O-B15-K3-X28x,O-B15-K3-X28x,Pusat
O-B15-K3-X29x,O-B15-K3-X29x,Pusat
O-B15-K3-X2x,O-B15-K3-X2x,Pusat
O-B15-K3-X30x,O-B15-K3-X30x,Pusat
O-B15-K3-X3x,O-B15-K3-X3x,Pusat
O-B15-K3-X4x,O-B15-K3-X4x,Pusat
O-B15-K3-X5x,O-B15-K3-X5x,Pusat
O-B15-K3-X6x,O-B15-K3-X6x,Pusat
O-B15-K3-X7x,O-B15-K3-X7x,Pusat
O-B15-K3-X8x,O-B15-K3-X8x,Pusat
O-B15-K3-X9x,O-B15-K3-X9x,Pusat
O-B15-K4-X10x,O-B15-K4-X10x,Pusat
O-B15-K4-X11x,O-B15-K4-X11x,Pusat
O-B15-K4-X12x,O-B15-K4-X12x,Pusat
O-B15-K4-X13x,O-B15-K4-X13x,Pusat
O-B15-K4-X14x,O-B15-K4-X14x,Pusat
O-B15-K4-X15x,O-B15-K4-X15x,Pusat
O-B15-K4-X16x,O-B15-K4-X16x,Pusat
O-B15-K4-X17x,O-B15-K4-X17x,Pusat
O-B15-K4-X18x,O-B15-K4-X18x,Pusat
O-B15-K4-X19x,O-B15-K4-X19x,Pusat
O-B15-K4-X1x,O-B15-K4-X1x,Pusat
O-B15-K4-X20x,O-B15-K4-X20x,Pusat
O-B15-K4-X21x,O-B15-K4-X21x,Pusat
O-B15-K4-X22x,O-B15-K4-X22x,Pusat
O-B15-K4-X23x,O-B15-K4-X23x,Pusat
O-B15-K4-X24x,O-B15-K4-X24x,Pusat
O-B15-K4-X25x,O-B15-K4-X25x,Pusat
O-B15-K4-X26x,O-B15-K4-X26x,Pusat
O-B15-K4-X27x,O-B15-K4-X27x,Pusat
O-B15-K4-X28x,O-B15-K4-X28x,Pusat
O-B15-K4-X29x,O-B15-K4-X29x,Pusat
O-B15-K4-X2x,O-B15-K4-X2x,Pusat
O-B15-K4-X30x,O-B15-K4-X30x,Pusat
O-B15-K4-X3x,O-B15-K4-X3x,Pusat
O-B15-K4-X4x,O-B15-K4-X4x,Pusat
O-B15-K4-X5x,O-B15-K4-X5x,Pusat
O-B15-K4-X6x,O-B15-K4-X6x,Pusat
O-B15-K4-X7x,O-B15-K4-X7x,Pusat
O-B15-K4-X8x,O-B15-K4-X8x,Pusat
O-B15-K4-X9x,O-B15-K4-X9x,Pusat
O-B15-K5-X10x,O-B15-K5-X10x,Pusat
O-B15-K5-X11x,O-B15-K5-X11x,Pusat
O-B15-K5-X12x,O-B15-K5-X12x,Pusat
O-B15-K5-X13x,O-B15-K5-X13x,Pusat
O-B15-K5-X14x,O-B15-K5-X14x,Pusat
O-B15-K5-X15x,O-B15-K5-X15x,Pusat
O-B15-K5-X16x,O-B15-K5-X16x,Pusat
O-B15-K5-X17x,O-B15-K5-X17x,Pusat
O-B15-K5-X18x,O-B15-K5-X18x,Pusat
O-B15-K5-X19x,O-B15-K5-X19x,Pusat
O-B15-K5-X1x,O-B15-K5-X1x,Pusat
O-B15-K5-X20x,O-B15-K5-X20x,Pusat
O-B15-K5-X21x,O-B15-K5-X21x,Pusat
O-B15-K5-X22x,O-B15-K5-X22x,Pusat
O-B15-K5-X23x,O-B15-K5-X23x,Pusat
O-B15-K5-X24x,O-B15-K5-X24x,Pusat
O-B15-K5-X25x,O-B15-K5-X25x,Pusat
O-B15-K5-X26x,O-B15-K5-X26x,Pusat
O-B15-K5-X27x,O-B15-K5-X27x,Pusat
O-B15-K5-X28x,O-B15-K5-X28x,Pusat
O-B15-K5-X29x,O-B15-K5-X29x,Pusat
O-B15-K5-X2x,O-B15-K5-X2x,Pusat
O-B15-K5-X30x,O-B15-K5-X30x,Pusat
O-B15-K5-X3x,O-B15-K5-X3x,Pusat
O-B15-K5-X4x,O-B15-K5-X4x,Pusat
O-B15-K5-X5x,O-B15-K5-X5x,Pusat
O-B15-K5-X6x,O-B15-K5-X6x,Pusat
O-B15-K5-X7x,O-B15-K5-X7x,Pusat
O-B15-K5-X8x,O-B15-K5-X8x,Pusat
O-B15-K5-X9x,O-B15-K5-X9x,Pusat
O-B15-K6-X10x,O-B15-K6-X10x,Pusat
O-B15-K6-X11x,O-B15-K6-X11x,Pusat
O-B15-K6-X12x,O-B15-K6-X12x,Pusat
O-B15-K6-X13x,O-B15-K6-X13x,Pusat
O-B15-K6-X14x,O-B15-K6-X14x,Pusat
O-B15-K6-X15x,O-B15-K6-X15x,Pusat
O-B15-K6-X16x,O-B15-K6-X16x,Pusat
O-B15-K6-X17x,O-B15-K6-X17x,Pusat
O-B15-K6-X18x,O-B15-K6-X18x,Pusat
O-B15-K6-X19x,O-B15-K6-X19x,Pusat
O-B15-K6-X1x,O-B15-K6-X1x,Pusat
O-B15-K6-X20x,O-B15-K6-X20x,Pusat
O-B15-K6-X21x,O-B15-K6-X21x,Pusat
O-B15-K6-X22x,O-B15-K6-X22x,Pusat
O-B15-K6-X23x,O-B15-K6-X23x,Pusat
O-B15-K6-X24x,O-B15-K6-X24x,Pusat
O-B15-K6-X25x,O-B15-K6-X25x,Pusat
O-B15-K6-X26x,O-B15-K6-X26x,Pusat
O-B15-K6-X27x,O-B15-K6-X27x,Pusat
O-B15-K6-X28x,O-B15-K6-X28x,Pusat
O-B15-K6-X29x,O-B15-K6-X29x,Pusat
O-B15-K6-X2x,O-B15-K6-X2x,Pusat
O-B15-K6-X30x,O-B15-K6-X30x,Pusat
O-B15-K6-X3x,O-B15-K6-X3x,Pusat
O-B15-K6-X4x,O-B15-K6-X4x,Pusat
O-B15-K6-X5x,O-B15-K6-X5x,Pusat
O-B15-K6-X6x,O-B15-K6-X6x,Pusat
O-B15-K6-X7x,O-B15-K6-X7x,Pusat
O-B15-K6-X8x,O-B15-K6-X8x,Pusat
O-B15-K6-X9x,O-B15-K6-X9x,Pusat
O-B15-K7-X10x,O-B15-K7-X10x,Pusat
O-B15-K7-X11x,O-B15-K7-X11x,Pusat
O-B15-K7-X12x,O-B15-K7-X12x,Pusat
O-B15-K7-X13x,O-B15-K7-X13x,Pusat
O-B15-K7-X14x,O-B15-K7-X14x,Pusat
O-B15-K7-X15x,O-B15-K7-X15x,Pusat
O-B15-K7-X16x,O-B15-K7-X16x,Pusat
O-B15-K7-X17x,O-B15-K7-X17x,Pusat
O-B15-K7-X18x,O-B15-K7-X18x,Pusat
O-B15-K7-X19x,O-B15-K7-X19x,Pusat
O-B15-K7-X1x,O-B15-K7-X1x,Pusat
O-B15-K7-X20x,O-B15-K7-X20x,Pusat
O-B15-K7-X21x,O-B15-K7-X21x,Pusat
O-B15-K7-X22x,O-B15-K7-X22x,Pusat
O-B15-K7-X23x,O-B15-K7-X23x,Pusat
O-B15-K7-X24x,O-B15-K7-X24x,Pusat
O-B15-K7-X25x,O-B15-K7-X25x,Pusat
O-B15-K7-X26x,O-B15-K7-X26x,Pusat
O-B15-K7-X27x,O-B15-K7-X27x,Pusat
O-B15-K7-X28x,O-B15-K7-X28x,Pusat
O-B15-K7-X29x,O-B15-K7-X29x,Pusat
O-B15-K7-X2x,O-B15-K7-X2x,Pusat
O-B15-K7-X30x,O-B15-K7-X30x,Pusat
O-B15-K7-X3x,O-B15-K7-X3x,Pusat
O-B15-K7-X4x,O-B15-K7-X4x,Pusat
O-B15-K7-X5x,O-B15-K7-X5x,Pusat
O-B15-K7-X6x,O-B15-K7-X6x,Pusat
O-B15-K7-X7x,O-B15-K7-X7x,Pusat
O-B15-K7-X8x,O-B15-K7-X8x,Pusat
O-B15-K7-X9x,O-B15-K7-X9x,Pusat
O-B16-K1-X10x,O-B16-K1-X10x,Pusat
O-B16-K1-X11x,O-B16-K1-X11x,Pusat
O-B16-K1-X12x,O-B16-K1-X12x,Pusat
O-B16-K1-X13x,O-B16-K1-X13x,Pusat
O-B16-K1-X14x,O-B16-K1-X14x,Pusat
O-B16-K1-X15x,O-B16-K1-X15x,Pusat
O-B16-K1-X16x,O-B16-K1-X16x,Pusat
O-B16-K1-X17x,O-B16-K1-X17x,Pusat
O-B16-K1-X18x,O-B16-K1-X18x,Pusat
O-B16-K1-X19x,O-B16-K1-X19x,Pusat
O-B16-K1-X1x,O-B16-K1-X1x,Pusat
O-B16-K1-X20x,O-B16-K1-X20x,Pusat
O-B16-K1-X21x,O-B16-K1-X21x,Pusat
O-B16-K1-X22x,O-B16-K1-X22x,Pusat
O-B16-K1-X23x,O-B16-K1-X23x,Pusat
O-B16-K1-X24x,O-B16-K1-X24x,Pusat
O-B16-K1-X25x,O-B16-K1-X25x,Pusat
O-B16-K1-X26x,O-B16-K1-X26x,Pusat
O-B16-K1-X27x,O-B16-K1-X27x,Pusat
O-B16-K1-X28x,O-B16-K1-X28x,Pusat
O-B16-K1-X29x,O-B16-K1-X29x,Pusat
O-B16-K1-X2x,O-B16-K1-X2x,Pusat
O-B16-K1-X30x,O-B16-K1-X30x,Pusat
O-B16-K1-X3x,O-B16-K1-X3x,Pusat
O-B16-K1-X4x,O-B16-K1-X4x,Pusat
O-B16-K1-X5x,O-B16-K1-X5x,Pusat
O-B16-K1-X6x,O-B16-K1-X6x,Pusat
O-B16-K1-X7x,O-B16-K1-X7x,Pusat
O-B16-K1-X8x,O-B16-K1-X8x,Pusat
O-B16-K1-X9x,O-B16-K1-X9x,Pusat
O-B16-K2-X10x,O-B16-K2-X10x,Pusat
O-B16-K2-X11x,O-B16-K2-X11x,Pusat
O-B16-K2-X12x,O-B16-K2-X12x,Pusat
O-B16-K2-X13x,O-B16-K2-X13x,Pusat
O-B16-K2-X14x,O-B16-K2-X14x,Pusat
O-B16-K2-X15x,O-B16-K2-X15x,Pusat
O-B16-K2-X16x,O-B16-K2-X16x,Pusat
O-B16-K2-X17x,O-B16-K2-X17x,Pusat
O-B16-K2-X18x,O-B16-K2-X18x,Pusat
O-B16-K2-X19x,O-B16-K2-X19x,Pusat
O-B16-K2-X1x,O-B16-K2-X1x,Pusat
O-B16-K2-X20x,O-B16-K2-X20x,Pusat
O-B16-K2-X21x,O-B16-K2-X21x,Pusat
O-B16-K2-X22x,O-B16-K2-X22x,Pusat
O-B16-K2-X23x,O-B16-K2-X23x,Pusat
O-B16-K2-X24x,O-B16-K2-X24x,Pusat
O-B16-K2-X25x,O-B16-K2-X25x,Pusat
O-B16-K2-X26x,O-B16-K2-X26x,Pusat
O-B16-K2-X27x,O-B16-K2-X27x,Pusat
O-B16-K2-X28x,O-B16-K2-X28x,Pusat
O-B16-K2-X29x,O-B16-K2-X29x,Pusat
O-B16-K2-X2x,O-B16-K2-X2x,Pusat
O-B16-K2-X30x,O-B16-K2-X30x,Pusat
O-B16-K2-X3x,O-B16-K2-X3x,Pusat
O-B16-K2-X4x,O-B16-K2-X4x,Pusat
O-B16-K2-X5x,O-B16-K2-X5x,Pusat
O-B16-K2-X6x,O-B16-K2-X6x,Pusat
O-B16-K2-X7x,O-B16-K2-X7x,Pusat
O-B16-K2-X8x,O-B16-K2-X8x,Pusat
O-B16-K2-X9x,O-B16-K2-X9x,Pusat
O-B16-K3-X10x,O-B16-K3-X10x,Pusat
O-B16-K3-X11x,O-B16-K3-X11x,Pusat
O-B16-K3-X12x,O-B16-K3-X12x,Pusat
O-B16-K3-X13x,O-B16-K3-X13x,Pusat
O-B16-K3-X14x,O-B16-K3-X14x,Pusat
O-B16-K3-X15x,O-B16-K3-X15x,Pusat
O-B16-K3-X16x,O-B16-K3-X16x,Pusat
O-B16-K3-X17x,O-B16-K3-X17x,Pusat
O-B16-K3-X18x,O-B16-K3-X18x,Pusat
O-B16-K3-X19x,O-B16-K3-X19x,Pusat
O-B16-K3-X1x,O-B16-K3-X1x,Pusat
O-B16-K3-X20x,O-B16-K3-X20x,Pusat
O-B16-K3-X21x,O-B16-K3-X21x,Pusat
O-B16-K3-X22x,O-B16-K3-X22x,Pusat
O-B16-K3-X23x,O-B16-K3-X23x,Pusat
O-B16-K3-X24x,O-B16-K3-X24x,Pusat
O-B16-K3-X25x,O-B16-K3-X25x,Pusat
O-B16-K3-X26x,O-B16-K3-X26x,Pusat
O-B16-K3-X27x,O-B16-K3-X27x,Pusat
O-B16-K3-X28x,O-B16-K3-X28x,Pusat
O-B16-K3-X29x,O-B16-K3-X29x,Pusat
O-B16-K3-X2x,O-B16-K3-X2x,Pusat
O-B16-K3-X30x,O-B16-K3-X30x,Pusat
O-B16-K3-X3x,O-B16-K3-X3x,Pusat
O-B16-K3-X4x,O-B16-K3-X4x,Pusat
O-B16-K3-X5x,O-B16-K3-X5x,Pusat
O-B16-K3-X6x,O-B16-K3-X6x,Pusat
O-B16-K3-X7x,O-B16-K3-X7x,Pusat
O-B16-K3-X8x,O-B16-K3-X8x,Pusat
O-B16-K3-X9x,O-B16-K3-X9x,Pusat
O-B16-K4-X10x,O-B16-K4-X10x,Pusat
O-B16-K4-X11x,O-B16-K4-X11x,Pusat
O-B16-K4-X12x,O-B16-K4-X12x,Pusat
O-B16-K4-X13x,O-B16-K4-X13x,Pusat
O-B16-K4-X14x,O-B16-K4-X14x,Pusat
O-B16-K4-X15x,O-B16-K4-X15x,Pusat
O-B16-K4-X16x,O-B16-K4-X16x,Pusat
O-B16-K4-X17x,O-B16-K4-X17x,Pusat
O-B16-K4-X18x,O-B16-K4-X18x,Pusat
O-B16-K4-X19x,O-B16-K4-X19x,Pusat
O-B16-K4-X1x,O-B16-K4-X1x,Pusat
O-B16-K4-X20x,O-B16-K4-X20x,Pusat
O-B16-K4-X21x,O-B16-K4-X21x,Pusat
O-B16-K4-X22x,O-B16-K4-X22x,Pusat
O-B16-K4-X23x,O-B16-K4-X23x,Pusat
O-B16-K4-X24x,O-B16-K4-X24x,Pusat
O-B16-K4-X25x,O-B16-K4-X25x,Pusat
O-B16-K4-X26x,O-B16-K4-X26x,Pusat
O-B16-K4-X27x,O-B16-K4-X27x,Pusat
O-B16-K4-X28x,O-B16-K4-X28x,Pusat
O-B16-K4-X29x,O-B16-K4-X29x,Pusat
O-B16-K4-X2x,O-B16-K4-X2x,Pusat
O-B16-K4-X30x,O-B16-K4-X30x,Pusat
O-B16-K4-X3x,O-B16-K4-X3x,Pusat
O-B16-K4-X4x,O-B16-K4-X4x,Pusat
O-B16-K4-X5x,O-B16-K4-X5x,Pusat
O-B16-K4-X6x,O-B16-K4-X6x,Pusat
O-B16-K4-X7x,O-B16-K4-X7x,Pusat
O-B16-K4-X8x,O-B16-K4-X8x,Pusat
O-B16-K4-X9x,O-B16-K4-X9x,Pusat
O-B16-K5-X10x,O-B16-K5-X10x,Pusat
O-B16-K5-X11x,O-B16-K5-X11x,Pusat
O-B16-K5-X12x,O-B16-K5-X12x,Pusat
O-B16-K5-X13x,O-B16-K5-X13x,Pusat
O-B16-K5-X14x,O-B16-K5-X14x,Pusat
O-B16-K5-X15x,O-B16-K5-X15x,Pusat
O-B16-K5-X16x,O-B16-K5-X16x,Pusat
O-B16-K5-X17x,O-B16-K5-X17x,Pusat
O-B16-K5-X18x,O-B16-K5-X18x,Pusat
O-B16-K5-X19x,O-B16-K5-X19x,Pusat
O-B16-K5-X1x,O-B16-K5-X1x,Pusat
O-B16-K5-X20x,O-B16-K5-X20x,Pusat
O-B16-K5-X21x,O-B16-K5-X21x,Pusat
O-B16-K5-X22x,O-B16-K5-X22x,Pusat
O-B16-K5-X23x,O-B16-K5-X23x,Pusat
O-B16-K5-X24x,O-B16-K5-X24x,Pusat
O-B16-K5-X25x,O-B16-K5-X25x,Pusat
O-B16-K5-X26x,O-B16-K5-X26x,Pusat
O-B16-K5-X27x,O-B16-K5-X27x,Pusat
O-B16-K5-X28x,O-B16-K5-X28x,Pusat
O-B16-K5-X29x,O-B16-K5-X29x,Pusat
O-B16-K5-X2x,O-B16-K5-X2x,Pusat
O-B16-K5-X30x,O-B16-K5-X30x,Pusat
O-B16-K5-X3x,O-B16-K5-X3x,Pusat
O-B16-K5-X4x,O-B16-K5-X4x,Pusat
O-B16-K5-X5x,O-B16-K5-X5x,Pusat
O-B16-K5-X6x,O-B16-K5-X6x,Pusat
O-B16-K5-X7x,O-B16-K5-X7x,Pusat
O-B16-K5-X8x,O-B16-K5-X8x,Pusat
O-B16-K5-X9x,O-B16-K5-X9x,Pusat
O-B16-K6-X10x,O-B16-K6-X10x,Pusat
O-B16-K6-X11x,O-B16-K6-X11x,Pusat
O-B16-K6-X12x,O-B16-K6-X12x,Pusat
O-B16-K6-X13x,O-B16-K6-X13x,Pusat
O-B16-K6-X14x,O-B16-K6-X14x,Pusat
O-B16-K6-X15x,O-B16-K6-X15x,Pusat
O-B16-K6-X16x,O-B16-K6-X16x,Pusat
O-B16-K6-X17x,O-B16-K6-X17x,Pusat
O-B16-K6-X18x,O-B16-K6-X18x,Pusat
O-B16-K6-X19x,O-B16-K6-X19x,Pusat
O-B16-K6-X1x,O-B16-K6-X1x,Pusat
O-B16-K6-X20x,O-B16-K6-X20x,Pusat
O-B16-K6-X21x,O-B16-K6-X21x,Pusat
O-B16-K6-X22x,O-B16-K6-X22x,Pusat
O-B16-K6-X23x,O-B16-K6-X23x,Pusat
O-B16-K6-X24x,O-B16-K6-X24x,Pusat
O-B16-K6-X25x,O-B16-K6-X25x,Pusat
O-B16-K6-X26x,O-B16-K6-X26x,Pusat
O-B16-K6-X27x,O-B16-K6-X27x,Pusat
O-B16-K6-X28x,O-B16-K6-X28x,Pusat
O-B16-K6-X29x,O-B16-K6-X29x,Pusat
O-B16-K6-X2x,O-B16-K6-X2x,Pusat
O-B16-K6-X30x,O-B16-K6-X30x,Pusat
O-B16-K6-X3x,O-B16-K6-X3x,Pusat
O-B16-K6-X4x,O-B16-K6-X4x,Pusat
O-B16-K6-X5x,O-B16-K6-X5x,Pusat
O-B16-K6-X6x,O-B16-K6-X6x,Pusat
O-B16-K6-X7x,O-B16-K6-X7x,Pusat
O-B16-K6-X8x,O-B16-K6-X8x,Pusat
O-B16-K6-X9x,O-B16-K6-X9x,Pusat
O-B16-K7-X10x,O-B16-K7-X10x,Pusat
O-B16-K7-X11x,O-B16-K7-X11x,Pusat
O-B16-K7-X12x,O-B16-K7-X12x,Pusat
O-B16-K7-X13x,O-B16-K7-X13x,Pusat
O-B16-K7-X14x,O-B16-K7-X14x,Pusat
O-B16-K7-X15x,O-B16-K7-X15x,Pusat
O-B16-K7-X16x,O-B16-K7-X16x,Pusat
O-B16-K7-X17x,O-B16-K7-X17x,Pusat
O-B16-K7-X18x,O-B16-K7-X18x,Pusat
O-B16-K7-X19x,O-B16-K7-X19x,Pusat
O-B16-K7-X1x,O-B16-K7-X1x,Pusat
O-B16-K7-X20x,O-B16-K7-X20x,Pusat
O-B16-K7-X21x,O-B16-K7-X21x,Pusat
O-B16-K7-X22x,O-B16-K7-X22x,Pusat
O-B16-K7-X23x,O-B16-K7-X23x,Pusat
O-B16-K7-X24x,O-B16-K7-X24x,Pusat
O-B16-K7-X25x,O-B16-K7-X25x,Pusat
O-B16-K7-X26x,O-B16-K7-X26x,Pusat
O-B16-K7-X27x,O-B16-K7-X27x,Pusat
O-B16-K7-X28x,O-B16-K7-X28x,Pusat
O-B16-K7-X29x,O-B16-K7-X29x,Pusat
O-B16-K7-X2x,O-B16-K7-X2x,Pusat
O-B16-K7-X30x,O-B16-K7-X30x,Pusat
O-B16-K7-X3x,O-B16-K7-X3x,Pusat
O-B16-K7-X4x,O-B16-K7-X4x,Pusat
O-B16-K7-X5x,O-B16-K7-X5x,Pusat
O-B16-K7-X6x,O-B16-K7-X6x,Pusat
O-B16-K7-X7x,O-B16-K7-X7x,Pusat
O-B16-K7-X8x,O-B16-K7-X8x,Pusat
O-B16-K7-X9x,O-B16-K7-X9x,Pusat
O-B17-K1-X10x,O-B17-K1-X10x,Pusat
O-B17-K1-X11x,O-B17-K1-X11x,Pusat
O-B17-K1-X12x,O-B17-K1-X12x,Pusat
O-B17-K1-X13x,O-B17-K1-X13x,Pusat
O-B17-K1-X14x,O-B17-K1-X14x,Pusat
O-B17-K1-X15x,O-B17-K1-X15x,Pusat
O-B17-K1-X16x,O-B17-K1-X16x,Pusat
O-B17-K1-X17x,O-B17-K1-X17x,Pusat
O-B17-K1-X18x,O-B17-K1-X18x,Pusat
O-B17-K1-X19x,O-B17-K1-X19x,Pusat
O-B17-K1-X1x,O-B17-K1-X1x,Pusat
O-B17-K1-X20x,O-B17-K1-X20x,Pusat
O-B17-K1-X21x,O-B17-K1-X21x,Pusat
O-B17-K1-X22x,O-B17-K1-X22x,Pusat
O-B17-K1-X23x,O-B17-K1-X23x,Pusat
O-B17-K1-X24x,O-B17-K1-X24x,Pusat
O-B17-K1-X25x,O-B17-K1-X25x,Pusat
O-B17-K1-X26x,O-B17-K1-X26x,Pusat
O-B17-K1-X27x,O-B17-K1-X27x,Pusat
O-B17-K1-X28x,O-B17-K1-X28x,Pusat
O-B17-K1-X29x,O-B17-K1-X29x,Pusat
O-B17-K1-X2x,O-B17-K1-X2x,Pusat
O-B17-K1-X30x,O-B17-K1-X30x,Pusat
O-B17-K1-X3x,O-B17-K1-X3x,Pusat
O-B17-K1-X4x,O-B17-K1-X4x,Pusat
O-B17-K1-X5x,O-B17-K1-X5x,Pusat
O-B17-K1-X6x,O-B17-K1-X6x,Pusat
O-B17-K1-X7x,O-B17-K1-X7x,Pusat
O-B17-K1-X8x,O-B17-K1-X8x,Pusat
O-B17-K1-X9x,O-B17-K1-X9x,Pusat
O-B17-K2-X10x,O-B17-K2-X10x,Pusat
O-B17-K2-X11x,O-B17-K2-X11x,Pusat
O-B17-K2-X12x,O-B17-K2-X12x,Pusat
O-B17-K2-X13x,O-B17-K2-X13x,Pusat
O-B17-K2-X14x,O-B17-K2-X14x,Pusat
O-B17-K2-X15x,O-B17-K2-X15x,Pusat
O-B17-K2-X16x,O-B17-K2-X16x,Pusat
O-B17-K2-X17x,O-B17-K2-X17x,Pusat
O-B17-K2-X18x,O-B17-K2-X18x,Pusat
O-B17-K2-X19x,O-B17-K2-X19x,Pusat
O-B17-K2-X1x,O-B17-K2-X1x,Pusat
O-B17-K2-X20x,O-B17-K2-X20x,Pusat
O-B17-K2-X21x,O-B17-K2-X21x,Pusat
O-B17-K2-X22x,O-B17-K2-X22x,Pusat
O-B17-K2-X23x,O-B17-K2-X23x,Pusat
O-B17-K2-X24x,O-B17-K2-X24x,Pusat
O-B17-K2-X25x,O-B17-K2-X25x,Pusat
O-B17-K2-X26x,O-B17-K2-X26x,Pusat
O-B17-K2-X27x,O-B17-K2-X27x,Pusat
O-B17-K2-X28x,O-B17-K2-X28x,Pusat
O-B17-K2-X29x,O-B17-K2-X29x,Pusat
O-B17-K2-X2x,O-B17-K2-X2x,Pusat
O-B17-K2-X30x,O-B17-K2-X30x,Pusat
O-B17-K2-X3x,O-B17-K2-X3x,Pusat
O-B17-K2-X4x,O-B17-K2-X4x,Pusat
O-B17-K2-X5x,O-B17-K2-X5x,Pusat
O-B17-K2-X6x,O-B17-K2-X6x,Pusat
O-B17-K2-X7x,O-B17-K2-X7x,Pusat
O-B17-K2-X8x,O-B17-K2-X8x,Pusat
O-B17-K2-X9x,O-B17-K2-X9x,Pusat
O-B17-K3-X10x,O-B17-K3-X10x,Pusat
O-B17-K3-X11x,O-B17-K3-X11x,Pusat
O-B17-K3-X12x,O-B17-K3-X12x,Pusat
O-B17-K3-X13x,O-B17-K3-X13x,Pusat
O-B17-K3-X14x,O-B17-K3-X14x,Pusat
O-B17-K3-X15x,O-B17-K3-X15x,Pusat
O-B17-K3-X16x,O-B17-K3-X16x,Pusat
O-B17-K3-X17x,O-B17-K3-X17x,Pusat
O-B17-K3-X18x,O-B17-K3-X18x,Pusat
O-B17-K3-X19x,O-B17-K3-X19x,Pusat
O-B17-K3-X1x,O-B17-K3-X1x,Pusat
O-B17-K3-X20x,O-B17-K3-X20x,Pusat
O-B17-K3-X21x,O-B17-K3-X21x,Pusat
O-B17-K3-X22x,O-B17-K3-X22x,Pusat
O-B17-K3-X23x,O-B17-K3-X23x,Pusat
O-B17-K3-X24x,O-B17-K3-X24x,Pusat
O-B17-K3-X25x,O-B17-K3-X25x,Pusat
O-B17-K3-X26x,O-B17-K3-X26x,Pusat
O-B17-K3-X27x,O-B17-K3-X27x,Pusat
O-B17-K3-X28x,O-B17-K3-X28x,Pusat
O-B17-K3-X29x,O-B17-K3-X29x,Pusat
O-B17-K3-X2x,O-B17-K3-X2x,Pusat
O-B17-K3-X30x,O-B17-K3-X30x,Pusat
O-B17-K3-X3x,O-B17-K3-X3x,Pusat
O-B17-K3-X4x,O-B17-K3-X4x,Pusat
O-B17-K3-X5x,O-B17-K3-X5x,Pusat
O-B17-K3-X6x,O-B17-K3-X6x,Pusat
O-B17-K3-X7x,O-B17-K3-X7x,Pusat
O-B17-K3-X8x,O-B17-K3-X8x,Pusat
O-B17-K3-X9x,O-B17-K3-X9x,Pusat
O-B17-K4-X10x,O-B17-K4-X10x,Pusat
O-B17-K4-X11x,O-B17-K4-X11x,Pusat
O-B17-K4-X12x,O-B17-K4-X12x,Pusat
O-B17-K4-X13x,O-B17-K4-X13x,Pusat
O-B17-K4-X14x,O-B17-K4-X14x,Pusat
O-B17-K4-X15x,O-B17-K4-X15x,Pusat
O-B17-K4-X16x,O-B17-K4-X16x,Pusat
O-B17-K4-X17x,O-B17-K4-X17x,Pusat
O-B17-K4-X18x,O-B17-K4-X18x,Pusat
O-B17-K4-X19x,O-B17-K4-X19x,Pusat
O-B17-K4-X1x,O-B17-K4-X1x,Pusat
O-B17-K4-X20x,O-B17-K4-X20x,Pusat
O-B17-K4-X21x,O-B17-K4-X21x,Pusat
O-B17-K4-X22x,O-B17-K4-X22x,Pusat
O-B17-K4-X23x,O-B17-K4-X23x,Pusat
O-B17-K4-X24x,O-B17-K4-X24x,Pusat
O-B17-K4-X25x,O-B17-K4-X25x,Pusat
O-B17-K4-X26x,O-B17-K4-X26x,Pusat
O-B17-K4-X27x,O-B17-K4-X27x,Pusat
O-B17-K4-X28x,O-B17-K4-X28x,Pusat
O-B17-K4-X29x,O-B17-K4-X29x,Pusat
O-B17-K4-X2x,O-B17-K4-X2x,Pusat
O-B17-K4-X30x,O-B17-K4-X30x,Pusat
O-B17-K4-X3x,O-B17-K4-X3x,Pusat
O-B17-K4-X4x,O-B17-K4-X4x,Pusat
O-B17-K4-X5x,O-B17-K4-X5x,Pusat
O-B17-K4-X6x,O-B17-K4-X6x,Pusat
O-B17-K4-X7x,O-B17-K4-X7x,Pusat
O-B17-K4-X8x,O-B17-K4-X8x,Pusat
O-B17-K4-X9x,O-B17-K4-X9x,Pusat
O-B17-K5-X10x,O-B17-K5-X10x,Pusat
O-B17-K5-X11x,O-B17-K5-X11x,Pusat
O-B17-K5-X12x,O-B17-K5-X12x,Pusat
O-B17-K5-X13x,O-B17-K5-X13x,Pusat
O-B17-K5-X14x,O-B17-K5-X14x,Pusat
O-B17-K5-X15x,O-B17-K5-X15x,Pusat
O-B17-K5-X16x,O-B17-K5-X16x,Pusat
O-B17-K5-X17x,O-B17-K5-X17x,Pusat
O-B17-K5-X18x,O-B17-K5-X18x,Pusat
O-B17-K5-X19x,O-B17-K5-X19x,Pusat
O-B17-K5-X1x,O-B17-K5-X1x,Pusat
O-B17-K5-X20x,O-B17-K5-X20x,Pusat
O-B17-K5-X21x,O-B17-K5-X21x,Pusat
O-B17-K5-X22x,O-B17-K5-X22x,Pusat
O-B17-K5-X23x,O-B17-K5-X23x,Pusat
O-B17-K5-X24x,O-B17-K5-X24x,Pusat
O-B17-K5-X25x,O-B17-K5-X25x,Pusat
O-B17-K5-X26x,O-B17-K5-X26x,Pusat
O-B17-K5-X27x,O-B17-K5-X27x,Pusat
O-B17-K5-X28x,O-B17-K5-X28x,Pusat
O-B17-K5-X29x,O-B17-K5-X29x,Pusat
O-B17-K5-X2x,O-B17-K5-X2x,Pusat
O-B17-K5-X30x,O-B17-K5-X30x,Pusat
O-B17-K5-X3x,O-B17-K5-X3x,Pusat
O-B17-K5-X4x,O-B17-K5-X4x,Pusat
O-B17-K5-X5x,O-B17-K5-X5x,Pusat
O-B17-K5-X6x,O-B17-K5-X6x,Pusat
O-B17-K5-X7x,O-B17-K5-X7x,Pusat
O-B17-K5-X8x,O-B17-K5-X8x,Pusat
O-B17-K5-X9x,O-B17-K5-X9x,Pusat
O-B17-K6-X10x,O-B17-K6-X10x,Pusat
O-B17-K6-X11x,O-B17-K6-X11x,Pusat
O-B17-K6-X12x,O-B17-K6-X12x,Pusat
O-B17-K6-X13x,O-B17-K6-X13x,Pusat
O-B17-K6-X14x,O-B17-K6-X14x,Pusat
O-B17-K6-X15x,O-B17-K6-X15x,Pusat
O-B17-K6-X16x,O-B17-K6-X16x,Pusat
O-B17-K6-X17x,O-B17-K6-X17x,Pusat
O-B17-K6-X18x,O-B17-K6-X18x,Pusat
O-B17-K6-X19x,O-B17-K6-X19x,Pusat
O-B17-K6-X1x,O-B17-K6-X1x,Pusat
O-B17-K6-X20x,O-B17-K6-X20x,Pusat
O-B17-K6-X21x,O-B17-K6-X21x,Pusat
O-B17-K6-X22x,O-B17-K6-X22x,Pusat
O-B17-K6-X23x,O-B17-K6-X23x,Pusat
O-B17-K6-X24x,O-B17-K6-X24x,Pusat
O-B17-K6-X25x,O-B17-K6-X25x,Pusat
O-B17-K6-X26x,O-B17-K6-X26x,Pusat
O-B17-K6-X27x,O-B17-K6-X27x,Pusat
O-B17-K6-X28x,O-B17-K6-X28x,Pusat
O-B17-K6-X29x,O-B17-K6-X29x,Pusat
O-B17-K6-X2x,O-B17-K6-X2x,Pusat
O-B17-K6-X30x,O-B17-K6-X30x,Pusat
O-B17-K6-X3x,O-B17-K6-X3x,Pusat
O-B17-K6-X4x,O-B17-K6-X4x,Pusat
O-B17-K6-X5x,O-B17-K6-X5x,Pusat
O-B17-K6-X6x,O-B17-K6-X6x,Pusat
O-B17-K6-X7x,O-B17-K6-X7x,Pusat
O-B17-K6-X8x,O-B17-K6-X8x,Pusat
O-B17-K6-X9x,O-B17-K6-X9x,Pusat
O-B17-K7-X10x,O-B17-K7-X10x,Pusat
O-B17-K7-X11x,O-B17-K7-X11x,Pusat
O-B17-K7-X12x,O-B17-K7-X12x,Pusat
O-B17-K7-X13x,O-B17-K7-X13x,Pusat
O-B17-K7-X14x,O-B17-K7-X14x,Pusat
O-B17-K7-X15x,O-B17-K7-X15x,Pusat
O-B17-K7-X16x,O-B17-K7-X16x,Pusat
O-B17-K7-X17x,O-B17-K7-X17x,Pusat
O-B17-K7-X18x,O-B17-K7-X18x,Pusat
O-B17-K7-X19x,O-B17-K7-X19x,Pusat
O-B17-K7-X1x,O-B17-K7-X1x,Pusat
O-B17-K7-X20x,O-B17-K7-X20x,Pusat
O-B17-K7-X21x,O-B17-K7-X21x,Pusat
O-B17-K7-X22x,O-B17-K7-X22x,Pusat
O-B17-K7-X23x,O-B17-K7-X23x,Pusat
O-B17-K7-X24x,O-B17-K7-X24x,Pusat
O-B17-K7-X25x,O-B17-K7-X25x,Pusat
O-B17-K7-X26x,O-B17-K7-X26x,Pusat
O-B17-K7-X27x,O-B17-K7-X27x,Pusat
O-B17-K7-X28x,O-B17-K7-X28x,Pusat
O-B17-K7-X29x,O-B17-K7-X29x,Pusat
O-B17-K7-X2x,O-B17-K7-X2x,Pusat
O-B17-K7-X30x,O-B17-K7-X30x,Pusat
O-B17-K7-X3x,O-B17-K7-X3x,Pusat
O-B17-K7-X4x,O-B17-K7-X4x,Pusat
O-B17-K7-X5x,O-B17-K7-X5x,Pusat
O-B17-K7-X6x,O-B17-K7-X6x,Pusat
O-B17-K7-X7x,O-B17-K7-X7x,Pusat
O-B17-K7-X8x,O-B17-K7-X8x,Pusat
O-B17-K7-X9x,O-B17-K7-X9x,Pusat
O-B18-K1-X10x,O-B18-K1-X10x,Pusat
O-B18-K1-X11x,O-B18-K1-X11x,Pusat
O-B18-K1-X12x,O-B18-K1-X12x,Pusat
O-B18-K1-X13x,O-B18-K1-X13x,Pusat
O-B18-K1-X14x,O-B18-K1-X14x,Pusat
O-B18-K1-X15x,O-B18-K1-X15x,Pusat
O-B18-K1-X16x,O-B18-K1-X16x,Pusat
O-B18-K1-X17x,O-B18-K1-X17x,Pusat
O-B18-K1-X18x,O-B18-K1-X18x,Pusat
O-B18-K1-X19x,O-B18-K1-X19x,Pusat
O-B18-K1-X1x,O-B18-K1-X1x,Pusat
O-B18-K1-X20x,O-B18-K1-X20x,Pusat
O-B18-K1-X21x,O-B18-K1-X21x,Pusat
O-B18-K1-X22x,O-B18-K1-X22x,Pusat
O-B18-K1-X23x,O-B18-K1-X23x,Pusat
O-B18-K1-X24x,O-B18-K1-X24x,Pusat
O-B18-K1-X25x,O-B18-K1-X25x,Pusat
O-B18-K1-X26x,O-B18-K1-X26x,Pusat
O-B18-K1-X27x,O-B18-K1-X27x,Pusat
O-B18-K1-X28x,O-B18-K1-X28x,Pusat
O-B18-K1-X29x,O-B18-K1-X29x,Pusat
O-B18-K1-X2x,O-B18-K1-X2x,Pusat
O-B18-K1-X30x,O-B18-K1-X30x,Pusat
O-B18-K1-X3x,O-B18-K1-X3x,Pusat
O-B18-K1-X4x,O-B18-K1-X4x,Pusat
O-B18-K1-X5x,O-B18-K1-X5x,Pusat
O-B18-K1-X6x,O-B18-K1-X6x,Pusat
O-B18-K1-X7x,O-B18-K1-X7x,Pusat
O-B18-K1-X8x,O-B18-K1-X8x,Pusat
O-B18-K1-X9x,O-B18-K1-X9x,Pusat
O-B18-K2-X10x,O-B18-K2-X10x,Pusat
O-B18-K2-X11x,O-B18-K2-X11x,Pusat
O-B18-K2-X12x,O-B18-K2-X12x,Pusat
O-B18-K2-X13x,O-B18-K2-X13x,Pusat
O-B18-K2-X14x,O-B18-K2-X14x,Pusat
O-B18-K2-X15x,O-B18-K2-X15x,Pusat
O-B18-K2-X16x,O-B18-K2-X16x,Pusat
O-B18-K2-X17x,O-B18-K2-X17x,Pusat
O-B18-K2-X18x,O-B18-K2-X18x,Pusat
O-B18-K2-X19x,O-B18-K2-X19x,Pusat
O-B18-K2-X1x,O-B18-K2-X1x,Pusat
O-B18-K2-X20x,O-B18-K2-X20x,Pusat
O-B18-K2-X21x,O-B18-K2-X21x,Pusat
O-B18-K2-X22x,O-B18-K2-X22x,Pusat
O-B18-K2-X23x,O-B18-K2-X23x,Pusat
O-B18-K2-X24x,O-B18-K2-X24x,Pusat
O-B18-K2-X25x,O-B18-K2-X25x,Pusat
O-B18-K2-X26x,O-B18-K2-X26x,Pusat
O-B18-K2-X27x,O-B18-K2-X27x,Pusat
O-B18-K2-X28x,O-B18-K2-X28x,Pusat
O-B18-K2-X29x,O-B18-K2-X29x,Pusat
O-B18-K2-X2x,O-B18-K2-X2x,Pusat
O-B18-K2-X30x,O-B18-K2-X30x,Pusat
O-B18-K2-X3x,O-B18-K2-X3x,Pusat
O-B18-K2-X4x,O-B18-K2-X4x,Pusat
O-B18-K2-X5x,O-B18-K2-X5x,Pusat
O-B18-K2-X6x,O-B18-K2-X6x,Pusat
O-B18-K2-X7x,O-B18-K2-X7x,Pusat
O-B18-K2-X8x,O-B18-K2-X8x,Pusat
O-B18-K2-X9x,O-B18-K2-X9x,Pusat
O-B18-K3-X10x,O-B18-K3-X10x,Pusat
O-B18-K3-X11x,O-B18-K3-X11x,Pusat
O-B18-K3-X12x,O-B18-K3-X12x,Pusat
O-B18-K3-X13x,O-B18-K3-X13x,Pusat
O-B18-K3-X14x,O-B18-K3-X14x,Pusat
O-B18-K3-X15x,O-B18-K3-X15x,Pusat
O-B18-K3-X16x,O-B18-K3-X16x,Pusat
O-B18-K3-X17x,O-B18-K3-X17x,Pusat
O-B18-K3-X18x,O-B18-K3-X18x,Pusat
O-B18-K3-X19x,O-B18-K3-X19x,Pusat
O-B18-K3-X1x,O-B18-K3-X1x,Pusat
O-B18-K3-X20x,O-B18-K3-X20x,Pusat
O-B18-K3-X21x,O-B18-K3-X21x,Pusat
O-B18-K3-X22x,O-B18-K3-X22x,Pusat
O-B18-K3-X23x,O-B18-K3-X23x,Pusat
O-B18-K3-X24x,O-B18-K3-X24x,Pusat
O-B18-K3-X25x,O-B18-K3-X25x,Pusat
O-B18-K3-X26x,O-B18-K3-X26x,Pusat
O-B18-K3-X27x,O-B18-K3-X27x,Pusat
O-B18-K3-X28x,O-B18-K3-X28x,Pusat
O-B18-K3-X29x,O-B18-K3-X29x,Pusat
O-B18-K3-X2x,O-B18-K3-X2x,Pusat
O-B18-K3-X30x,O-B18-K3-X30x,Pusat
O-B18-K3-X3x,O-B18-K3-X3x,Pusat
O-B18-K3-X4x,O-B18-K3-X4x,Pusat
O-B18-K3-X5x,O-B18-K3-X5x,Pusat
O-B18-K3-X6x,O-B18-K3-X6x,Pusat
O-B18-K3-X7x,O-B18-K3-X7x,Pusat
O-B18-K3-X8x,O-B18-K3-X8x,Pusat
O-B18-K3-X9x,O-B18-K3-X9x,Pusat
O-B18-K4-X10x,O-B18-K4-X10x,Pusat
O-B18-K4-X11x,O-B18-K4-X11x,Pusat
O-B18-K4-X12x,O-B18-K4-X12x,Pusat
O-B18-K4-X13x,O-B18-K4-X13x,Pusat
O-B18-K4-X14x,O-B18-K4-X14x,Pusat
O-B18-K4-X15x,O-B18-K4-X15x,Pusat
O-B18-K4-X16x,O-B18-K4-X16x,Pusat
O-B18-K4-X17x,O-B18-K4-X17x,Pusat
O-B18-K4-X18x,O-B18-K4-X18x,Pusat
O-B18-K4-X19x,O-B18-K4-X19x,Pusat
O-B18-K4-X1x,O-B18-K4-X1x,Pusat
O-B18-K4-X20x,O-B18-K4-X20x,Pusat
O-B18-K4-X21x,O-B18-K4-X21x,Pusat
O-B18-K4-X22x,O-B18-K4-X22x,Pusat
O-B18-K4-X23x,O-B18-K4-X23x,Pusat
O-B18-K4-X24x,O-B18-K4-X24x,Pusat
O-B18-K4-X25x,O-B18-K4-X25x,Pusat
O-B18-K4-X26x,O-B18-K4-X26x,Pusat
O-B18-K4-X27x,O-B18-K4-X27x,Pusat
O-B18-K4-X28x,O-B18-K4-X28x,Pusat
O-B18-K4-X29x,O-B18-K4-X29x,Pusat
O-B18-K4-X2x,O-B18-K4-X2x,Pusat
O-B18-K4-X30x,O-B18-K4-X30x,Pusat
O-B18-K4-X3x,O-B18-K4-X3x,Pusat
O-B18-K4-X4x,O-B18-K4-X4x,Pusat
O-B18-K4-X5x,O-B18-K4-X5x,Pusat
O-B18-K4-X6x,O-B18-K4-X6x,Pusat
O-B18-K4-X7x,O-B18-K4-X7x,Pusat
O-B18-K4-X8x,O-B18-K4-X8x,Pusat
O-B18-K4-X9x,O-B18-K4-X9x,Pusat
O-B18-K5-X10x,O-B18-K5-X10x,Pusat
O-B18-K5-X11x,O-B18-K5-X11x,Pusat
O-B18-K5-X12x,O-B18-K5-X12x,Pusat
O-B18-K5-X13x,O-B18-K5-X13x,Pusat
O-B18-K5-X14x,O-B18-K5-X14x,Pusat
O-B18-K5-X15x,O-B18-K5-X15x,Pusat
O-B18-K5-X16x,O-B18-K5-X16x,Pusat
O-B18-K5-X17x,O-B18-K5-X17x,Pusat
O-B18-K5-X18x,O-B18-K5-X18x,Pusat
O-B18-K5-X19x,O-B18-K5-X19x,Pusat
O-B18-K5-X1x,O-B18-K5-X1x,Pusat
O-B18-K5-X20x,O-B18-K5-X20x,Pusat
O-B18-K5-X21x,O-B18-K5-X21x,Pusat
O-B18-K5-X22x,O-B18-K5-X22x,Pusat
O-B18-K5-X23x,O-B18-K5-X23x,Pusat
O-B18-K5-X24x,O-B18-K5-X24x,Pusat
O-B18-K5-X25x,O-B18-K5-X25x,Pusat
O-B18-K5-X26x,O-B18-K5-X26x,Pusat
O-B18-K5-X27x,O-B18-K5-X27x,Pusat
O-B18-K5-X28x,O-B18-K5-X28x,Pusat
O-B18-K5-X29x,O-B18-K5-X29x,Pusat
O-B18-K5-X2x,O-B18-K5-X2x,Pusat
O-B18-K5-X30x,O-B18-K5-X30x,Pusat
O-B18-K5-X3x,O-B18-K5-X3x,Pusat
O-B18-K5-X4x,O-B18-K5-X4x,Pusat
O-B18-K5-X5x,O-B18-K5-X5x,Pusat
O-B18-K5-X6x,O-B18-K5-X6x,Pusat
O-B18-K5-X7x,O-B18-K5-X7x,Pusat
O-B18-K5-X8x,O-B18-K5-X8x,Pusat
O-B18-K5-X9x,O-B18-K5-X9x,Pusat
O-B18-K6-X10x,O-B18-K6-X10x,Pusat
O-B18-K6-X11x,O-B18-K6-X11x,Pusat
O-B18-K6-X12x,O-B18-K6-X12x,Pusat
O-B18-K6-X13x,O-B18-K6-X13x,Pusat
O-B18-K6-X14x,O-B18-K6-X14x,Pusat
O-B18-K6-X15x,O-B18-K6-X15x,Pusat
O-B18-K6-X16x,O-B18-K6-X16x,Pusat
O-B18-K6-X17x,O-B18-K6-X17x,Pusat
O-B18-K6-X18x,O-B18-K6-X18x,Pusat
O-B18-K6-X19x,O-B18-K6-X19x,Pusat
O-B18-K6-X1x,O-B18-K6-X1x,Pusat
O-B18-K6-X20x,O-B18-K6-X20x,Pusat
O-B18-K6-X21x,O-B18-K6-X21x,Pusat
O-B18-K6-X22x,O-B18-K6-X22x,Pusat
O-B18-K6-X23x,O-B18-K6-X23x,Pusat
O-B18-K6-X24x,O-B18-K6-X24x,Pusat
O-B18-K6-X25x,O-B18-K6-X25x,Pusat
O-B18-K6-X26x,O-B18-K6-X26x,Pusat
O-B18-K6-X27x,O-B18-K6-X27x,Pusat
O-B18-K6-X28x,O-B18-K6-X28x,Pusat
O-B18-K6-X29x,O-B18-K6-X29x,Pusat
O-B18-K6-X2x,O-B18-K6-X2x,Pusat
O-B18-K6-X30x,O-B18-K6-X30x,Pusat
O-B18-K6-X3x,O-B18-K6-X3x,Pusat
O-B18-K6-X4x,O-B18-K6-X4x,Pusat
O-B18-K6-X5x,O-B18-K6-X5x,Pusat
O-B18-K6-X6x,O-B18-K6-X6x,Pusat
O-B18-K6-X7x,O-B18-K6-X7x,Pusat
O-B18-K6-X8x,O-B18-K6-X8x,Pusat
O-B18-K6-X9x,O-B18-K6-X9x,Pusat
O-B18-K7-X10x,O-B18-K7-X10x,Pusat
O-B18-K7-X11x,O-B18-K7-X11x,Pusat
O-B18-K7-X12x,O-B18-K7-X12x,Pusat
O-B18-K7-X13x,O-B18-K7-X13x,Pusat
O-B18-K7-X14x,O-B18-K7-X14x,Pusat
O-B18-K7-X15x,O-B18-K7-X15x,Pusat
O-B18-K7-X16x,O-B18-K7-X16x,Pusat
O-B18-K7-X17x,O-B18-K7-X17x,Pusat
O-B18-K7-X18x,O-B18-K7-X18x,Pusat
O-B18-K7-X19x,O-B18-K7-X19x,Pusat
O-B18-K7-X1x,O-B18-K7-X1x,Pusat
O-B18-K7-X20x,O-B18-K7-X20x,Pusat
O-B18-K7-X21x,O-B18-K7-X21x,Pusat
O-B18-K7-X22x,O-B18-K7-X22x,Pusat
O-B18-K7-X23x,O-B18-K7-X23x,Pusat
O-B18-K7-X24x,O-B18-K7-X24x,Pusat
O-B18-K7-X25x,O-B18-K7-X25x,Pusat
O-B18-K7-X26x,O-B18-K7-X26x,Pusat
O-B18-K7-X27x,O-B18-K7-X27x,Pusat
O-B18-K7-X28x,O-B18-K7-X28x,Pusat
O-B18-K7-X29x,O-B18-K7-X29x,Pusat
O-B18-K7-X2x,O-B18-K7-X2x,Pusat
O-B18-K7-X30x,O-B18-K7-X30x,Pusat
O-B18-K7-X3x,O-B18-K7-X3x,Pusat
O-B18-K7-X4x,O-B18-K7-X4x,Pusat
O-B18-K7-X5x,O-B18-K7-X5x,Pusat
O-B18-K7-X6x,O-B18-K7-X6x,Pusat
O-B18-K7-X7x,O-B18-K7-X7x,Pusat
O-B18-K7-X8x,O-B18-K7-X8x,Pusat
O-B18-K7-X9x,O-B18-K7-X9x,Pusat
O-B2-K1-X10x,O-B2-K1-X10x,Pusat
O-B2-K1-X11x,O-B2-K1-X11x,Pusat
O-B2-K1-X12x,O-B2-K1-X12x,Pusat
O-B2-K1-X13x,O-B2-K1-X13x,Pusat
O-B2-K1-X14x,O-B2-K1-X14x,Pusat
O-B2-K1-X15x,O-B2-K1-X15x,Pusat
O-B2-K1-X16x,O-B2-K1-X16x,Pusat
O-B2-K1-X17x,O-B2-K1-X17x,Pusat
O-B2-K1-X18x,O-B2-K1-X18x,Pusat
O-B2-K1-X19x,O-B2-K1-X19x,Pusat
O-B2-K1-X1x,O-B2-K1-X1x,Pusat
O-B2-K1-X20x,O-B2-K1-X20x,Pusat
O-B2-K1-X21x,O-B2-K1-X21x,Pusat
O-B2-K1-X22x,O-B2-K1-X22x,Pusat
O-B2-K1-X23x,O-B2-K1-X23x,Pusat
O-B2-K1-X24x,O-B2-K1-X24x,Pusat
O-B2-K1-X25x,O-B2-K1-X25x,Pusat
O-B2-K1-X26x,O-B2-K1-X26x,Pusat
O-B2-K1-X27x,O-B2-K1-X27x,Pusat
O-B2-K1-X28x,O-B2-K1-X28x,Pusat
O-B2-K1-X29x,O-B2-K1-X29x,Pusat
O-B2-K1-X2x,O-B2-K1-X2x,Pusat
O-B2-K1-X30x,O-B2-K1-X30x,Pusat
O-B2-K1-X3x,O-B2-K1-X3x,Pusat
O-B2-K1-X4x,O-B2-K1-X4x,Pusat
O-B2-K1-X5x,O-B2-K1-X5x,Pusat
O-B2-K1-X6x,O-B2-K1-X6x,Pusat
O-B2-K1-X7x,O-B2-K1-X7x,Pusat
O-B2-K1-X8x,O-B2-K1-X8x,Pusat
O-B2-K1-X9x,O-B2-K1-X9x,Pusat
O-B2-K2-X10x,O-B2-K2-X10x,Pusat
O-B2-K2-X11x,O-B2-K2-X11x,Pusat
O-B2-K2-X12x,O-B2-K2-X12x,Pusat
O-B2-K2-X13x,O-B2-K2-X13x,Pusat
O-B2-K2-X14x,O-B2-K2-X14x,Pusat
O-B2-K2-X15x,O-B2-K2-X15x,Pusat
O-B2-K2-X16x,O-B2-K2-X16x,Pusat
O-B2-K2-X17x,O-B2-K2-X17x,Pusat
O-B2-K2-X18x,O-B2-K2-X18x,Pusat
O-B2-K2-X19x,O-B2-K2-X19x,Pusat
O-B2-K2-X1x,O-B2-K2-X1x,Pusat
O-B2-K2-X20x,O-B2-K2-X20x,Pusat
O-B2-K2-X21x,O-B2-K2-X21x,Pusat
O-B2-K2-X22x,O-B2-K2-X22x,Pusat
O-B2-K2-X23x,O-B2-K2-X23x,Pusat
O-B2-K2-X24x,O-B2-K2-X24x,Pusat
O-B2-K2-X25x,O-B2-K2-X25x,Pusat
O-B2-K2-X26x,O-B2-K2-X26x,Pusat
O-B2-K2-X27x,O-B2-K2-X27x,Pusat
O-B2-K2-X28x,O-B2-K2-X28x,Pusat
O-B2-K2-X29x,O-B2-K2-X29x,Pusat
O-B2-K2-X2x,O-B2-K2-X2x,Pusat
O-B2-K2-X30x,O-B2-K2-X30x,Pusat
O-B2-K2-X3x,O-B2-K2-X3x,Pusat
O-B2-K2-X4x,O-B2-K2-X4x,Pusat
O-B2-K2-X5x,O-B2-K2-X5x,Pusat
O-B2-K2-X6x,O-B2-K2-X6x,Pusat
O-B2-K2-X7x,O-B2-K2-X7x,Pusat
O-B2-K2-X8x,O-B2-K2-X8x,Pusat
O-B2-K2-X9x,O-B2-K2-X9x,Pusat
O-B2-K3-X10x,O-B2-K3-X10x,Pusat
O-B2-K3-X11x,O-B2-K3-X11x,Pusat
O-B2-K3-X12x,O-B2-K3-X12x,Pusat
O-B2-K3-X13x,O-B2-K3-X13x,Pusat
O-B2-K3-X14x,O-B2-K3-X14x,Pusat
O-B2-K3-X15x,O-B2-K3-X15x,Pusat
O-B2-K3-X16x,O-B2-K3-X16x,Pusat
O-B2-K3-X17x,O-B2-K3-X17x,Pusat
O-B2-K3-X18x,O-B2-K3-X18x,Pusat
O-B2-K3-X19x,O-B2-K3-X19x,Pusat
O-B2-K3-X1x,O-B2-K3-X1x,Pusat
O-B2-K3-X20x,O-B2-K3-X20x,Pusat
O-B2-K3-X21x,O-B2-K3-X21x,Pusat
O-B2-K3-X22x,O-B2-K3-X22x,Pusat
O-B2-K3-X23x,O-B2-K3-X23x,Pusat
O-B2-K3-X24x,O-B2-K3-X24x,Pusat
O-B2-K3-X25x,O-B2-K3-X25x,Pusat
O-B2-K3-X26x,O-B2-K3-X26x,Pusat
O-B2-K3-X27x,O-B2-K3-X27x,Pusat
O-B2-K3-X28x,O-B2-K3-X28x,Pusat
O-B2-K3-X29x,O-B2-K3-X29x,Pusat
O-B2-K3-X2x,O-B2-K3-X2x,Pusat
O-B2-K3-X30x,O-B2-K3-X30x,Pusat
O-B2-K3-X3x,O-B2-K3-X3x,Pusat
O-B2-K3-X4x,O-B2-K3-X4x,Pusat
O-B2-K3-X5x,O-B2-K3-X5x,Pusat
O-B2-K3-X6x,O-B2-K3-X6x,Pusat
O-B2-K3-X7x,O-B2-K3-X7x,Pusat
O-B2-K3-X8x,O-B2-K3-X8x,Pusat
O-B2-K3-X9x,O-B2-K3-X9x,Pusat
O-B2-K4-X10x,O-B2-K4-X10x,Pusat
O-B2-K4-X11x,O-B2-K4-X11x,Pusat
O-B2-K4-X12x,O-B2-K4-X12x,Pusat
O-B2-K4-X13x,O-B2-K4-X13x,Pusat
O-B2-K4-X14x,O-B2-K4-X14x,Pusat
O-B2-K4-X15x,O-B2-K4-X15x,Pusat
O-B2-K4-X16x,O-B2-K4-X16x,Pusat
O-B2-K4-X17x,O-B2-K4-X17x,Pusat
O-B2-K4-X18x,O-B2-K4-X18x,Pusat
O-B2-K4-X19x,O-B2-K4-X19x,Pusat
O-B2-K4-X1x,O-B2-K4-X1x,Pusat
O-B2-K4-X20x,O-B2-K4-X20x,Pusat
O-B2-K4-X21x,O-B2-K4-X21x,Pusat
O-B2-K4-X22x,O-B2-K4-X22x,Pusat
O-B2-K4-X23x,O-B2-K4-X23x,Pusat
O-B2-K4-X24x,O-B2-K4-X24x,Pusat
O-B2-K4-X25x,O-B2-K4-X25x,Pusat
O-B2-K4-X26x,O-B2-K4-X26x,Pusat
O-B2-K4-X27x,O-B2-K4-X27x,Pusat
O-B2-K4-X28x,O-B2-K4-X28x,Pusat
O-B2-K4-X29x,O-B2-K4-X29x,Pusat
O-B2-K4-X2x,O-B2-K4-X2x,Pusat
O-B2-K4-X30x,O-B2-K4-X30x,Pusat
O-B2-K4-X3x,O-B2-K4-X3x,Pusat
O-B2-K4-X4x,O-B2-K4-X4x,Pusat
O-B2-K4-X5x,O-B2-K4-X5x,Pusat
O-B2-K4-X6x,O-B2-K4-X6x,Pusat
O-B2-K4-X7x,O-B2-K4-X7x,Pusat
O-B2-K4-X8x,O-B2-K4-X8x,Pusat
O-B2-K4-X9x,O-B2-K4-X9x,Pusat
O-B2-K5-X10x,O-B2-K5-X10x,Pusat
O-B2-K5-X11x,O-B2-K5-X11x,Pusat
O-B2-K5-X12x,O-B2-K5-X12x,Pusat
O-B2-K5-X13x,O-B2-K5-X13x,Pusat
O-B2-K5-X14x,O-B2-K5-X14x,Pusat
O-B2-K5-X15x,O-B2-K5-X15x,Pusat
O-B2-K5-X16x,O-B2-K5-X16x,Pusat
O-B2-K5-X17x,O-B2-K5-X17x,Pusat
O-B2-K5-X18x,O-B2-K5-X18x,Pusat
O-B2-K5-X19x,O-B2-K5-X19x,Pusat
O-B2-K5-X1x,O-B2-K5-X1x,Pusat
O-B2-K5-X20x,O-B2-K5-X20x,Pusat
O-B2-K5-X21x,O-B2-K5-X21x,Pusat
O-B2-K5-X22x,O-B2-K5-X22x,Pusat
O-B2-K5-X23x,O-B2-K5-X23x,Pusat
O-B2-K5-X24x,O-B2-K5-X24x,Pusat
O-B2-K5-X25x,O-B2-K5-X25x,Pusat
O-B2-K5-X26x,O-B2-K5-X26x,Pusat
O-B2-K5-X27x,O-B2-K5-X27x,Pusat
O-B2-K5-X28x,O-B2-K5-X28x,Pusat
O-B2-K5-X29x,O-B2-K5-X29x,Pusat
O-B2-K5-X2x,O-B2-K5-X2x,Pusat
O-B2-K5-X30x,O-B2-K5-X30x,Pusat
O-B2-K5-X3x,O-B2-K5-X3x,Pusat
O-B2-K5-X4x,O-B2-K5-X4x,Pusat
O-B2-K5-X5x,O-B2-K5-X5x,Pusat
O-B2-K5-X6x,O-B2-K5-X6x,Pusat
O-B2-K5-X7x,O-B2-K5-X7x,Pusat
O-B2-K5-X8x,O-B2-K5-X8x,Pusat
O-B2-K5-X9x,O-B2-K5-X9x,Pusat
O-B2-K6-X10x,O-B2-K6-X10x,Pusat
O-B2-K6-X11x,O-B2-K6-X11x,Pusat
O-B2-K6-X12x,O-B2-K6-X12x,Pusat
O-B2-K6-X13x,O-B2-K6-X13x,Pusat
O-B2-K6-X14x,O-B2-K6-X14x,Pusat
O-B2-K6-X15x,O-B2-K6-X15x,Pusat
O-B2-K6-X16x,O-B2-K6-X16x,Pusat
O-B2-K6-X17x,O-B2-K6-X17x,Pusat
O-B2-K6-X18x,O-B2-K6-X18x,Pusat
O-B2-K6-X19x,O-B2-K6-X19x,Pusat
O-B2-K6-X1x,O-B2-K6-X1x,Pusat
O-B2-K6-X20x,O-B2-K6-X20x,Pusat
O-B2-K6-X21x,O-B2-K6-X21x,Pusat
O-B2-K6-X22x,O-B2-K6-X22x,Pusat
O-B2-K6-X23x,O-B2-K6-X23x,Pusat
O-B2-K6-X24x,O-B2-K6-X24x,Pusat
O-B2-K6-X25x,O-B2-K6-X25x,Pusat
O-B2-K6-X26x,O-B2-K6-X26x,Pusat
O-B2-K6-X27x,O-B2-K6-X27x,Pusat
O-B2-K6-X28x,O-B2-K6-X28x,Pusat
O-B2-K6-X29x,O-B2-K6-X29x,Pusat
O-B2-K6-X2x,O-B2-K6-X2x,Pusat
O-B2-K6-X30x,O-B2-K6-X30x,Pusat
O-B2-K6-X3x,O-B2-K6-X3x,Pusat
O-B2-K6-X4x,O-B2-K6-X4x,Pusat
O-B2-K6-X5x,O-B2-K6-X5x,Pusat
O-B2-K6-X6x,O-B2-K6-X6x,Pusat
O-B2-K6-X7x,O-B2-K6-X7x,Pusat
O-B2-K6-X8x,O-B2-K6-X8x,Pusat
O-B2-K6-X9x,O-B2-K6-X9x,Pusat
O-B2-K7-X10x,O-B2-K7-X10x,Pusat
O-B2-K7-X11x,O-B2-K7-X11x,Pusat
O-B2-K7-X12x,O-B2-K7-X12x,Pusat
O-B2-K7-X13x,O-B2-K7-X13x,Pusat
O-B2-K7-X14x,O-B2-K7-X14x,Pusat
O-B2-K7-X15x,O-B2-K7-X15x,Pusat
O-B2-K7-X16x,O-B2-K7-X16x,Pusat
O-B2-K7-X17x,O-B2-K7-X17x,Pusat
O-B2-K7-X18x,O-B2-K7-X18x,Pusat
O-B2-K7-X19x,O-B2-K7-X19x,Pusat
O-B2-K7-X1x,O-B2-K7-X1x,Pusat
O-B2-K7-X20x,O-B2-K7-X20x,Pusat
O-B2-K7-X21x,O-B2-K7-X21x,Pusat
O-B2-K7-X22x,O-B2-K7-X22x,Pusat
O-B2-K7-X23x,O-B2-K7-X23x,Pusat
O-B2-K7-X24x,O-B2-K7-X24x,Pusat
O-B2-K7-X25x,O-B2-K7-X25x,Pusat
O-B2-K7-X26x,O-B2-K7-X26x,Pusat
O-B2-K7-X27x,O-B2-K7-X27x,Pusat
O-B2-K7-X28x,O-B2-K7-X28x,Pusat
O-B2-K7-X29x,O-B2-K7-X29x,Pusat
O-B2-K7-X2x,O-B2-K7-X2x,Pusat
O-B2-K7-X30x,O-B2-K7-X30x,Pusat
O-B2-K7-X3x,O-B2-K7-X3x,Pusat
O-B2-K7-X4x,O-B2-K7-X4x,Pusat
O-B2-K7-X5x,O-B2-K7-X5x,Pusat
O-B2-K7-X6x,O-B2-K7-X6x,Pusat
O-B2-K7-X7x,O-B2-K7-X7x,Pusat
O-B2-K7-X8x,O-B2-K7-X8x,Pusat
O-B2-K7-X9x,O-B2-K7-X9x,Pusat
O-B3-K1-X10x,O-B3-K1-X10x,Pusat
O-B3-K1-X11x,O-B3-K1-X11x,Pusat
O-B3-K1-X12x,O-B3-K1-X12x,Pusat
O-B3-K1-X13x,O-B3-K1-X13x,Pusat
O-B3-K1-X14x,O-B3-K1-X14x,Pusat
O-B3-K1-X15x,O-B3-K1-X15x,Pusat
O-B3-K1-X16x,O-B3-K1-X16x,Pusat
O-B3-K1-X17x,O-B3-K1-X17x,Pusat
O-B3-K1-X18x,O-B3-K1-X18x,Pusat
O-B3-K1-X19x,O-B3-K1-X19x,Pusat
O-B3-K1-X1x,O-B3-K1-X1x,Pusat
O-B3-K1-X20x,O-B3-K1-X20x,Pusat
O-B3-K1-X21x,O-B3-K1-X21x,Pusat
O-B3-K1-X22x,O-B3-K1-X22x,Pusat
O-B3-K1-X23x,O-B3-K1-X23x,Pusat
O-B3-K1-X24x,O-B3-K1-X24x,Pusat
O-B3-K1-X25x,O-B3-K1-X25x,Pusat
O-B3-K1-X26x,O-B3-K1-X26x,Pusat
O-B3-K1-X27x,O-B3-K1-X27x,Pusat
O-B3-K1-X28x,O-B3-K1-X28x,Pusat
O-B3-K1-X29x,O-B3-K1-X29x,Pusat
O-B3-K1-X2x,O-B3-K1-X2x,Pusat
O-B3-K1-X30x,O-B3-K1-X30x,Pusat
O-B3-K1-X3x,O-B3-K1-X3x,Pusat
O-B3-K1-X4x,O-B3-K1-X4x,Pusat
O-B3-K1-X5x,O-B3-K1-X5x,Pusat
O-B3-K1-X6x,O-B3-K1-X6x,Pusat
O-B3-K1-X7x,O-B3-K1-X7x,Pusat
O-B3-K1-X8x,O-B3-K1-X8x,Pusat
O-B3-K1-X9x,O-B3-K1-X9x,Pusat
O-B3-K2-X10x,O-B3-K2-X10x,Pusat
O-B3-K2-X11x,O-B3-K2-X11x,Pusat
O-B3-K2-X12x,O-B3-K2-X12x,Pusat
O-B3-K2-X13x,O-B3-K2-X13x,Pusat
O-B3-K2-X14x,O-B3-K2-X14x,Pusat
O-B3-K2-X15x,O-B3-K2-X15x,Pusat
O-B3-K2-X16x,O-B3-K2-X16x,Pusat
O-B3-K2-X17x,O-B3-K2-X17x,Pusat
O-B3-K2-X18x,O-B3-K2-X18x,Pusat
O-B3-K2-X19x,O-B3-K2-X19x,Pusat
O-B3-K2-X1x,O-B3-K2-X1x,Pusat
O-B3-K2-X20x,O-B3-K2-X20x,Pusat
O-B3-K2-X21x,O-B3-K2-X21x,Pusat
O-B3-K2-X22x,O-B3-K2-X22x,Pusat
O-B3-K2-X23x,O-B3-K2-X23x,Pusat
O-B3-K2-X24x,O-B3-K2-X24x,Pusat
O-B3-K2-X25x,O-B3-K2-X25x,Pusat
O-B3-K2-X26x,O-B3-K2-X26x,Pusat
O-B3-K2-X27x,O-B3-K2-X27x,Pusat
O-B3-K2-X28x,O-B3-K2-X28x,Pusat
O-B3-K2-X29x,O-B3-K2-X29x,Pusat
O-B3-K2-X2x,O-B3-K2-X2x,Pusat
O-B3-K2-X30x,O-B3-K2-X30x,Pusat
O-B3-K2-X3x,O-B3-K2-X3x,Pusat
O-B3-K2-X4x,O-B3-K2-X4x,Pusat
O-B3-K2-X5x,O-B3-K2-X5x,Pusat
O-B3-K2-X6x,O-B3-K2-X6x,Pusat
O-B3-K2-X7x,O-B3-K2-X7x,Pusat
O-B3-K2-X8x,O-B3-K2-X8x,Pusat
O-B3-K2-X9x,O-B3-K2-X9x,Pusat
O-B3-K3-X10x,O-B3-K3-X10x,Pusat
O-B3-K3-X11x,O-B3-K3-X11x,Pusat
O-B3-K3-X12x,O-B3-K3-X12x,Pusat
O-B3-K3-X13x,O-B3-K3-X13x,Pusat
O-B3-K3-X14x,O-B3-K3-X14x,Pusat
O-B3-K3-X15x,O-B3-K3-X15x,Pusat
O-B3-K3-X16x,O-B3-K3-X16x,Pusat
O-B3-K3-X17x,O-B3-K3-X17x,Pusat
O-B3-K3-X18x,O-B3-K3-X18x,Pusat
O-B3-K3-X19x,O-B3-K3-X19x,Pusat
O-B3-K3-X1x,O-B3-K3-X1x,Pusat
O-B3-K3-X20x,O-B3-K3-X20x,Pusat
O-B3-K3-X21x,O-B3-K3-X21x,Pusat
O-B3-K3-X22x,O-B3-K3-X22x,Pusat
O-B3-K3-X23x,O-B3-K3-X23x,Pusat
O-B3-K3-X24x,O-B3-K3-X24x,Pusat
O-B3-K3-X25x,O-B3-K3-X25x,Pusat
O-B3-K3-X26x,O-B3-K3-X26x,Pusat
O-B3-K3-X27x,O-B3-K3-X27x,Pusat
O-B3-K3-X28x,O-B3-K3-X28x,Pusat
O-B3-K3-X29x,O-B3-K3-X29x,Pusat
O-B3-K3-X2x,O-B3-K3-X2x,Pusat
O-B3-K3-X30x,O-B3-K3-X30x,Pusat
O-B3-K3-X3x,O-B3-K3-X3x,Pusat
O-B3-K3-X4x,O-B3-K3-X4x,Pusat
O-B3-K3-X5x,O-B3-K3-X5x,Pusat
O-B3-K3-X6x,O-B3-K3-X6x,Pusat
O-B3-K3-X7x,O-B3-K3-X7x,Pusat
O-B3-K3-X8x,O-B3-K3-X8x,Pusat
O-B3-K3-X9x,O-B3-K3-X9x,Pusat
O-B3-K4-X10x,O-B3-K4-X10x,Pusat
O-B3-K4-X11x,O-B3-K4-X11x,Pusat
O-B3-K4-X12x,O-B3-K4-X12x,Pusat
O-B3-K4-X13x,O-B3-K4-X13x,Pusat
O-B3-K4-X14x,O-B3-K4-X14x,Pusat
O-B3-K4-X15x,O-B3-K4-X15x,Pusat
O-B3-K4-X16x,O-B3-K4-X16x,Pusat
O-B3-K4-X17x,O-B3-K4-X17x,Pusat
O-B3-K4-X18x,O-B3-K4-X18x,Pusat
O-B3-K4-X19x,O-B3-K4-X19x,Pusat
O-B3-K4-X1x,O-B3-K4-X1x,Pusat
O-B3-K4-X20x,O-B3-K4-X20x,Pusat
O-B3-K4-X21x,O-B3-K4-X21x,Pusat
O-B3-K4-X22x,O-B3-K4-X22x,Pusat
O-B3-K4-X23x,O-B3-K4-X23x,Pusat
O-B3-K4-X24x,O-B3-K4-X24x,Pusat
O-B3-K4-X25x,O-B3-K4-X25x,Pusat
O-B3-K4-X26x,O-B3-K4-X26x,Pusat
O-B3-K4-X27x,O-B3-K4-X27x,Pusat
O-B3-K4-X28x,O-B3-K4-X28x,Pusat
O-B3-K4-X29x,O-B3-K4-X29x,Pusat
O-B3-K4-X2x,O-B3-K4-X2x,Pusat
O-B3-K4-X30x,O-B3-K4-X30x,Pusat
O-B3-K4-X3x,O-B3-K4-X3x,Pusat
O-B3-K4-X4x,O-B3-K4-X4x,Pusat
O-B3-K4-X5x,O-B3-K4-X5x,Pusat
O-B3-K4-X6x,O-B3-K4-X6x,Pusat
O-B3-K4-X7x,O-B3-K4-X7x,Pusat
O-B3-K4-X8x,O-B3-K4-X8x,Pusat
O-B3-K4-X9x,O-B3-K4-X9x,Pusat
O-B3-K5-X10x,O-B3-K5-X10x,Pusat
O-B3-K5-X11x,O-B3-K5-X11x,Pusat
O-B3-K5-X12x,O-B3-K5-X12x,Pusat
O-B3-K5-X13x,O-B3-K5-X13x,Pusat
O-B3-K5-X14x,O-B3-K5-X14x,Pusat
O-B3-K5-X15x,O-B3-K5-X15x,Pusat
O-B3-K5-X16x,O-B3-K5-X16x,Pusat
O-B3-K5-X17x,O-B3-K5-X17x,Pusat
O-B3-K5-X18x,O-B3-K5-X18x,Pusat
O-B3-K5-X19x,O-B3-K5-X19x,Pusat
O-B3-K5-X1x,O-B3-K5-X1x,Pusat
O-B3-K5-X20x,O-B3-K5-X20x,Pusat
O-B3-K5-X21x,O-B3-K5-X21x,Pusat
O-B3-K5-X22x,O-B3-K5-X22x,Pusat
O-B3-K5-X23x,O-B3-K5-X23x,Pusat
O-B3-K5-X24x,O-B3-K5-X24x,Pusat
O-B3-K5-X25x,O-B3-K5-X25x,Pusat
O-B3-K5-X26x,O-B3-K5-X26x,Pusat
O-B3-K5-X27x,O-B3-K5-X27x,Pusat
O-B3-K5-X28x,O-B3-K5-X28x,Pusat
O-B3-K5-X29x,O-B3-K5-X29x,Pusat
O-B3-K5-X2x,O-B3-K5-X2x,Pusat
O-B3-K5-X30x,O-B3-K5-X30x,Pusat
O-B3-K5-X3x,O-B3-K5-X3x,Pusat
O-B3-K5-X4x,O-B3-K5-X4x,Pusat
O-B3-K5-X5x,O-B3-K5-X5x,Pusat
O-B3-K5-X6x,O-B3-K5-X6x,Pusat
O-B3-K5-X7x,O-B3-K5-X7x,Pusat
O-B3-K5-X8x,O-B3-K5-X8x,Pusat
O-B3-K5-X9x,O-B3-K5-X9x,Pusat
O-B3-K6-X10x,O-B3-K6-X10x,Pusat
O-B3-K6-X11x,O-B3-K6-X11x,Pusat
O-B3-K6-X12x,O-B3-K6-X12x,Pusat
O-B3-K6-X13x,O-B3-K6-X13x,Pusat
O-B3-K6-X14x,O-B3-K6-X14x,Pusat
O-B3-K6-X15x,O-B3-K6-X15x,Pusat
O-B3-K6-X16x,O-B3-K6-X16x,Pusat
O-B3-K6-X17x,O-B3-K6-X17x,Pusat
O-B3-K6-X18x,O-B3-K6-X18x,Pusat
O-B3-K6-X19x,O-B3-K6-X19x,Pusat
O-B3-K6-X1x,O-B3-K6-X1x,Pusat
O-B3-K6-X20x,O-B3-K6-X20x,Pusat
O-B3-K6-X21x,O-B3-K6-X21x,Pusat
O-B3-K6-X22x,O-B3-K6-X22x,Pusat
O-B3-K6-X23x,O-B3-K6-X23x,Pusat
O-B3-K6-X24x,O-B3-K6-X24x,Pusat
O-B3-K6-X25x,O-B3-K6-X25x,Pusat
O-B3-K6-X26x,O-B3-K6-X26x,Pusat
O-B3-K6-X27x,O-B3-K6-X27x,Pusat
O-B3-K6-X28x,O-B3-K6-X28x,Pusat
O-B3-K6-X29x,O-B3-K6-X29x,Pusat
O-B3-K6-X2x,O-B3-K6-X2x,Pusat
O-B3-K6-X30x,O-B3-K6-X30x,Pusat
O-B3-K6-X3x,O-B3-K6-X3x,Pusat
O-B3-K6-X4x,O-B3-K6-X4x,Pusat
O-B3-K6-X5x,O-B3-K6-X5x,Pusat
O-B3-K6-X6x,O-B3-K6-X6x,Pusat
O-B3-K6-X7x,O-B3-K6-X7x,Pusat
O-B3-K6-X8x,O-B3-K6-X8x,Pusat
O-B3-K6-X9x,O-B3-K6-X9x,Pusat
O-B3-K7-X10x,O-B3-K7-X10x,Pusat
O-B3-K7-X11x,O-B3-K7-X11x,Pusat
O-B3-K7-X12x,O-B3-K7-X12x,Pusat
O-B3-K7-X13x,O-B3-K7-X13x,Pusat
O-B3-K7-X14x,O-B3-K7-X14x,Pusat
O-B3-K7-X15x,O-B3-K7-X15x,Pusat
O-B3-K7-X16x,O-B3-K7-X16x,Pusat
O-B3-K7-X17x,O-B3-K7-X17x,Pusat
O-B3-K7-X18x,O-B3-K7-X18x,Pusat
O-B3-K7-X19x,O-B3-K7-X19x,Pusat
O-B3-K7-X1x,O-B3-K7-X1x,Pusat
O-B3-K7-X20x,O-B3-K7-X20x,Pusat
O-B3-K7-X21x,O-B3-K7-X21x,Pusat
O-B3-K7-X22x,O-B3-K7-X22x,Pusat
O-B3-K7-X23x,O-B3-K7-X23x,Pusat
O-B3-K7-X24x,O-B3-K7-X24x,Pusat
O-B3-K7-X25x,O-B3-K7-X25x,Pusat
O-B3-K7-X26x,O-B3-K7-X26x,Pusat
O-B3-K7-X27x,O-B3-K7-X27x,Pusat
O-B3-K7-X28x,O-B3-K7-X28x,Pusat
O-B3-K7-X29x,O-B3-K7-X29x,Pusat
O-B3-K7-X2x,O-B3-K7-X2x,Pusat
O-B3-K7-X30x,O-B3-K7-X30x,Pusat
O-B3-K7-X3x,O-B3-K7-X3x,Pusat
O-B3-K7-X4x,O-B3-K7-X4x,Pusat
O-B3-K7-X5x,O-B3-K7-X5x,Pusat
O-B3-K7-X6x,O-B3-K7-X6x,Pusat
O-B3-K7-X7x,O-B3-K7-X7x,Pusat
O-B3-K7-X8x,O-B3-K7-X8x,Pusat
O-B3-K7-X9x,O-B3-K7-X9x,Pusat
O-B4-K1-X10x,O-B4-K1-X10x,Pusat
O-B4-K1-X11x,O-B4-K1-X11x,Pusat
O-B4-K1-X12x,O-B4-K1-X12x,Pusat
O-B4-K1-X13x,O-B4-K1-X13x,Pusat
O-B4-K1-X14x,O-B4-K1-X14x,Pusat
O-B4-K1-X15x,O-B4-K1-X15x,Pusat
O-B4-K1-X16x,O-B4-K1-X16x,Pusat
O-B4-K1-X17x,O-B4-K1-X17x,Pusat
O-B4-K1-X18x,O-B4-K1-X18x,Pusat
O-B4-K1-X19x,O-B4-K1-X19x,Pusat
O-B4-K1-X1x,O-B4-K1-X1x,Pusat
O-B4-K1-X20x,O-B4-K1-X20x,Pusat
O-B4-K1-X21x,O-B4-K1-X21x,Pusat
O-B4-K1-X22x,O-B4-K1-X22x,Pusat
O-B4-K1-X23x,O-B4-K1-X23x,Pusat
O-B4-K1-X24x,O-B4-K1-X24x,Pusat
O-B4-K1-X25x,O-B4-K1-X25x,Pusat
O-B4-K1-X26x,O-B4-K1-X26x,Pusat
O-B4-K1-X27x,O-B4-K1-X27x,Pusat
O-B4-K1-X28x,O-B4-K1-X28x,Pusat
O-B4-K1-X29x,O-B4-K1-X29x,Pusat
O-B4-K1-X2x,O-B4-K1-X2x,Pusat
O-B4-K1-X30x,O-B4-K1-X30x,Pusat
O-B4-K1-X3x,O-B4-K1-X3x,Pusat
O-B4-K1-X4x,O-B4-K1-X4x,Pusat
O-B4-K1-X5x,O-B4-K1-X5x,Pusat
O-B4-K1-X6x,O-B4-K1-X6x,Pusat
O-B4-K1-X7x,O-B4-K1-X7x,Pusat
O-B4-K1-X8x,O-B4-K1-X8x,Pusat
O-B4-K1-X9x,O-B4-K1-X9x,Pusat
O-B4-K2-X10x,O-B4-K2-X10x,Pusat
O-B4-K2-X11x,O-B4-K2-X11x,Pusat
O-B4-K2-X12x,O-B4-K2-X12x,Pusat
O-B4-K2-X13x,O-B4-K2-X13x,Pusat
O-B4-K2-X14x,O-B4-K2-X14x,Pusat
O-B4-K2-X15x,O-B4-K2-X15x,Pusat
O-B4-K2-X16x,O-B4-K2-X16x,Pusat
O-B4-K2-X17x,O-B4-K2-X17x,Pusat
O-B4-K2-X18x,O-B4-K2-X18x,Pusat
O-B4-K2-X19x,O-B4-K2-X19x,Pusat
O-B4-K2-X1x,O-B4-K2-X1x,Pusat
O-B4-K2-X20x,O-B4-K2-X20x,Pusat
O-B4-K2-X21x,O-B4-K2-X21x,Pusat
O-B4-K2-X22x,O-B4-K2-X22x,Pusat
O-B4-K2-X23x,O-B4-K2-X23x,Pusat
O-B4-K2-X24x,O-B4-K2-X24x,Pusat
O-B4-K2-X25x,O-B4-K2-X25x,Pusat
O-B4-K2-X26x,O-B4-K2-X26x,Pusat
O-B4-K2-X27x,O-B4-K2-X27x,Pusat
O-B4-K2-X28x,O-B4-K2-X28x,Pusat
O-B4-K2-X29x,O-B4-K2-X29x,Pusat
O-B4-K2-X2x,O-B4-K2-X2x,Pusat
O-B4-K2-X30x,O-B4-K2-X30x,Pusat
O-B4-K2-X3x,O-B4-K2-X3x,Pusat
O-B4-K2-X4x,O-B4-K2-X4x,Pusat
O-B4-K2-X5x,O-B4-K2-X5x,Pusat
O-B4-K2-X6x,O-B4-K2-X6x,Pusat
O-B4-K2-X7x,O-B4-K2-X7x,Pusat
O-B4-K2-X8x,O-B4-K2-X8x,Pusat
O-B4-K2-X9x,O-B4-K2-X9x,Pusat
O-B4-K3-X10x,O-B4-K3-X10x,Pusat
O-B4-K3-X11x,O-B4-K3-X11x,Pusat
O-B4-K3-X12x,O-B4-K3-X12x,Pusat
O-B4-K3-X13x,O-B4-K3-X13x,Pusat
O-B4-K3-X14x,O-B4-K3-X14x,Pusat
O-B4-K3-X15x,O-B4-K3-X15x,Pusat
O-B4-K3-X16x,O-B4-K3-X16x,Pusat
O-B4-K3-X17x,O-B4-K3-X17x,Pusat
O-B4-K3-X18x,O-B4-K3-X18x,Pusat
O-B4-K3-X19x,O-B4-K3-X19x,Pusat
O-B4-K3-X1x,O-B4-K3-X1x,Pusat
O-B4-K3-X20x,O-B4-K3-X20x,Pusat
O-B4-K3-X21x,O-B4-K3-X21x,Pusat
O-B4-K3-X22x,O-B4-K3-X22x,Pusat
O-B4-K3-X23x,O-B4-K3-X23x,Pusat
O-B4-K3-X24x,O-B4-K3-X24x,Pusat
O-B4-K3-X25x,O-B4-K3-X25x,Pusat
O-B4-K3-X26x,O-B4-K3-X26x,Pusat
O-B4-K3-X27x,O-B4-K3-X27x,Pusat
O-B4-K3-X28x,O-B4-K3-X28x,Pusat
O-B4-K3-X29x,O-B4-K3-X29x,Pusat
O-B4-K3-X2x,O-B4-K3-X2x,Pusat
O-B4-K3-X30x,O-B4-K3-X30x,Pusat
O-B4-K3-X3x,O-B4-K3-X3x,Pusat
O-B4-K3-X4x,O-B4-K3-X4x,Pusat
O-B4-K3-X5x,O-B4-K3-X5x,Pusat
O-B4-K3-X6x,O-B4-K3-X6x,Pusat
O-B4-K3-X7x,O-B4-K3-X7x,Pusat
O-B4-K3-X8x,O-B4-K3-X8x,Pusat
O-B4-K3-X9x,O-B4-K3-X9x,Pusat
O-B4-K4-X10x,O-B4-K4-X10x,Pusat
O-B4-K4-X11x,O-B4-K4-X11x,Pusat
O-B4-K4-X12x,O-B4-K4-X12x,Pusat
O-B4-K4-X13x,O-B4-K4-X13x,Pusat
O-B4-K4-X14x,O-B4-K4-X14x,Pusat
O-B4-K4-X15x,O-B4-K4-X15x,Pusat
O-B4-K4-X16x,O-B4-K4-X16x,Pusat
O-B4-K4-X17x,O-B4-K4-X17x,Pusat
O-B4-K4-X18x,O-B4-K4-X18x,Pusat
O-B4-K4-X19x,O-B4-K4-X19x,Pusat
O-B4-K4-X1x,O-B4-K4-X1x,Pusat
O-B4-K4-X20x,O-B4-K4-X20x,Pusat
O-B4-K4-X21x,O-B4-K4-X21x,Pusat
O-B4-K4-X22x,O-B4-K4-X22x,Pusat
O-B4-K4-X23x,O-B4-K4-X23x,Pusat
O-B4-K4-X24x,O-B4-K4-X24x,Pusat
O-B4-K4-X25x,O-B4-K4-X25x,Pusat
O-B4-K4-X26x,O-B4-K4-X26x,Pusat
O-B4-K4-X27x,O-B4-K4-X27x,Pusat
O-B4-K4-X28x,O-B4-K4-X28x,Pusat
O-B4-K4-X29x,O-B4-K4-X29x,Pusat
O-B4-K4-X2x,O-B4-K4-X2x,Pusat
O-B4-K4-X30x,O-B4-K4-X30x,Pusat
O-B4-K4-X3x,O-B4-K4-X3x,Pusat
O-B4-K4-X4x,O-B4-K4-X4x,Pusat
O-B4-K4-X5x,O-B4-K4-X5x,Pusat
O-B4-K4-X6x,O-B4-K4-X6x,Pusat
O-B4-K4-X7x,O-B4-K4-X7x,Pusat
O-B4-K4-X8x,O-B4-K4-X8x,Pusat
O-B4-K4-X9x,O-B4-K4-X9x,Pusat
O-B4-K5-X10x,O-B4-K5-X10x,Pusat
O-B4-K5-X11x,O-B4-K5-X11x,Pusat
O-B4-K5-X12x,O-B4-K5-X12x,Pusat
O-B4-K5-X13x,O-B4-K5-X13x,Pusat
O-B4-K5-X14x,O-B4-K5-X14x,Pusat
O-B4-K5-X15x,O-B4-K5-X15x,Pusat
O-B4-K5-X16x,O-B4-K5-X16x,Pusat
O-B4-K5-X17x,O-B4-K5-X17x,Pusat
O-B4-K5-X18x,O-B4-K5-X18x,Pusat
O-B4-K5-X19x,O-B4-K5-X19x,Pusat
O-B4-K5-X1x,O-B4-K5-X1x,Pusat
O-B4-K5-X20x,O-B4-K5-X20x,Pusat
O-B4-K5-X21x,O-B4-K5-X21x,Pusat
O-B4-K5-X22x,O-B4-K5-X22x,Pusat
O-B4-K5-X23x,O-B4-K5-X23x,Pusat
O-B4-K5-X24x,O-B4-K5-X24x,Pusat
O-B4-K5-X25x,O-B4-K5-X25x,Pusat
O-B4-K5-X26x,O-B4-K5-X26x,Pusat
O-B4-K5-X27x,O-B4-K5-X27x,Pusat
O-B4-K5-X28x,O-B4-K5-X28x,Pusat
O-B4-K5-X29x,O-B4-K5-X29x,Pusat
O-B4-K5-X2x,O-B4-K5-X2x,Pusat
O-B4-K5-X30x,O-B4-K5-X30x,Pusat
O-B4-K5-X3x,O-B4-K5-X3x,Pusat
O-B4-K5-X4x,O-B4-K5-X4x,Pusat
O-B4-K5-X5x,O-B4-K5-X5x,Pusat
O-B4-K5-X6x,O-B4-K5-X6x,Pusat
O-B4-K5-X7x,O-B4-K5-X7x,Pusat
O-B4-K5-X8x,O-B4-K5-X8x,Pusat
O-B4-K5-X9x,O-B4-K5-X9x,Pusat
O-B4-K6-X10x,O-B4-K6-X10x,Pusat
O-B4-K6-X11x,O-B4-K6-X11x,Pusat
O-B4-K6-X12x,O-B4-K6-X12x,Pusat
O-B4-K6-X13x,O-B4-K6-X13x,Pusat
O-B4-K6-X14x,O-B4-K6-X14x,Pusat
O-B4-K6-X15x,O-B4-K6-X15x,Pusat
O-B4-K6-X16x,O-B4-K6-X16x,Pusat
O-B4-K6-X17x,O-B4-K6-X17x,Pusat
O-B4-K6-X18x,O-B4-K6-X18x,Pusat
O-B4-K6-X19x,O-B4-K6-X19x,Pusat
O-B4-K6-X1x,O-B4-K6-X1x,Pusat
O-B4-K6-X20x,O-B4-K6-X20x,Pusat
O-B4-K6-X21x,O-B4-K6-X21x,Pusat
O-B4-K6-X22x,O-B4-K6-X22x,Pusat
O-B4-K6-X23x,O-B4-K6-X23x,Pusat
O-B4-K6-X24x,O-B4-K6-X24x,Pusat
O-B4-K6-X25x,O-B4-K6-X25x,Pusat
O-B4-K6-X26x,O-B4-K6-X26x,Pusat
O-B4-K6-X27x,O-B4-K6-X27x,Pusat
O-B4-K6-X28x,O-B4-K6-X28x,Pusat
O-B4-K6-X29x,O-B4-K6-X29x,Pusat
O-B4-K6-X2x,O-B4-K6-X2x,Pusat
O-B4-K6-X30x,O-B4-K6-X30x,Pusat
O-B4-K6-X3x,O-B4-K6-X3x,Pusat
O-B4-K6-X4x,O-B4-K6-X4x,Pusat
O-B4-K6-X5x,O-B4-K6-X5x,Pusat
O-B4-K6-X6x,O-B4-K6-X6x,Pusat
O-B4-K6-X7x,O-B4-K6-X7x,Pusat
O-B4-K6-X8x,O-B4-K6-X8x,Pusat
O-B4-K6-X9x,O-B4-K6-X9x,Pusat
O-B4-K7-X10x,O-B4-K7-X10x,Pusat
O-B4-K7-X11x,O-B4-K7-X11x,Pusat
O-B4-K7-X12x,O-B4-K7-X12x,Pusat
O-B4-K7-X13x,O-B4-K7-X13x,Pusat
O-B4-K7-X14x,O-B4-K7-X14x,Pusat
O-B4-K7-X15x,O-B4-K7-X15x,Pusat
O-B4-K7-X16x,O-B4-K7-X16x,Pusat
O-B4-K7-X17x,O-B4-K7-X17x,Pusat
O-B4-K7-X18x,O-B4-K7-X18x,Pusat
O-B4-K7-X19x,O-B4-K7-X19x,Pusat
O-B4-K7-X1x,O-B4-K7-X1x,Pusat
O-B4-K7-X20x,O-B4-K7-X20x,Pusat
O-B4-K7-X21x,O-B4-K7-X21x,Pusat
O-B4-K7-X22x,O-B4-K7-X22x,Pusat
O-B4-K7-X23x,O-B4-K7-X23x,Pusat
O-B4-K7-X24x,O-B4-K7-X24x,Pusat
O-B4-K7-X25x,O-B4-K7-X25x,Pusat
O-B4-K7-X26x,O-B4-K7-X26x,Pusat
O-B4-K7-X27x,O-B4-K7-X27x,Pusat
O-B4-K7-X28x,O-B4-K7-X28x,Pusat
O-B4-K7-X29x,O-B4-K7-X29x,Pusat
O-B4-K7-X2x,O-B4-K7-X2x,Pusat
O-B4-K7-X30x,O-B4-K7-X30x,Pusat
O-B4-K7-X3x,O-B4-K7-X3x,Pusat
O-B4-K7-X4x,O-B4-K7-X4x,Pusat
O-B4-K7-X5x,O-B4-K7-X5x,Pusat
O-B4-K7-X6x,O-B4-K7-X6x,Pusat
O-B4-K7-X7x,O-B4-K7-X7x,Pusat
O-B4-K7-X8x,O-B4-K7-X8x,Pusat
O-B4-K7-X9x,O-B4-K7-X9x,Pusat
O-B5-K1-X10x,O-B5-K1-X10x,Pusat
O-B5-K1-X11x,O-B5-K1-X11x,Pusat
O-B5-K1-X12x,O-B5-K1-X12x,Pusat
O-B5-K1-X13x,O-B5-K1-X13x,Pusat
O-B5-K1-X14x,O-B5-K1-X14x,Pusat
O-B5-K1-X15x,O-B5-K1-X15x,Pusat
O-B5-K1-X16x,O-B5-K1-X16x,Pusat
O-B5-K1-X17x,O-B5-K1-X17x,Pusat
O-B5-K1-X18x,O-B5-K1-X18x,Pusat
O-B5-K1-X19x,O-B5-K1-X19x,Pusat
O-B5-K1-X1x,O-B5-K1-X1x,Pusat
O-B5-K1-X20x,O-B5-K1-X20x,Pusat
O-B5-K1-X21x,O-B5-K1-X21x,Pusat
O-B5-K1-X22x,O-B5-K1-X22x,Pusat
O-B5-K1-X23x,O-B5-K1-X23x,Pusat
O-B5-K1-X24x,O-B5-K1-X24x,Pusat
O-B5-K1-X25x,O-B5-K1-X25x,Pusat
O-B5-K1-X26x,O-B5-K1-X26x,Pusat
O-B5-K1-X27x,O-B5-K1-X27x,Pusat
O-B5-K1-X28x,O-B5-K1-X28x,Pusat
O-B5-K1-X29x,O-B5-K1-X29x,Pusat
O-B5-K1-X2x,O-B5-K1-X2x,Pusat
O-B5-K1-X30x,O-B5-K1-X30x,Pusat
O-B5-K1-X3x,O-B5-K1-X3x,Pusat
O-B5-K1-X4x,O-B5-K1-X4x,Pusat
O-B5-K1-X5x,O-B5-K1-X5x,Pusat
O-B5-K1-X6x,O-B5-K1-X6x,Pusat
O-B5-K1-X7x,O-B5-K1-X7x,Pusat
O-B5-K1-X8x,O-B5-K1-X8x,Pusat
O-B5-K1-X9x,O-B5-K1-X9x,Pusat
O-B5-K2-X10x,O-B5-K2-X10x,Pusat
O-B5-K2-X11x,O-B5-K2-X11x,Pusat
O-B5-K2-X12x,O-B5-K2-X12x,Pusat
O-B5-K2-X13x,O-B5-K2-X13x,Pusat
O-B5-K2-X14x,O-B5-K2-X14x,Pusat
O-B5-K2-X15x,O-B5-K2-X15x,Pusat
O-B5-K2-X16x,O-B5-K2-X16x,Pusat
O-B5-K2-X17x,O-B5-K2-X17x,Pusat
O-B5-K2-X18x,O-B5-K2-X18x,Pusat
O-B5-K2-X19x,O-B5-K2-X19x,Pusat
O-B5-K2-X1x,O-B5-K2-X1x,Pusat
O-B5-K2-X20x,O-B5-K2-X20x,Pusat
O-B5-K2-X21x,O-B5-K2-X21x,Pusat
O-B5-K2-X22x,O-B5-K2-X22x,Pusat
O-B5-K2-X23x,O-B5-K2-X23x,Pusat
O-B5-K2-X24x,O-B5-K2-X24x,Pusat
O-B5-K2-X25x,O-B5-K2-X25x,Pusat
O-B5-K2-X26x,O-B5-K2-X26x,Pusat
O-B5-K2-X27x,O-B5-K2-X27x,Pusat
O-B5-K2-X28x,O-B5-K2-X28x,Pusat
O-B5-K2-X29x,O-B5-K2-X29x,Pusat
O-B5-K2-X2x,O-B5-K2-X2x,Pusat
O-B5-K2-X30x,O-B5-K2-X30x,Pusat
O-B5-K2-X3x,O-B5-K2-X3x,Pusat
O-B5-K2-X4x,O-B5-K2-X4x,Pusat
O-B5-K2-X5x,O-B5-K2-X5x,Pusat
O-B5-K2-X6x,O-B5-K2-X6x,Pusat
O-B5-K2-X7x,O-B5-K2-X7x,Pusat
O-B5-K2-X8x,O-B5-K2-X8x,Pusat
O-B5-K2-X9x,O-B5-K2-X9x,Pusat
O-B5-K3-X10x,O-B5-K3-X10x,Pusat
O-B5-K3-X11x,O-B5-K3-X11x,Pusat
O-B5-K3-X12x,O-B5-K3-X12x,Pusat
O-B5-K3-X13x,O-B5-K3-X13x,Pusat
O-B5-K3-X14x,O-B5-K3-X14x,Pusat
O-B5-K3-X15x,O-B5-K3-X15x,Pusat
O-B5-K3-X16x,O-B5-K3-X16x,Pusat
O-B5-K3-X17x,O-B5-K3-X17x,Pusat
O-B5-K3-X18x,O-B5-K3-X18x,Pusat
O-B5-K3-X19x,O-B5-K3-X19x,Pusat
O-B5-K3-X1x,O-B5-K3-X1x,Pusat
O-B5-K3-X20x,O-B5-K3-X20x,Pusat
O-B5-K3-X21x,O-B5-K3-X21x,Pusat
O-B5-K3-X22x,O-B5-K3-X22x,Pusat
O-B5-K3-X23x,O-B5-K3-X23x,Pusat
O-B5-K3-X24x,O-B5-K3-X24x,Pusat
O-B5-K3-X25x,O-B5-K3-X25x,Pusat
O-B5-K3-X26x,O-B5-K3-X26x,Pusat
O-B5-K3-X27x,O-B5-K3-X27x,Pusat
O-B5-K3-X28x,O-B5-K3-X28x,Pusat
O-B5-K3-X29x,O-B5-K3-X29x,Pusat
O-B5-K3-X2x,O-B5-K3-X2x,Pusat
O-B5-K3-X30x,O-B5-K3-X30x,Pusat
O-B5-K3-X3x,O-B5-K3-X3x,Pusat
O-B5-K3-X4x,O-B5-K3-X4x,Pusat
O-B5-K3-X5x,O-B5-K3-X5x,Pusat
O-B5-K3-X6x,O-B5-K3-X6x,Pusat
O-B5-K3-X7x,O-B5-K3-X7x,Pusat
O-B5-K3-X8x,O-B5-K3-X8x,Pusat
O-B5-K3-X9x,O-B5-K3-X9x,Pusat
O-B5-K4-X10x,O-B5-K4-X10x,Pusat
O-B5-K4-X11x,O-B5-K4-X11x,Pusat
O-B5-K4-X12x,O-B5-K4-X12x,Pusat
O-B5-K4-X13x,O-B5-K4-X13x,Pusat
O-B5-K4-X14x,O-B5-K4-X14x,Pusat
O-B5-K4-X15x,O-B5-K4-X15x,Pusat
O-B5-K4-X16x,O-B5-K4-X16x,Pusat
O-B5-K4-X17x,O-B5-K4-X17x,Pusat
O-B5-K4-X18x,O-B5-K4-X18x,Pusat
O-B5-K4-X19x,O-B5-K4-X19x,Pusat
O-B5-K4-X1x,O-B5-K4-X1x,Pusat
O-B5-K4-X20x,O-B5-K4-X20x,Pusat
O-B5-K4-X21x,O-B5-K4-X21x,Pusat
O-B5-K4-X22x,O-B5-K4-X22x,Pusat
O-B5-K4-X23x,O-B5-K4-X23x,Pusat
O-B5-K4-X24x,O-B5-K4-X24x,Pusat
O-B5-K4-X25x,O-B5-K4-X25x,Pusat
O-B5-K4-X26x,O-B5-K4-X26x,Pusat
O-B5-K4-X27x,O-B5-K4-X27x,Pusat
O-B5-K4-X28x,O-B5-K4-X28x,Pusat
O-B5-K4-X29x,O-B5-K4-X29x,Pusat
O-B5-K4-X2x,O-B5-K4-X2x,Pusat
O-B5-K4-X30x,O-B5-K4-X30x,Pusat
O-B5-K4-X3x,O-B5-K4-X3x,Pusat
O-B5-K4-X4x,O-B5-K4-X4x,Pusat
O-B5-K4-X5x,O-B5-K4-X5x,Pusat
O-B5-K4-X6x,O-B5-K4-X6x,Pusat
O-B5-K4-X7x,O-B5-K4-X7x,Pusat
O-B5-K4-X8x,O-B5-K4-X8x,Pusat
O-B5-K4-X9x,O-B5-K4-X9x,Pusat
O-B5-K5-X10x,O-B5-K5-X10x,Pusat
O-B5-K5-X11x,O-B5-K5-X11x,Pusat
O-B5-K5-X12x,O-B5-K5-X12x,Pusat
O-B5-K5-X13x,O-B5-K5-X13x,Pusat
O-B5-K5-X14x,O-B5-K5-X14x,Pusat
O-B5-K5-X15x,O-B5-K5-X15x,Pusat
O-B5-K5-X16x,O-B5-K5-X16x,Pusat
O-B5-K5-X17x,O-B5-K5-X17x,Pusat
O-B5-K5-X18x,O-B5-K5-X18x,Pusat
O-B5-K5-X19x,O-B5-K5-X19x,Pusat
O-B5-K5-X1x,O-B5-K5-X1x,Pusat
O-B5-K5-X20x,O-B5-K5-X20x,Pusat
O-B5-K5-X21x,O-B5-K5-X21x,Pusat
O-B5-K5-X22x,O-B5-K5-X22x,Pusat
O-B5-K5-X23x,O-B5-K5-X23x,Pusat
O-B5-K5-X24x,O-B5-K5-X24x,Pusat
O-B5-K5-X25x,O-B5-K5-X25x,Pusat
O-B5-K5-X26x,O-B5-K5-X26x,Pusat
O-B5-K5-X27x,O-B5-K5-X27x,Pusat
O-B5-K5-X28x,O-B5-K5-X28x,Pusat
O-B5-K5-X29x,O-B5-K5-X29x,Pusat
O-B5-K5-X2x,O-B5-K5-X2x,Pusat
O-B5-K5-X30x,O-B5-K5-X30x,Pusat
O-B5-K5-X3x,O-B5-K5-X3x,Pusat
O-B5-K5-X4x,O-B5-K5-X4x,Pusat
O-B5-K5-X5x,O-B5-K5-X5x,Pusat
O-B5-K5-X6x,O-B5-K5-X6x,Pusat
O-B5-K5-X7x,O-B5-K5-X7x,Pusat
O-B5-K5-X8x,O-B5-K5-X8x,Pusat
O-B5-K5-X9x,O-B5-K5-X9x,Pusat
O-B5-K6-X10x,O-B5-K6-X10x,Pusat
O-B5-K6-X11x,O-B5-K6-X11x,Pusat
O-B5-K6-X12x,O-B5-K6-X12x,Pusat
O-B5-K6-X13x,O-B5-K6-X13x,Pusat
O-B5-K6-X14x,O-B5-K6-X14x,Pusat
O-B5-K6-X15x,O-B5-K6-X15x,Pusat
O-B5-K6-X16x,O-B5-K6-X16x,Pusat
O-B5-K6-X17x,O-B5-K6-X17x,Pusat
O-B5-K6-X18x,O-B5-K6-X18x,Pusat
O-B5-K6-X19x,O-B5-K6-X19x,Pusat
O-B5-K6-X1x,O-B5-K6-X1x,Pusat
O-B5-K6-X20x,O-B5-K6-X20x,Pusat
O-B5-K6-X21x,O-B5-K6-X21x,Pusat
O-B5-K6-X22x,O-B5-K6-X22x,Pusat
O-B5-K6-X23x,O-B5-K6-X23x,Pusat
O-B5-K6-X24x,O-B5-K6-X24x,Pusat
O-B5-K6-X25x,O-B5-K6-X25x,Pusat
O-B5-K6-X26x,O-B5-K6-X26x,Pusat
O-B5-K6-X27x,O-B5-K6-X27x,Pusat
O-B5-K6-X28x,O-B5-K6-X28x,Pusat
O-B5-K6-X29x,O-B5-K6-X29x,Pusat
O-B5-K6-X2x,O-B5-K6-X2x,Pusat
O-B5-K6-X30x,O-B5-K6-X30x,Pusat
O-B5-K6-X3x,O-B5-K6-X3x,Pusat
O-B5-K6-X4x,O-B5-K6-X4x,Pusat
O-B5-K6-X5x,O-B5-K6-X5x,Pusat
O-B5-K6-X6x,O-B5-K6-X6x,Pusat
O-B5-K6-X7x,O-B5-K6-X7x,Pusat
O-B5-K6-X8x,O-B5-K6-X8x,Pusat
O-B5-K6-X9x,O-B5-K6-X9x,Pusat
O-B5-K7-X10x,O-B5-K7-X10x,Pusat
O-B5-K7-X11x,O-B5-K7-X11x,Pusat
O-B5-K7-X12x,O-B5-K7-X12x,Pusat
O-B5-K7-X13x,O-B5-K7-X13x,Pusat
O-B5-K7-X14x,O-B5-K7-X14x,Pusat
O-B5-K7-X15x,O-B5-K7-X15x,Pusat
O-B5-K7-X16x,O-B5-K7-X16x,Pusat
O-B5-K7-X17x,O-B5-K7-X17x,Pusat
O-B5-K7-X18x,O-B5-K7-X18x,Pusat
O-B5-K7-X19x,O-B5-K7-X19x,Pusat
O-B5-K7-X1x,O-B5-K7-X1x,Pusat
O-B5-K7-X20x,O-B5-K7-X20x,Pusat
O-B5-K7-X21x,O-B5-K7-X21x,Pusat
O-B5-K7-X22x,O-B5-K7-X22x,Pusat
O-B5-K7-X23x,O-B5-K7-X23x,Pusat
O-B5-K7-X24x,O-B5-K7-X24x,Pusat
O-B5-K7-X25x,O-B5-K7-X25x,Pusat
O-B5-K7-X26x,O-B5-K7-X26x,Pusat
O-B5-K7-X27x,O-B5-K7-X27x,Pusat
O-B5-K7-X28x,O-B5-K7-X28x,Pusat
O-B5-K7-X29x,O-B5-K7-X29x,Pusat
O-B5-K7-X2x,O-B5-K7-X2x,Pusat
O-B5-K7-X30x,O-B5-K7-X30x,Pusat
O-B5-K7-X3x,O-B5-K7-X3x,Pusat
O-B5-K7-X4x,O-B5-K7-X4x,Pusat
O-B5-K7-X5x,O-B5-K7-X5x,Pusat
O-B5-K7-X6x,O-B5-K7-X6x,Pusat
O-B5-K7-X7x,O-B5-K7-X7x,Pusat
O-B5-K7-X8x,O-B5-K7-X8x,Pusat
O-B5-K7-X9x,O-B5-K7-X9x,Pusat
O-B6-K1-X10x,O-B6-K1-X10x,Pusat
O-B6-K1-X11x,O-B6-K1-X11x,Pusat
O-B6-K1-X12x,O-B6-K1-X12x,Pusat
O-B6-K1-X13x,O-B6-K1-X13x,Pusat
O-B6-K1-X14x,O-B6-K1-X14x,Pusat
O-B6-K1-X15x,O-B6-K1-X15x,Pusat
O-B6-K1-X16x,O-B6-K1-X16x,Pusat
O-B6-K1-X17x,O-B6-K1-X17x,Pusat
O-B6-K1-X18x,O-B6-K1-X18x,Pusat
O-B6-K1-X19x,O-B6-K1-X19x,Pusat
O-B6-K1-X1x,O-B6-K1-X1x,Pusat
O-B6-K1-X20x,O-B6-K1-X20x,Pusat
O-B6-K1-X21x,O-B6-K1-X21x,Pusat
O-B6-K1-X22x,O-B6-K1-X22x,Pusat
O-B6-K1-X23x,O-B6-K1-X23x,Pusat
O-B6-K1-X24x,O-B6-K1-X24x,Pusat
O-B6-K1-X25x,O-B6-K1-X25x,Pusat
O-B6-K1-X26x,O-B6-K1-X26x,Pusat
O-B6-K1-X27x,O-B6-K1-X27x,Pusat
O-B6-K1-X28x,O-B6-K1-X28x,Pusat
O-B6-K1-X29x,O-B6-K1-X29x,Pusat
O-B6-K1-X2x,O-B6-K1-X2x,Pusat
O-B6-K1-X30x,O-B6-K1-X30x,Pusat
O-B6-K1-X3x,O-B6-K1-X3x,Pusat
O-B6-K1-X4x,O-B6-K1-X4x,Pusat
O-B6-K1-X5x,O-B6-K1-X5x,Pusat
O-B6-K1-X6x,O-B6-K1-X6x,Pusat
O-B6-K1-X7x,O-B6-K1-X7x,Pusat
O-B6-K1-X8x,O-B6-K1-X8x,Pusat
O-B6-K1-X9x,O-B6-K1-X9x,Pusat
O-B6-K2-X10x,O-B6-K2-X10x,Pusat
O-B6-K2-X11x,O-B6-K2-X11x,Pusat
O-B6-K2-X12x,O-B6-K2-X12x,Pusat
O-B6-K2-X13x,O-B6-K2-X13x,Pusat
O-B6-K2-X14x,O-B6-K2-X14x,Pusat
O-B6-K2-X15x,O-B6-K2-X15x,Pusat
O-B6-K2-X16x,O-B6-K2-X16x,Pusat
O-B6-K2-X17x,O-B6-K2-X17x,Pusat
O-B6-K2-X18x,O-B6-K2-X18x,Pusat
O-B6-K2-X19x,O-B6-K2-X19x,Pusat
O-B6-K2-X1x,O-B6-K2-X1x,Pusat
O-B6-K2-X20x,O-B6-K2-X20x,Pusat
O-B6-K2-X21x,O-B6-K2-X21x,Pusat
O-B6-K2-X22x,O-B6-K2-X22x,Pusat
O-B6-K2-X23x,O-B6-K2-X23x,Pusat
O-B6-K2-X24x,O-B6-K2-X24x,Pusat
O-B6-K2-X25x,O-B6-K2-X25x,Pusat
O-B6-K2-X26x,O-B6-K2-X26x,Pusat
O-B6-K2-X27x,O-B6-K2-X27x,Pusat
O-B6-K2-X28x,O-B6-K2-X28x,Pusat
O-B6-K2-X29x,O-B6-K2-X29x,Pusat
O-B6-K2-X2x,O-B6-K2-X2x,Pusat
O-B6-K2-X30x,O-B6-K2-X30x,Pusat
O-B6-K2-X3x,O-B6-K2-X3x,Pusat
O-B6-K2-X4x,O-B6-K2-X4x,Pusat
O-B6-K2-X5x,O-B6-K2-X5x,Pusat
O-B6-K2-X6x,O-B6-K2-X6x,Pusat
O-B6-K2-X7x,O-B6-K2-X7x,Pusat
O-B6-K2-X8x,O-B6-K2-X8x,Pusat
O-B6-K2-X9x,O-B6-K2-X9x,Pusat
O-B6-K3-X10x,O-B6-K3-X10x,Pusat
O-B6-K3-X11x,O-B6-K3-X11x,Pusat
O-B6-K3-X12x,O-B6-K3-X12x,Pusat
O-B6-K3-X13x,O-B6-K3-X13x,Pusat
O-B6-K3-X14x,O-B6-K3-X14x,Pusat
O-B6-K3-X15x,O-B6-K3-X15x,Pusat
O-B6-K3-X16x,O-B6-K3-X16x,Pusat
O-B6-K3-X17x,O-B6-K3-X17x,Pusat
O-B6-K3-X18x,O-B6-K3-X18x,Pusat
O-B6-K3-X19x,O-B6-K3-X19x,Pusat
O-B6-K3-X1x,O-B6-K3-X1x,Pusat
O-B6-K3-X20x,O-B6-K3-X20x,Pusat
O-B6-K3-X21x,O-B6-K3-X21x,Pusat
O-B6-K3-X22x,O-B6-K3-X22x,Pusat
O-B6-K3-X23x,O-B6-K3-X23x,Pusat
O-B6-K3-X24x,O-B6-K3-X24x,Pusat
O-B6-K3-X25x,O-B6-K3-X25x,Pusat
O-B6-K3-X26x,O-B6-K3-X26x,Pusat
O-B6-K3-X27x,O-B6-K3-X27x,Pusat
O-B6-K3-X28x,O-B6-K3-X28x,Pusat
O-B6-K3-X29x,O-B6-K3-X29x,Pusat
O-B6-K3-X2x,O-B6-K3-X2x,Pusat
O-B6-K3-X30x,O-B6-K3-X30x,Pusat
O-B6-K3-X3x,O-B6-K3-X3x,Pusat
O-B6-K3-X4x,O-B6-K3-X4x,Pusat
O-B6-K3-X5x,O-B6-K3-X5x,Pusat
O-B6-K3-X6x,O-B6-K3-X6x,Pusat
O-B6-K3-X7x,O-B6-K3-X7x,Pusat
O-B6-K3-X8x,O-B6-K3-X8x,Pusat
O-B6-K3-X9x,O-B6-K3-X9x,Pusat
O-B6-K4-X10x,O-B6-K4-X10x,Pusat
O-B6-K4-X11x,O-B6-K4-X11x,Pusat
O-B6-K4-X12x,O-B6-K4-X12x,Pusat
O-B6-K4-X13x,O-B6-K4-X13x,Pusat
O-B6-K4-X14x,O-B6-K4-X14x,Pusat
O-B6-K4-X15x,O-B6-K4-X15x,Pusat
O-B6-K4-X16x,O-B6-K4-X16x,Pusat
O-B6-K4-X17x,O-B6-K4-X17x,Pusat
O-B6-K4-X18x,O-B6-K4-X18x,Pusat
O-B6-K4-X19x,O-B6-K4-X19x,Pusat
O-B6-K4-X1x,O-B6-K4-X1x,Pusat
O-B6-K4-X20x,O-B6-K4-X20x,Pusat
O-B6-K4-X21x,O-B6-K4-X21x,Pusat
O-B6-K4-X22x,O-B6-K4-X22x,Pusat
O-B6-K4-X23x,O-B6-K4-X23x,Pusat
O-B6-K4-X24x,O-B6-K4-X24x,Pusat
O-B6-K4-X25x,O-B6-K4-X25x,Pusat
O-B6-K4-X26x,O-B6-K4-X26x,Pusat
O-B6-K4-X27x,O-B6-K4-X27x,Pusat
O-B6-K4-X28x,O-B6-K4-X28x,Pusat
O-B6-K4-X29x,O-B6-K4-X29x,Pusat
O-B6-K4-X2x,O-B6-K4-X2x,Pusat
O-B6-K4-X30x,O-B6-K4-X30x,Pusat
O-B6-K4-X3x,O-B6-K4-X3x,Pusat
O-B6-K4-X4x,O-B6-K4-X4x,Pusat
O-B6-K4-X5x,O-B6-K4-X5x,Pusat
O-B6-K4-X6x,O-B6-K4-X6x,Pusat
O-B6-K4-X7x,O-B6-K4-X7x,Pusat
O-B6-K4-X8x,O-B6-K4-X8x,Pusat
O-B6-K4-X9x,O-B6-K4-X9x,Pusat
O-B6-K5-X10x,O-B6-K5-X10x,Pusat
O-B6-K5-X11x,O-B6-K5-X11x,Pusat
O-B6-K5-X12x,O-B6-K5-X12x,Pusat
O-B6-K5-X13x,O-B6-K5-X13x,Pusat
O-B6-K5-X14x,O-B6-K5-X14x,Pusat
O-B6-K5-X15x,O-B6-K5-X15x,Pusat
O-B6-K5-X16x,O-B6-K5-X16x,Pusat
O-B6-K5-X17x,O-B6-K5-X17x,Pusat
O-B6-K5-X18x,O-B6-K5-X18x,Pusat
O-B6-K5-X19x,O-B6-K5-X19x,Pusat
O-B6-K5-X1x,O-B6-K5-X1x,Pusat
O-B6-K5-X20x,O-B6-K5-X20x,Pusat
O-B6-K5-X21x,O-B6-K5-X21x,Pusat
O-B6-K5-X22x,O-B6-K5-X22x,Pusat
O-B6-K5-X23x,O-B6-K5-X23x,Pusat
O-B6-K5-X24x,O-B6-K5-X24x,Pusat
O-B6-K5-X25x,O-B6-K5-X25x,Pusat
O-B6-K5-X26x,O-B6-K5-X26x,Pusat
O-B6-K5-X27x,O-B6-K5-X27x,Pusat
O-B6-K5-X28x,O-B6-K5-X28x,Pusat
O-B6-K5-X29x,O-B6-K5-X29x,Pusat
O-B6-K5-X2x,O-B6-K5-X2x,Pusat
O-B6-K5-X30x,O-B6-K5-X30x,Pusat
O-B6-K5-X3x,O-B6-K5-X3x,Pusat
O-B6-K5-X4x,O-B6-K5-X4x,Pusat
O-B6-K5-X5x,O-B6-K5-X5x,Pusat
O-B6-K5-X6x,O-B6-K5-X6x,Pusat
O-B6-K5-X7x,O-B6-K5-X7x,Pusat
O-B6-K5-X8x,O-B6-K5-X8x,Pusat
O-B6-K5-X9x,O-B6-K5-X9x,Pusat
O-B6-K6-X10x,O-B6-K6-X10x,Pusat
O-B6-K6-X11x,O-B6-K6-X11x,Pusat
O-B6-K6-X12x,O-B6-K6-X12x,Pusat
O-B6-K6-X13x,O-B6-K6-X13x,Pusat
O-B6-K6-X14x,O-B6-K6-X14x,Pusat
O-B6-K6-X15x,O-B6-K6-X15x,Pusat
O-B6-K6-X16x,O-B6-K6-X16x,Pusat
O-B6-K6-X17x,O-B6-K6-X17x,Pusat
O-B6-K6-X18x,O-B6-K6-X18x,Pusat
O-B6-K6-X19x,O-B6-K6-X19x,Pusat
O-B6-K6-X1x,O-B6-K6-X1x,Pusat
O-B6-K6-X20x,O-B6-K6-X20x,Pusat
O-B6-K6-X21x,O-B6-K6-X21x,Pusat
O-B6-K6-X22x,O-B6-K6-X22x,Pusat
O-B6-K6-X23x,O-B6-K6-X23x,Pusat
O-B6-K6-X24x,O-B6-K6-X24x,Pusat
O-B6-K6-X25x,O-B6-K6-X25x,Pusat
O-B6-K6-X26x,O-B6-K6-X26x,Pusat
O-B6-K6-X27x,O-B6-K6-X27x,Pusat
O-B6-K6-X28x,O-B6-K6-X28x,Pusat
O-B6-K6-X29x,O-B6-K6-X29x,Pusat
O-B6-K6-X2x,O-B6-K6-X2x,Pusat
O-B6-K6-X30x,O-B6-K6-X30x,Pusat
O-B6-K6-X3x,O-B6-K6-X3x,Pusat
O-B6-K6-X4x,O-B6-K6-X4x,Pusat
O-B6-K6-X5x,O-B6-K6-X5x,Pusat
O-B6-K6-X6x,O-B6-K6-X6x,Pusat
O-B6-K6-X7x,O-B6-K6-X7x,Pusat
O-B6-K6-X8x,O-B6-K6-X8x,Pusat
O-B6-K6-X9x,O-B6-K6-X9x,Pusat
O-B6-K7-X10x,O-B6-K7-X10x,Pusat
O-B6-K7-X11x,O-B6-K7-X11x,Pusat
O-B6-K7-X12x,O-B6-K7-X12x,Pusat
O-B6-K7-X13x,O-B6-K7-X13x,Pusat
O-B6-K7-X14x,O-B6-K7-X14x,Pusat
O-B6-K7-X15x,O-B6-K7-X15x,Pusat
O-B6-K7-X16x,O-B6-K7-X16x,Pusat
O-B6-K7-X17x,O-B6-K7-X17x,Pusat
O-B6-K7-X18x,O-B6-K7-X18x,Pusat
O-B6-K7-X19x,O-B6-K7-X19x,Pusat
O-B6-K7-X1x,O-B6-K7-X1x,Pusat
O-B6-K7-X20x,O-B6-K7-X20x,Pusat
O-B6-K7-X21x,O-B6-K7-X21x,Pusat
O-B6-K7-X22x,O-B6-K7-X22x,Pusat
O-B6-K7-X23x,O-B6-K7-X23x,Pusat
O-B6-K7-X24x,O-B6-K7-X24x,Pusat
O-B6-K7-X25x,O-B6-K7-X25x,Pusat
O-B6-K7-X26x,O-B6-K7-X26x,Pusat
O-B6-K7-X27x,O-B6-K7-X27x,Pusat
O-B6-K7-X28x,O-B6-K7-X28x,Pusat
O-B6-K7-X29x,O-B6-K7-X29x,Pusat
O-B6-K7-X2x,O-B6-K7-X2x,Pusat
O-B6-K7-X30x,O-B6-K7-X30x,Pusat
O-B6-K7-X3x,O-B6-K7-X3x,Pusat
O-B6-K7-X4x,O-B6-K7-X4x,Pusat
O-B6-K7-X5x,O-B6-K7-X5x,Pusat
O-B6-K7-X6x,O-B6-K7-X6x,Pusat
O-B6-K7-X7x,O-B6-K7-X7x,Pusat
O-B6-K7-X8x,O-B6-K7-X8x,Pusat
O-B6-K7-X9x,O-B6-K7-X9x,Pusat
O-B7-K1-X10x,O-B7-K1-X10x,Pusat
O-B7-K1-X11x,O-B7-K1-X11x,Pusat
O-B7-K1-X12x,O-B7-K1-X12x,Pusat
O-B7-K1-X13x,O-B7-K1-X13x,Pusat
O-B7-K1-X14x,O-B7-K1-X14x,Pusat
O-B7-K1-X15x,O-B7-K1-X15x,Pusat
O-B7-K1-X16x,O-B7-K1-X16x,Pusat
O-B7-K1-X17x,O-B7-K1-X17x,Pusat
O-B7-K1-X18x,O-B7-K1-X18x,Pusat
O-B7-K1-X19x,O-B7-K1-X19x,Pusat
O-B7-K1-X1x,O-B7-K1-X1x,Pusat
O-B7-K1-X20x,O-B7-K1-X20x,Pusat
O-B7-K1-X21x,O-B7-K1-X21x,Pusat
O-B7-K1-X22x,O-B7-K1-X22x,Pusat
O-B7-K1-X23x,O-B7-K1-X23x,Pusat
O-B7-K1-X24x,O-B7-K1-X24x,Pusat
O-B7-K1-X25x,O-B7-K1-X25x,Pusat
O-B7-K1-X26x,O-B7-K1-X26x,Pusat
O-B7-K1-X27x,O-B7-K1-X27x,Pusat
O-B7-K1-X28x,O-B7-K1-X28x,Pusat
O-B7-K1-X29x,O-B7-K1-X29x,Pusat
O-B7-K1-X2x,O-B7-K1-X2x,Pusat
O-B7-K1-X30x,O-B7-K1-X30x,Pusat
O-B7-K1-X3x,O-B7-K1-X3x,Pusat
O-B7-K1-X4x,O-B7-K1-X4x,Pusat
O-B7-K1-X5x,O-B7-K1-X5x,Pusat
O-B7-K1-X6x,O-B7-K1-X6x,Pusat
O-B7-K1-X7x,O-B7-K1-X7x,Pusat
O-B7-K1-X8x,O-B7-K1-X8x,Pusat
O-B7-K1-X9x,O-B7-K1-X9x,Pusat
O-B7-K2-X10x,O-B7-K2-X10x,Pusat
O-B7-K2-X11x,O-B7-K2-X11x,Pusat
O-B7-K2-X12x,O-B7-K2-X12x,Pusat
O-B7-K2-X13x,O-B7-K2-X13x,Pusat
O-B7-K2-X14x,O-B7-K2-X14x,Pusat
O-B7-K2-X15x,O-B7-K2-X15x,Pusat
O-B7-K2-X16x,O-B7-K2-X16x,Pusat
O-B7-K2-X17x,O-B7-K2-X17x,Pusat
O-B7-K2-X18x,O-B7-K2-X18x,Pusat
O-B7-K2-X19x,O-B7-K2-X19x,Pusat
O-B7-K2-X1x,O-B7-K2-X1x,Pusat
O-B7-K2-X20x,O-B7-K2-X20x,Pusat
O-B7-K2-X21x,O-B7-K2-X21x,Pusat
O-B7-K2-X22x,O-B7-K2-X22x,Pusat
O-B7-K2-X23x,O-B7-K2-X23x,Pusat
O-B7-K2-X24x,O-B7-K2-X24x,Pusat
O-B7-K2-X25x,O-B7-K2-X25x,Pusat
O-B7-K2-X26x,O-B7-K2-X26x,Pusat
O-B7-K2-X27x,O-B7-K2-X27x,Pusat
O-B7-K2-X28x,O-B7-K2-X28x,Pusat
O-B7-K2-X29x,O-B7-K2-X29x,Pusat
O-B7-K2-X2x,O-B7-K2-X2x,Pusat
O-B7-K2-X30x,O-B7-K2-X30x,Pusat
O-B7-K2-X3x,O-B7-K2-X3x,Pusat
O-B7-K2-X4x,O-B7-K2-X4x,Pusat
O-B7-K2-X5x,O-B7-K2-X5x,Pusat
O-B7-K2-X6x,O-B7-K2-X6x,Pusat
O-B7-K2-X7x,O-B7-K2-X7x,Pusat
O-B7-K2-X8x,O-B7-K2-X8x,Pusat
O-B7-K2-X9x,O-B7-K2-X9x,Pusat
O-B7-K3-X10x,O-B7-K3-X10x,Pusat
O-B7-K3-X11x,O-B7-K3-X11x,Pusat
O-B7-K3-X12x,O-B7-K3-X12x,Pusat
O-B7-K3-X13x,O-B7-K3-X13x,Pusat
O-B7-K3-X14x,O-B7-K3-X14x,Pusat
O-B7-K3-X15x,O-B7-K3-X15x,Pusat
O-B7-K3-X16x,O-B7-K3-X16x,Pusat
O-B7-K3-X17x,O-B7-K3-X17x,Pusat
O-B7-K3-X18x,O-B7-K3-X18x,Pusat
O-B7-K3-X19x,O-B7-K3-X19x,Pusat
O-B7-K3-X1x,O-B7-K3-X1x,Pusat
O-B7-K3-X20x,O-B7-K3-X20x,Pusat
O-B7-K3-X21x,O-B7-K3-X21x,Pusat
O-B7-K3-X22x,O-B7-K3-X22x,Pusat
O-B7-K3-X23x,O-B7-K3-X23x,Pusat
O-B7-K3-X24x,O-B7-K3-X24x,Pusat
O-B7-K3-X25x,O-B7-K3-X25x,Pusat
O-B7-K3-X26x,O-B7-K3-X26x,Pusat
O-B7-K3-X27x,O-B7-K3-X27x,Pusat
O-B7-K3-X28x,O-B7-K3-X28x,Pusat
O-B7-K3-X29x,O-B7-K3-X29x,Pusat
O-B7-K3-X2x,O-B7-K3-X2x,Pusat
O-B7-K3-X30x,O-B7-K3-X30x,Pusat
O-B7-K3-X3x,O-B7-K3-X3x,Pusat
O-B7-K3-X4x,O-B7-K3-X4x,Pusat
O-B7-K3-X5x,O-B7-K3-X5x,Pusat
O-B7-K3-X6x,O-B7-K3-X6x,Pusat
O-B7-K3-X7x,O-B7-K3-X7x,Pusat
O-B7-K3-X8x,O-B7-K3-X8x,Pusat
O-B7-K3-X9x,O-B7-K3-X9x,Pusat
O-B7-K4-X10x,O-B7-K4-X10x,Pusat
O-B7-K4-X11x,O-B7-K4-X11x,Pusat
O-B7-K4-X12x,O-B7-K4-X12x,Pusat
O-B7-K4-X13x,O-B7-K4-X13x,Pusat
O-B7-K4-X14x,O-B7-K4-X14x,Pusat
O-B7-K4-X15x,O-B7-K4-X15x,Pusat
O-B7-K4-X16x,O-B7-K4-X16x,Pusat
O-B7-K4-X17x,O-B7-K4-X17x,Pusat
O-B7-K4-X18x,O-B7-K4-X18x,Pusat
O-B7-K4-X19x,O-B7-K4-X19x,Pusat
O-B7-K4-X1x,O-B7-K4-X1x,Pusat
O-B7-K4-X20x,O-B7-K4-X20x,Pusat
O-B7-K4-X21x,O-B7-K4-X21x,Pusat
O-B7-K4-X22x,O-B7-K4-X22x,Pusat
O-B7-K4-X23x,O-B7-K4-X23x,Pusat
O-B7-K4-X24x,O-B7-K4-X24x,Pusat
O-B7-K4-X25x,O-B7-K4-X25x,Pusat
O-B7-K4-X26x,O-B7-K4-X26x,Pusat
O-B7-K4-X27x,O-B7-K4-X27x,Pusat
O-B7-K4-X28x,O-B7-K4-X28x,Pusat
O-B7-K4-X29x,O-B7-K4-X29x,Pusat
O-B7-K4-X2x,O-B7-K4-X2x,Pusat
O-B7-K4-X30x,O-B7-K4-X30x,Pusat
O-B7-K4-X3x,O-B7-K4-X3x,Pusat
O-B7-K4-X4x,O-B7-K4-X4x,Pusat
O-B7-K4-X5x,O-B7-K4-X5x,Pusat
O-B7-K4-X6x,O-B7-K4-X6x,Pusat
O-B7-K4-X7x,O-B7-K4-X7x,Pusat
O-B7-K4-X8x,O-B7-K4-X8x,Pusat
O-B7-K4-X9x,O-B7-K4-X9x,Pusat
O-B7-K5-X10x,O-B7-K5-X10x,Pusat
O-B7-K5-X11x,O-B7-K5-X11x,Pusat
O-B7-K5-X12x,O-B7-K5-X12x,Pusat
O-B7-K5-X13x,O-B7-K5-X13x,Pusat
O-B7-K5-X14x,O-B7-K5-X14x,Pusat
O-B7-K5-X15x,O-B7-K5-X15x,Pusat
O-B7-K5-X16x,O-B7-K5-X16x,Pusat
O-B7-K5-X17x,O-B7-K5-X17x,Pusat
O-B7-K5-X18x,O-B7-K5-X18x,Pusat
O-B7-K5-X19x,O-B7-K5-X19x,Pusat
O-B7-K5-X1x,O-B7-K5-X1x,Pusat
O-B7-K5-X20x,O-B7-K5-X20x,Pusat
O-B7-K5-X21x,O-B7-K5-X21x,Pusat
O-B7-K5-X22x,O-B7-K5-X22x,Pusat
O-B7-K5-X23x,O-B7-K5-X23x,Pusat
O-B7-K5-X24x,O-B7-K5-X24x,Pusat
O-B7-K5-X25x,O-B7-K5-X25x,Pusat
O-B7-K5-X26x,O-B7-K5-X26x,Pusat
O-B7-K5-X27x,O-B7-K5-X27x,Pusat
O-B7-K5-X28x,O-B7-K5-X28x,Pusat
O-B7-K5-X29x,O-B7-K5-X29x,Pusat
O-B7-K5-X2x,O-B7-K5-X2x,Pusat
O-B7-K5-X30x,O-B7-K5-X30x,Pusat
O-B7-K5-X3x,O-B7-K5-X3x,Pusat
O-B7-K5-X4x,O-B7-K5-X4x,Pusat
O-B7-K5-X5x,O-B7-K5-X5x,Pusat
O-B7-K5-X6x,O-B7-K5-X6x,Pusat
O-B7-K5-X7x,O-B7-K5-X7x,Pusat
O-B7-K5-X8x,O-B7-K5-X8x,Pusat
O-B7-K5-X9x,O-B7-K5-X9x,Pusat
O-B7-K6-X10x,O-B7-K6-X10x,Pusat
O-B7-K6-X11x,O-B7-K6-X11x,Pusat
O-B7-K6-X12x,O-B7-K6-X12x,Pusat
O-B7-K6-X13x,O-B7-K6-X13x,Pusat
O-B7-K6-X14x,O-B7-K6-X14x,Pusat
O-B7-K6-X15x,O-B7-K6-X15x,Pusat
O-B7-K6-X16x,O-B7-K6-X16x,Pusat
O-B7-K6-X17x,O-B7-K6-X17x,Pusat
O-B7-K6-X18x,O-B7-K6-X18x,Pusat
O-B7-K6-X19x,O-B7-K6-X19x,Pusat
O-B7-K6-X1x,O-B7-K6-X1x,Pusat
O-B7-K6-X20x,O-B7-K6-X20x,Pusat
O-B7-K6-X21x,O-B7-K6-X21x,Pusat
O-B7-K6-X22x,O-B7-K6-X22x,Pusat
O-B7-K6-X23x,O-B7-K6-X23x,Pusat
O-B7-K6-X24x,O-B7-K6-X24x,Pusat
O-B7-K6-X25x,O-B7-K6-X25x,Pusat
O-B7-K6-X26x,O-B7-K6-X26x,Pusat
O-B7-K6-X27x,O-B7-K6-X27x,Pusat
O-B7-K6-X28x,O-B7-K6-X28x,Pusat
O-B7-K6-X29x,O-B7-K6-X29x,Pusat
O-B7-K6-X2x,O-B7-K6-X2x,Pusat
O-B7-K6-X30x,O-B7-K6-X30x,Pusat
O-B7-K6-X3x,O-B7-K6-X3x,Pusat
O-B7-K6-X4x,O-B7-K6-X4x,Pusat
O-B7-K6-X5x,O-B7-K6-X5x,Pusat
O-B7-K6-X6x,O-B7-K6-X6x,Pusat
O-B7-K6-X7x,O-B7-K6-X7x,Pusat
O-B7-K6-X8x,O-B7-K6-X8x,Pusat
O-B7-K6-X9x,O-B7-K6-X9x,Pusat
O-B7-K7-X10x,O-B7-K7-X10x,Pusat
O-B7-K7-X11x,O-B7-K7-X11x,Pusat
O-B7-K7-X12x,O-B7-K7-X12x,Pusat
O-B7-K7-X13x,O-B7-K7-X13x,Pusat
O-B7-K7-X14x,O-B7-K7-X14x,Pusat
O-B7-K7-X15x,O-B7-K7-X15x,Pusat
O-B7-K7-X16x,O-B7-K7-X16x,Pusat
O-B7-K7-X17x,O-B7-K7-X17x,Pusat
O-B7-K7-X18x,O-B7-K7-X18x,Pusat
O-B7-K7-X19x,O-B7-K7-X19x,Pusat
O-B7-K7-X1x,O-B7-K7-X1x,Pusat
O-B7-K7-X20x,O-B7-K7-X20x,Pusat
O-B7-K7-X21x,O-B7-K7-X21x,Pusat
O-B7-K7-X22x,O-B7-K7-X22x,Pusat
O-B7-K7-X23x,O-B7-K7-X23x,Pusat
O-B7-K7-X24x,O-B7-K7-X24x,Pusat
O-B7-K7-X25x,O-B7-K7-X25x,Pusat
O-B7-K7-X26x,O-B7-K7-X26x,Pusat
O-B7-K7-X27x,O-B7-K7-X27x,Pusat
O-B7-K7-X28x,O-B7-K7-X28x,Pusat
O-B7-K7-X29x,O-B7-K7-X29x,Pusat
O-B7-K7-X2x,O-B7-K7-X2x,Pusat
O-B7-K7-X30x,O-B7-K7-X30x,Pusat
O-B7-K7-X3x,O-B7-K7-X3x,Pusat
O-B7-K7-X4x,O-B7-K7-X4x,Pusat
O-B7-K7-X5x,O-B7-K7-X5x,Pusat
O-B7-K7-X6x,O-B7-K7-X6x,Pusat
O-B7-K7-X7x,O-B7-K7-X7x,Pusat
O-B7-K7-X8x,O-B7-K7-X8x,Pusat
O-B7-K7-X9x,O-B7-K7-X9x,Pusat
O-B8-K1-X10x,O-B8-K1-X10x,Pusat
O-B8-K1-X11x,O-B8-K1-X11x,Pusat
O-B8-K1-X12x,O-B8-K1-X12x,Pusat
O-B8-K1-X13x,O-B8-K1-X13x,Pusat
O-B8-K1-X14x,O-B8-K1-X14x,Pusat
O-B8-K1-X15x,O-B8-K1-X15x,Pusat
O-B8-K1-X16x,O-B8-K1-X16x,Pusat
O-B8-K1-X17x,O-B8-K1-X17x,Pusat
O-B8-K1-X18x,O-B8-K1-X18x,Pusat
O-B8-K1-X19x,O-B8-K1-X19x,Pusat
O-B8-K1-X1x,O-B8-K1-X1x,Pusat
O-B8-K1-X20x,O-B8-K1-X20x,Pusat
O-B8-K1-X21x,O-B8-K1-X21x,Pusat
O-B8-K1-X22x,O-B8-K1-X22x,Pusat
O-B8-K1-X23x,O-B8-K1-X23x,Pusat
O-B8-K1-X24x,O-B8-K1-X24x,Pusat
O-B8-K1-X25x,O-B8-K1-X25x,Pusat
O-B8-K1-X26x,O-B8-K1-X26x,Pusat
O-B8-K1-X27x,O-B8-K1-X27x,Pusat
O-B8-K1-X28x,O-B8-K1-X28x,Pusat
O-B8-K1-X29x,O-B8-K1-X29x,Pusat
O-B8-K1-X2x,O-B8-K1-X2x,Pusat
O-B8-K1-X30x,O-B8-K1-X30x,Pusat
O-B8-K1-X3x,O-B8-K1-X3x,Pusat
O-B8-K1-X4x,O-B8-K1-X4x,Pusat
O-B8-K1-X5x,O-B8-K1-X5x,Pusat
O-B8-K1-X6x,O-B8-K1-X6x,Pusat
O-B8-K1-X7x,O-B8-K1-X7x,Pusat
O-B8-K1-X8x,O-B8-K1-X8x,Pusat
O-B8-K1-X9x,O-B8-K1-X9x,Pusat
O-B8-K2-X10x,O-B8-K2-X10x,Pusat
O-B8-K2-X11x,O-B8-K2-X11x,Pusat
O-B8-K2-X12x,O-B8-K2-X12x,Pusat
O-B8-K2-X13x,O-B8-K2-X13x,Pusat
O-B8-K2-X14x,O-B8-K2-X14x,Pusat
O-B8-K2-X15x,O-B8-K2-X15x,Pusat
O-B8-K2-X16x,O-B8-K2-X16x,Pusat
O-B8-K2-X17x,O-B8-K2-X17x,Pusat
O-B8-K2-X18x,O-B8-K2-X18x,Pusat
O-B8-K2-X19x,O-B8-K2-X19x,Pusat
O-B8-K2-X1x,O-B8-K2-X1x,Pusat
O-B8-K2-X20x,O-B8-K2-X20x,Pusat
O-B8-K2-X21x,O-B8-K2-X21x,Pusat
O-B8-K2-X22x,O-B8-K2-X22x,Pusat
O-B8-K2-X23x,O-B8-K2-X23x,Pusat
O-B8-K2-X24x,O-B8-K2-X24x,Pusat
O-B8-K2-X25x,O-B8-K2-X25x,Pusat
O-B8-K2-X26x,O-B8-K2-X26x,Pusat
O-B8-K2-X27x,O-B8-K2-X27x,Pusat
O-B8-K2-X28x,O-B8-K2-X28x,Pusat
O-B8-K2-X29x,O-B8-K2-X29x,Pusat
O-B8-K2-X2x,O-B8-K2-X2x,Pusat
O-B8-K2-X30x,O-B8-K2-X30x,Pusat
O-B8-K2-X3x,O-B8-K2-X3x,Pusat
O-B8-K2-X4x,O-B8-K2-X4x,Pusat
O-B8-K2-X5x,O-B8-K2-X5x,Pusat
O-B8-K2-X6x,O-B8-K2-X6x,Pusat
O-B8-K2-X7x,O-B8-K2-X7x,Pusat
O-B8-K2-X8x,O-B8-K2-X8x,Pusat
O-B8-K2-X9x,O-B8-K2-X9x,Pusat
O-B8-K3-X10x,O-B8-K3-X10x,Pusat
O-B8-K3-X11x,O-B8-K3-X11x,Pusat
O-B8-K3-X12x,O-B8-K3-X12x,Pusat
O-B8-K3-X13x,O-B8-K3-X13x,Pusat
O-B8-K3-X14x,O-B8-K3-X14x,Pusat
O-B8-K3-X15x,O-B8-K3-X15x,Pusat
O-B8-K3-X16x,O-B8-K3-X16x,Pusat
O-B8-K3-X17x,O-B8-K3-X17x,Pusat
O-B8-K3-X18x,O-B8-K3-X18x,Pusat
O-B8-K3-X19x,O-B8-K3-X19x,Pusat
O-B8-K3-X1x,O-B8-K3-X1x,Pusat
O-B8-K3-X20x,O-B8-K3-X20x,Pusat
O-B8-K3-X21x,O-B8-K3-X21x,Pusat
O-B8-K3-X22x,O-B8-K3-X22x,Pusat
O-B8-K3-X23x,O-B8-K3-X23x,Pusat
O-B8-K3-X24x,O-B8-K3-X24x,Pusat
O-B8-K3-X25x,O-B8-K3-X25x,Pusat
O-B8-K3-X26x,O-B8-K3-X26x,Pusat
O-B8-K3-X27x,O-B8-K3-X27x,Pusat
O-B8-K3-X28x,O-B8-K3-X28x,Pusat
O-B8-K3-X29x,O-B8-K3-X29x,Pusat
O-B8-K3-X2x,O-B8-K3-X2x,Pusat
O-B8-K3-X30x,O-B8-K3-X30x,Pusat
O-B8-K3-X3x,O-B8-K3-X3x,Pusat
O-B8-K3-X4x,O-B8-K3-X4x,Pusat
O-B8-K3-X5x,O-B8-K3-X5x,Pusat
O-B8-K3-X6x,O-B8-K3-X6x,Pusat
O-B8-K3-X7x,O-B8-K3-X7x,Pusat
O-B8-K3-X8x,O-B8-K3-X8x,Pusat
O-B8-K3-X9x,O-B8-K3-X9x,Pusat
O-B8-K4-X10x,O-B8-K4-X10x,Pusat
O-B8-K4-X11x,O-B8-K4-X11x,Pusat
O-B8-K4-X12x,O-B8-K4-X12x,Pusat
O-B8-K4-X13x,O-B8-K4-X13x,Pusat
O-B8-K4-X14x,O-B8-K4-X14x,Pusat
O-B8-K4-X15x,O-B8-K4-X15x,Pusat
O-B8-K4-X16x,O-B8-K4-X16x,Pusat
O-B8-K4-X17x,O-B8-K4-X17x,Pusat
O-B8-K4-X18x,O-B8-K4-X18x,Pusat
O-B8-K4-X19x,O-B8-K4-X19x,Pusat
O-B8-K4-X1x,O-B8-K4-X1x,Pusat
O-B8-K4-X20x,O-B8-K4-X20x,Pusat
O-B8-K4-X21x,O-B8-K4-X21x,Pusat
O-B8-K4-X22x,O-B8-K4-X22x,Pusat
O-B8-K4-X23x,O-B8-K4-X23x,Pusat
O-B8-K4-X24x,O-B8-K4-X24x,Pusat
O-B8-K4-X25x,O-B8-K4-X25x,Pusat
O-B8-K4-X26x,O-B8-K4-X26x,Pusat
O-B8-K4-X27x,O-B8-K4-X27x,Pusat
O-B8-K4-X28x,O-B8-K4-X28x,Pusat
O-B8-K4-X29x,O-B8-K4-X29x,Pusat
O-B8-K4-X2x,O-B8-K4-X2x,Pusat
O-B8-K4-X30x,O-B8-K4-X30x,Pusat
O-B8-K4-X3x,O-B8-K4-X3x,Pusat
O-B8-K4-X4x,O-B8-K4-X4x,Pusat
O-B8-K4-X5x,O-B8-K4-X5x,Pusat
O-B8-K4-X6x,O-B8-K4-X6x,Pusat
O-B8-K4-X7x,O-B8-K4-X7x,Pusat
O-B8-K4-X8x,O-B8-K4-X8x,Pusat
O-B8-K4-X9x,O-B8-K4-X9x,Pusat
O-B8-K5-X10x,O-B8-K5-X10x,Pusat
O-B8-K5-X11x,O-B8-K5-X11x,Pusat
O-B8-K5-X12x,O-B8-K5-X12x,Pusat
O-B8-K5-X13x,O-B8-K5-X13x,Pusat
O-B8-K5-X14x,O-B8-K5-X14x,Pusat
O-B8-K5-X15x,O-B8-K5-X15x,Pusat
O-B8-K5-X16x,O-B8-K5-X16x,Pusat
O-B8-K5-X17x,O-B8-K5-X17x,Pusat
O-B8-K5-X18x,O-B8-K5-X18x,Pusat
O-B8-K5-X19x,O-B8-K5-X19x,Pusat
O-B8-K5-X1x,O-B8-K5-X1x,Pusat
O-B8-K5-X20x,O-B8-K5-X20x,Pusat
O-B8-K5-X21x,O-B8-K5-X21x,Pusat
O-B8-K5-X22x,O-B8-K5-X22x,Pusat
O-B8-K5-X23x,O-B8-K5-X23x,Pusat
O-B8-K5-X24x,O-B8-K5-X24x,Pusat
O-B8-K5-X25x,O-B8-K5-X25x,Pusat
O-B8-K5-X26x,O-B8-K5-X26x,Pusat
O-B8-K5-X27x,O-B8-K5-X27x,Pusat
O-B8-K5-X28x,O-B8-K5-X28x,Pusat
O-B8-K5-X29x,O-B8-K5-X29x,Pusat
O-B8-K5-X2x,O-B8-K5-X2x,Pusat
O-B8-K5-X30x,O-B8-K5-X30x,Pusat
O-B8-K5-X3x,O-B8-K5-X3x,Pusat
O-B8-K5-X4x,O-B8-K5-X4x,Pusat
O-B8-K5-X5x,O-B8-K5-X5x,Pusat
O-B8-K5-X6x,O-B8-K5-X6x,Pusat
O-B8-K5-X7x,O-B8-K5-X7x,Pusat
O-B8-K5-X8x,O-B8-K5-X8x,Pusat
O-B8-K5-X9x,O-B8-K5-X9x,Pusat
O-B8-K6-X10x,O-B8-K6-X10x,Pusat
O-B8-K6-X11x,O-B8-K6-X11x,Pusat
O-B8-K6-X12x,O-B8-K6-X12x,Pusat
O-B8-K6-X13x,O-B8-K6-X13x,Pusat
O-B8-K6-X14x,O-B8-K6-X14x,Pusat
O-B8-K6-X15x,O-B8-K6-X15x,Pusat
O-B8-K6-X16x,O-B8-K6-X16x,Pusat
O-B8-K6-X17x,O-B8-K6-X17x,Pusat
O-B8-K6-X18x,O-B8-K6-X18x,Pusat
O-B8-K6-X19x,O-B8-K6-X19x,Pusat
O-B8-K6-X1x,O-B8-K6-X1x,Pusat
O-B8-K6-X20x,O-B8-K6-X20x,Pusat
O-B8-K6-X21x,O-B8-K6-X21x,Pusat
O-B8-K6-X22x,O-B8-K6-X22x,Pusat
O-B8-K6-X23x,O-B8-K6-X23x,Pusat
O-B8-K6-X24x,O-B8-K6-X24x,Pusat
O-B8-K6-X25x,O-B8-K6-X25x,Pusat
O-B8-K6-X26x,O-B8-K6-X26x,Pusat
O-B8-K6-X27x,O-B8-K6-X27x,Pusat
O-B8-K6-X28x,O-B8-K6-X28x,Pusat
O-B8-K6-X29x,O-B8-K6-X29x,Pusat
O-B8-K6-X2x,O-B8-K6-X2x,Pusat
O-B8-K6-X30x,O-B8-K6-X30x,Pusat
O-B8-K6-X3x,O-B8-K6-X3x,Pusat
O-B8-K6-X4x,O-B8-K6-X4x,Pusat
O-B8-K6-X5x,O-B8-K6-X5x,Pusat
O-B8-K6-X6x,O-B8-K6-X6x,Pusat
O-B8-K6-X7x,O-B8-K6-X7x,Pusat
O-B8-K6-X8x,O-B8-K6-X8x,Pusat
O-B8-K6-X9x,O-B8-K6-X9x,Pusat
O-B8-K7-X10x,O-B8-K7-X10x,Pusat
O-B8-K7-X11x,O-B8-K7-X11x,Pusat
O-B8-K7-X12x,O-B8-K7-X12x,Pusat
O-B8-K7-X13x,O-B8-K7-X13x,Pusat
O-B8-K7-X14x,O-B8-K7-X14x,Pusat
O-B8-K7-X15x,O-B8-K7-X15x,Pusat
O-B8-K7-X16x,O-B8-K7-X16x,Pusat
O-B8-K7-X17x,O-B8-K7-X17x,Pusat
O-B8-K7-X18x,O-B8-K7-X18x,Pusat
O-B8-K7-X19x,O-B8-K7-X19x,Pusat
O-B8-K7-X1x,O-B8-K7-X1x,Pusat
O-B8-K7-X20x,O-B8-K7-X20x,Pusat
O-B8-K7-X21x,O-B8-K7-X21x,Pusat
O-B8-K7-X22x,O-B8-K7-X22x,Pusat
O-B8-K7-X23x,O-B8-K7-X23x,Pusat
O-B8-K7-X24x,O-B8-K7-X24x,Pusat
O-B8-K7-X25x,O-B8-K7-X25x,Pusat
O-B8-K7-X26x,O-B8-K7-X26x,Pusat
O-B8-K7-X27x,O-B8-K7-X27x,Pusat
O-B8-K7-X28x,O-B8-K7-X28x,Pusat
O-B8-K7-X29x,O-B8-K7-X29x,Pusat
O-B8-K7-X2x,O-B8-K7-X2x,Pusat
O-B8-K7-X30x,O-B8-K7-X30x,Pusat
O-B8-K7-X3x,O-B8-K7-X3x,Pusat
O-B8-K7-X4x,O-B8-K7-X4x,Pusat
O-B8-K7-X5x,O-B8-K7-X5x,Pusat
O-B8-K7-X6x,O-B8-K7-X6x,Pusat
O-B8-K7-X7x,O-B8-K7-X7x,Pusat
O-B8-K7-X8x,O-B8-K7-X8x,Pusat
O-B8-K7-X9x,O-B8-K7-X9x,Pusat
O-B9-K1-X10x,O-B9-K1-X10x,Pusat
O-B9-K1-X11x,O-B9-K1-X11x,Pusat
O-B9-K1-X12x,O-B9-K1-X12x,Pusat
O-B9-K1-X13x,O-B9-K1-X13x,Pusat
O-B9-K1-X14x,O-B9-K1-X14x,Pusat
O-B9-K1-X15x,O-B9-K1-X15x,Pusat
O-B9-K1-X16x,O-B9-K1-X16x,Pusat
O-B9-K1-X17x,O-B9-K1-X17x,Pusat
O-B9-K1-X18x,O-B9-K1-X18x,Pusat
O-B9-K1-X19x,O-B9-K1-X19x,Pusat
O-B9-K1-X1x,O-B9-K1-X1x,Pusat
O-B9-K1-X20x,O-B9-K1-X20x,Pusat
O-B9-K1-X21x,O-B9-K1-X21x,Pusat
O-B9-K1-X22x,O-B9-K1-X22x,Pusat
O-B9-K1-X23x,O-B9-K1-X23x,Pusat
O-B9-K1-X24x,O-B9-K1-X24x,Pusat
O-B9-K1-X25x,O-B9-K1-X25x,Pusat
O-B9-K1-X26x,O-B9-K1-X26x,Pusat
O-B9-K1-X27x,O-B9-K1-X27x,Pusat
O-B9-K1-X28x,O-B9-K1-X28x,Pusat
O-B9-K1-X29x,O-B9-K1-X29x,Pusat
O-B9-K1-X2x,O-B9-K1-X2x,Pusat
O-B9-K1-X30x,O-B9-K1-X30x,Pusat
O-B9-K1-X3x,O-B9-K1-X3x,Pusat
O-B9-K1-X4x,O-B9-K1-X4x,Pusat
O-B9-K1-X5x,O-B9-K1-X5x,Pusat
O-B9-K1-X6x,O-B9-K1-X6x,Pusat
O-B9-K1-X7x,O-B9-K1-X7x,Pusat
O-B9-K1-X8x,O-B9-K1-X8x,Pusat
O-B9-K1-X9x,O-B9-K1-X9x,Pusat
O-B9-K2-X10x,O-B9-K2-X10x,Pusat
O-B9-K2-X11x,O-B9-K2-X11x,Pusat
O-B9-K2-X12x,O-B9-K2-X12x,Pusat
O-B9-K2-X13x,O-B9-K2-X13x,Pusat
O-B9-K2-X14x,O-B9-K2-X14x,Pusat
O-B9-K2-X15x,O-B9-K2-X15x,Pusat
O-B9-K2-X16x,O-B9-K2-X16x,Pusat
O-B9-K2-X17x,O-B9-K2-X17x,Pusat
O-B9-K2-X18x,O-B9-K2-X18x,Pusat
O-B9-K2-X19x,O-B9-K2-X19x,Pusat
O-B9-K2-X1x,O-B9-K2-X1x,Pusat
O-B9-K2-X20x,O-B9-K2-X20x,Pusat
O-B9-K2-X21x,O-B9-K2-X21x,Pusat
O-B9-K2-X22x,O-B9-K2-X22x,Pusat
O-B9-K2-X23x,O-B9-K2-X23x,Pusat
O-B9-K2-X24x,O-B9-K2-X24x,Pusat
O-B9-K2-X25x,O-B9-K2-X25x,Pusat
O-B9-K2-X26x,O-B9-K2-X26x,Pusat
O-B9-K2-X27x,O-B9-K2-X27x,Pusat
O-B9-K2-X28x,O-B9-K2-X28x,Pusat
O-B9-K2-X29x,O-B9-K2-X29x,Pusat
O-B9-K2-X2x,O-B9-K2-X2x,Pusat
O-B9-K2-X30x,O-B9-K2-X30x,Pusat
O-B9-K2-X3x,O-B9-K2-X3x,Pusat
O-B9-K2-X4x,O-B9-K2-X4x,Pusat
O-B9-K2-X5x,O-B9-K2-X5x,Pusat
O-B9-K2-X6x,O-B9-K2-X6x,Pusat
O-B9-K2-X7x,O-B9-K2-X7x,Pusat
O-B9-K2-X8x,O-B9-K2-X8x,Pusat
O-B9-K2-X9x,O-B9-K2-X9x,Pusat
O-B9-K3-X10x,O-B9-K3-X10x,Pusat
O-B9-K3-X11x,O-B9-K3-X11x,Pusat
O-B9-K3-X12x,O-B9-K3-X12x,Pusat
O-B9-K3-X13x,O-B9-K3-X13x,Pusat
O-B9-K3-X14x,O-B9-K3-X14x,Pusat
O-B9-K3-X15x,O-B9-K3-X15x,Pusat
O-B9-K3-X16x,O-B9-K3-X16x,Pusat
O-B9-K3-X17x,O-B9-K3-X17x,Pusat
O-B9-K3-X18x,O-B9-K3-X18x,Pusat
O-B9-K3-X19x,O-B9-K3-X19x,Pusat
O-B9-K3-X1x,O-B9-K3-X1x,Pusat
O-B9-K3-X20x,O-B9-K3-X20x,Pusat
O-B9-K3-X21x,O-B9-K3-X21x,Pusat
O-B9-K3-X22x,O-B9-K3-X22x,Pusat
O-B9-K3-X23x,O-B9-K3-X23x,Pusat
O-B9-K3-X24x,O-B9-K3-X24x,Pusat
O-B9-K3-X25x,O-B9-K3-X25x,Pusat
O-B9-K3-X26x,O-B9-K3-X26x,Pusat
O-B9-K3-X27x,O-B9-K3-X27x,Pusat
O-B9-K3-X28x,O-B9-K3-X28x,Pusat
O-B9-K3-X29x,O-B9-K3-X29x,Pusat
O-B9-K3-X2x,O-B9-K3-X2x,Pusat
O-B9-K3-X30x,O-B9-K3-X30x,Pusat
O-B9-K3-X3x,O-B9-K3-X3x,Pusat
O-B9-K3-X4x,O-B9-K3-X4x,Pusat
O-B9-K3-X5x,O-B9-K3-X5x,Pusat
O-B9-K3-X6x,O-B9-K3-X6x,Pusat
O-B9-K3-X7x,O-B9-K3-X7x,Pusat
O-B9-K3-X8x,O-B9-K3-X8x,Pusat
O-B9-K3-X9x,O-B9-K3-X9x,Pusat
O-B9-K4-X10x,O-B9-K4-X10x,Pusat
O-B9-K4-X11x,O-B9-K4-X11x,Pusat
O-B9-K4-X12x,O-B9-K4-X12x,Pusat
O-B9-K4-X13x,O-B9-K4-X13x,Pusat
O-B9-K4-X14x,O-B9-K4-X14x,Pusat
O-B9-K4-X15x,O-B9-K4-X15x,Pusat
O-B9-K4-X16x,O-B9-K4-X16x,Pusat
O-B9-K4-X17x,O-B9-K4-X17x,Pusat
O-B9-K4-X18x,O-B9-K4-X18x,Pusat
O-B9-K4-X19x,O-B9-K4-X19x,Pusat
O-B9-K4-X1x,O-B9-K4-X1x,Pusat
O-B9-K4-X20x,O-B9-K4-X20x,Pusat
O-B9-K4-X21x,O-B9-K4-X21x,Pusat
O-B9-K4-X22x,O-B9-K4-X22x,Pusat
O-B9-K4-X23x,O-B9-K4-X23x,Pusat
O-B9-K4-X24x,O-B9-K4-X24x,Pusat
O-B9-K4-X25x,O-B9-K4-X25x,Pusat
O-B9-K4-X26x,O-B9-K4-X26x,Pusat
O-B9-K4-X27x,O-B9-K4-X27x,Pusat
O-B9-K4-X28x,O-B9-K4-X28x,Pusat
O-B9-K4-X29x,O-B9-K4-X29x,Pusat
O-B9-K4-X2x,O-B9-K4-X2x,Pusat
O-B9-K4-X30x,O-B9-K4-X30x,Pusat
O-B9-K4-X3x,O-B9-K4-X3x,Pusat
O-B9-K4-X4x,O-B9-K4-X4x,Pusat
O-B9-K4-X5x,O-B9-K4-X5x,Pusat
O-B9-K4-X6x,O-B9-K4-X6x,Pusat
O-B9-K4-X7x,O-B9-K4-X7x,Pusat
O-B9-K4-X8x,O-B9-K4-X8x,Pusat
O-B9-K4-X9x,O-B9-K4-X9x,Pusat
O-B9-K5-X10x,O-B9-K5-X10x,Pusat
O-B9-K5-X11x,O-B9-K5-X11x,Pusat
O-B9-K5-X12x,O-B9-K5-X12x,Pusat
O-B9-K5-X13x,O-B9-K5-X13x,Pusat
O-B9-K5-X14x,O-B9-K5-X14x,Pusat
O-B9-K5-X15x,O-B9-K5-X15x,Pusat
O-B9-K5-X16x,O-B9-K5-X16x,Pusat
O-B9-K5-X17x,O-B9-K5-X17x,Pusat
O-B9-K5-X18x,O-B9-K5-X18x,Pusat
O-B9-K5-X19x,O-B9-K5-X19x,Pusat
O-B9-K5-X1x,O-B9-K5-X1x,Pusat
O-B9-K5-X20x,O-B9-K5-X20x,Pusat
O-B9-K5-X21x,O-B9-K5-X21x,Pusat
O-B9-K5-X22x,O-B9-K5-X22x,Pusat
O-B9-K5-X23x,O-B9-K5-X23x,Pusat
O-B9-K5-X24x,O-B9-K5-X24x,Pusat
O-B9-K5-X25x,O-B9-K5-X25x,Pusat
O-B9-K5-X26x,O-B9-K5-X26x,Pusat
O-B9-K5-X27x,O-B9-K5-X27x,Pusat
O-B9-K5-X28x,O-B9-K5-X28x,Pusat
O-B9-K5-X29x,O-B9-K5-X29x,Pusat
O-B9-K5-X2x,O-B9-K5-X2x,Pusat
O-B9-K5-X30x,O-B9-K5-X30x,Pusat
O-B9-K5-X3x,O-B9-K5-X3x,Pusat
O-B9-K5-X4x,O-B9-K5-X4x,Pusat
O-B9-K5-X5x,O-B9-K5-X5x,Pusat
O-B9-K5-X6x,O-B9-K5-X6x,Pusat
O-B9-K5-X7x,O-B9-K5-X7x,Pusat
O-B9-K5-X8x,O-B9-K5-X8x,Pusat
O-B9-K5-X9x,O-B9-K5-X9x,Pusat
O-B9-K6-X10x,O-B9-K6-X10x,Pusat
O-B9-K6-X11x,O-B9-K6-X11x,Pusat
O-B9-K6-X12x,O-B9-K6-X12x,Pusat
O-B9-K6-X13x,O-B9-K6-X13x,Pusat
O-B9-K6-X14x,O-B9-K6-X14x,Pusat
O-B9-K6-X15x,O-B9-K6-X15x,Pusat
O-B9-K6-X16x,O-B9-K6-X16x,Pusat
O-B9-K6-X17x,O-B9-K6-X17x,Pusat
O-B9-K6-X18x,O-B9-K6-X18x,Pusat
O-B9-K6-X19x,O-B9-K6-X19x,Pusat
O-B9-K6-X1x,O-B9-K6-X1x,Pusat
O-B9-K6-X20x,O-B9-K6-X20x,Pusat
O-B9-K6-X21x,O-B9-K6-X21x,Pusat
O-B9-K6-X22x,O-B9-K6-X22x,Pusat
O-B9-K6-X23x,O-B9-K6-X23x,Pusat
O-B9-K6-X24x,O-B9-K6-X24x,Pusat
O-B9-K6-X25x,O-B9-K6-X25x,Pusat
O-B9-K6-X26x,O-B9-K6-X26x,Pusat
O-B9-K6-X27x,O-B9-K6-X27x,Pusat
O-B9-K6-X28x,O-B9-K6-X28x,Pusat
O-B9-K6-X29x,O-B9-K6-X29x,Pusat
O-B9-K6-X2x,O-B9-K6-X2x,Pusat
O-B9-K6-X30x,O-B9-K6-X30x,Pusat
O-B9-K6-X3x,O-B9-K6-X3x,Pusat
O-B9-K6-X4x,O-B9-K6-X4x,Pusat
O-B9-K6-X5x,O-B9-K6-X5x,Pusat
O-B9-K6-X6x,O-B9-K6-X6x,Pusat
O-B9-K6-X7x,O-B9-K6-X7x,Pusat
O-B9-K6-X8x,O-B9-K6-X8x,Pusat
O-B9-K6-X9x,O-B9-K6-X9x,Pusat
O-B9-K7-X10x,O-B9-K7-X10x,Pusat
O-B9-K7-X11x,O-B9-K7-X11x,Pusat
O-B9-K7-X12x,O-B9-K7-X12x,Pusat
O-B9-K7-X13x,O-B9-K7-X13x,Pusat
O-B9-K7-X14x,O-B9-K7-X14x,Pusat
O-B9-K7-X15x,O-B9-K7-X15x,Pusat
O-B9-K7-X16x,O-B9-K7-X16x,Pusat
O-B9-K7-X17x,O-B9-K7-X17x,Pusat
O-B9-K7-X18x,O-B9-K7-X18x,Pusat
O-B9-K7-X19x,O-B9-K7-X19x,Pusat
O-B9-K7-X1x,O-B9-K7-X1x,Pusat
O-B9-K7-X20x,O-B9-K7-X20x,Pusat
O-B9-K7-X21x,O-B9-K7-X21x,Pusat
O-B9-K7-X22x,O-B9-K7-X22x,Pusat
O-B9-K7-X23x,O-B9-K7-X23x,Pusat
O-B9-K7-X24x,O-B9-K7-X24x,Pusat
O-B9-K7-X25x,O-B9-K7-X25x,Pusat
O-B9-K7-X26x,O-B9-K7-X26x,Pusat
O-B9-K7-X27x,O-B9-K7-X27x,Pusat
O-B9-K7-X28x,O-B9-K7-X28x,Pusat
O-B9-K7-X29x,O-B9-K7-X29x,Pusat
O-B9-K7-X2x,O-B9-K7-X2x,Pusat
O-B9-K7-X30x,O-B9-K7-X30x,Pusat
O-B9-K7-X3x,O-B9-K7-X3x,Pusat
O-B9-K7-X4x,O-B9-K7-X4x,Pusat
O-B9-K7-X5x,O-B9-K7-X5x,Pusat
O-B9-K7-X6x,O-B9-K7-X6x,Pusat
O-B9-K7-X7x,O-B9-K7-X7x,Pusat
O-B9-K7-X8x,O-B9-K7-X8x,Pusat
O-B9-K7-X9x,O-B9-K7-X9x,Pusat
O-C1-K1-X10x,O-C1-K1-X10x,Pusat
O-C1-K1-X11x,O-C1-K1-X11x,Pusat
O-C1-K1-X12x,O-C1-K1-X12x,Pusat
O-C1-K1-X13x,O-C1-K1-X13x,Pusat
O-C1-K1-X14x,O-C1-K1-X14x,Pusat
O-C1-K1-X15x,O-C1-K1-X15x,Pusat
O-C1-K1-X16x,O-C1-K1-X16x,Pusat
O-C1-K1-X17x,O-C1-K1-X17x,Pusat
O-C1-K1-X18x,O-C1-K1-X18x,Pusat
O-C1-K1-X19x,O-C1-K1-X19x,Pusat
O-C1-K1-X1x,O-C1-K1-X1x,Pusat
O-C1-K1-X20x,O-C1-K1-X20x,Pusat
O-C1-K1-X21x,O-C1-K1-X21x,Pusat
O-C1-K1-X22x,O-C1-K1-X22x,Pusat
O-C1-K1-X23x,O-C1-K1-X23x,Pusat
O-C1-K1-X24x,O-C1-K1-X24x,Pusat
O-C1-K1-X25x,O-C1-K1-X25x,Pusat
O-C1-K1-X26x,O-C1-K1-X26x,Pusat
O-C1-K1-X27x,O-C1-K1-X27x,Pusat
O-C1-K1-X28x,O-C1-K1-X28x,Pusat
O-C1-K1-X29x,O-C1-K1-X29x,Pusat
O-C1-K1-X2x,O-C1-K1-X2x,Pusat
O-C1-K1-X30x,O-C1-K1-X30x,Pusat
O-C1-K1-X3x,O-C1-K1-X3x,Pusat
O-C1-K1-X4x,O-C1-K1-X4x,Pusat
O-C1-K1-X5x,O-C1-K1-X5x,Pusat
O-C1-K1-X6x,O-C1-K1-X6x,Pusat
O-C1-K1-X7x,O-C1-K1-X7x,Pusat
O-C1-K1-X8x,O-C1-K1-X8x,Pusat
O-C1-K1-X9x,O-C1-K1-X9x,Pusat
O-C1-K2-X10x,O-C1-K2-X10x,Pusat
O-C1-K2-X11x,O-C1-K2-X11x,Pusat
O-C1-K2-X12x,O-C1-K2-X12x,Pusat
O-C1-K2-X13x,O-C1-K2-X13x,Pusat
O-C1-K2-X14x,O-C1-K2-X14x,Pusat
O-C1-K2-X15x,O-C1-K2-X15x,Pusat
O-C1-K2-X16x,O-C1-K2-X16x,Pusat
O-C1-K2-X17x,O-C1-K2-X17x,Pusat
O-C1-K2-X18x,O-C1-K2-X18x,Pusat
O-C1-K2-X19x,O-C1-K2-X19x,Pusat
O-C1-K2-X1x,O-C1-K2-X1x,Pusat
O-C1-K2-X20x,O-C1-K2-X20x,Pusat
O-C1-K2-X21x,O-C1-K2-X21x,Pusat
O-C1-K2-X22x,O-C1-K2-X22x,Pusat
O-C1-K2-X23x,O-C1-K2-X23x,Pusat
O-C1-K2-X24x,O-C1-K2-X24x,Pusat
O-C1-K2-X25x,O-C1-K2-X25x,Pusat
O-C1-K2-X26x,O-C1-K2-X26x,Pusat
O-C1-K2-X27x,O-C1-K2-X27x,Pusat
O-C1-K2-X28x,O-C1-K2-X28x,Pusat
O-C1-K2-X29x,O-C1-K2-X29x,Pusat
O-C1-K2-X2x,O-C1-K2-X2x,Pusat
O-C1-K2-X30x,O-C1-K2-X30x,Pusat
O-C1-K2-X3x,O-C1-K2-X3x,Pusat
O-C1-K2-X4x,O-C1-K2-X4x,Pusat
O-C1-K2-X5x,O-C1-K2-X5x,Pusat
O-C1-K2-X6x,O-C1-K2-X6x,Pusat
O-C1-K2-X7x,O-C1-K2-X7x,Pusat
O-C1-K2-X8x,O-C1-K2-X8x,Pusat
O-C1-K2-X9x,O-C1-K2-X9x,Pusat
O-C1-K3-X10x,O-C1-K3-X10x,Pusat
O-C1-K3-X11x,O-C1-K3-X11x,Pusat
O-C1-K3-X12x,O-C1-K3-X12x,Pusat
O-C1-K3-X13x,O-C1-K3-X13x,Pusat
O-C1-K3-X14x,O-C1-K3-X14x,Pusat
O-C1-K3-X15x,O-C1-K3-X15x,Pusat
O-C1-K3-X16x,O-C1-K3-X16x,Pusat
O-C1-K3-X17x,O-C1-K3-X17x,Pusat
O-C1-K3-X18x,O-C1-K3-X18x,Pusat
O-C1-K3-X19x,O-C1-K3-X19x,Pusat
O-C1-K3-X1x,O-C1-K3-X1x,Pusat
O-C1-K3-X20x,O-C1-K3-X20x,Pusat
O-C1-K3-X21x,O-C1-K3-X21x,Pusat
O-C1-K3-X22x,O-C1-K3-X22x,Pusat
O-C1-K3-X23x,O-C1-K3-X23x,Pusat
O-C1-K3-X24x,O-C1-K3-X24x,Pusat
O-C1-K3-X25x,O-C1-K3-X25x,Pusat
O-C1-K3-X26x,O-C1-K3-X26x,Pusat
O-C1-K3-X27x,O-C1-K3-X27x,Pusat
O-C1-K3-X28x,O-C1-K3-X28x,Pusat
O-C1-K3-X29x,O-C1-K3-X29x,Pusat
O-C1-K3-X2x,O-C1-K3-X2x,Pusat
O-C1-K3-X30x,O-C1-K3-X30x,Pusat
O-C1-K3-X3x,O-C1-K3-X3x,Pusat
O-C1-K3-X4x,O-C1-K3-X4x,Pusat
O-C1-K3-X5x,O-C1-K3-X5x,Pusat
O-C1-K3-X6x,O-C1-K3-X6x,Pusat
O-C1-K3-X7x,O-C1-K3-X7x,Pusat
O-C1-K3-X8x,O-C1-K3-X8x,Pusat
O-C1-K3-X9x,O-C1-K3-X9x,Pusat
O-C1-K4-X10x,O-C1-K4-X10x,Pusat
O-C1-K4-X11x,O-C1-K4-X11x,Pusat
O-C1-K4-X12x,O-C1-K4-X12x,Pusat
O-C1-K4-X13x,O-C1-K4-X13x,Pusat
O-C1-K4-X14x,O-C1-K4-X14x,Pusat
O-C1-K4-X15x,O-C1-K4-X15x,Pusat
O-C1-K4-X16x,O-C1-K4-X16x,Pusat
O-C1-K4-X17x,O-C1-K4-X17x,Pusat
O-C1-K4-X18x,O-C1-K4-X18x,Pusat
O-C1-K4-X19x,O-C1-K4-X19x,Pusat
O-C1-K4-X1x,O-C1-K4-X1x,Pusat
O-C1-K4-X20x,O-C1-K4-X20x,Pusat
O-C1-K4-X21x,O-C1-K4-X21x,Pusat
O-C1-K4-X22x,O-C1-K4-X22x,Pusat
O-C1-K4-X23x,O-C1-K4-X23x,Pusat
O-C1-K4-X24x,O-C1-K4-X24x,Pusat
O-C1-K4-X25x,O-C1-K4-X25x,Pusat
O-C1-K4-X26x,O-C1-K4-X26x,Pusat
O-C1-K4-X27x,O-C1-K4-X27x,Pusat
O-C1-K4-X28x,O-C1-K4-X28x,Pusat
O-C1-K4-X29x,O-C1-K4-X29x,Pusat
O-C1-K4-X2x,O-C1-K4-X2x,Pusat
O-C1-K4-X30x,O-C1-K4-X30x,Pusat
O-C1-K4-X3x,O-C1-K4-X3x,Pusat
O-C1-K4-X4x,O-C1-K4-X4x,Pusat
O-C1-K4-X5x,O-C1-K4-X5x,Pusat
O-C1-K4-X6x,O-C1-K4-X6x,Pusat
O-C1-K4-X7x,O-C1-K4-X7x,Pusat
O-C1-K4-X8x,O-C1-K4-X8x,Pusat
O-C1-K4-X9x,O-C1-K4-X9x,Pusat
O-C1-K5-X10x,O-C1-K5-X10x,Pusat
O-C1-K5-X11x,O-C1-K5-X11x,Pusat
O-C1-K5-X12x,O-C1-K5-X12x,Pusat
O-C1-K5-X13x,O-C1-K5-X13x,Pusat
O-C1-K5-X14x,O-C1-K5-X14x,Pusat
O-C1-K5-X15x,O-C1-K5-X15x,Pusat
O-C1-K5-X16x,O-C1-K5-X16x,Pusat
O-C1-K5-X17x,O-C1-K5-X17x,Pusat
O-C1-K5-X18x,O-C1-K5-X18x,Pusat
O-C1-K5-X19x,O-C1-K5-X19x,Pusat
O-C1-K5-X1x,O-C1-K5-X1x,Pusat
O-C1-K5-X20x,O-C1-K5-X20x,Pusat
O-C1-K5-X21x,O-C1-K5-X21x,Pusat
O-C1-K5-X22x,O-C1-K5-X22x,Pusat
O-C1-K5-X23x,O-C1-K5-X23x,Pusat
O-C1-K5-X24x,O-C1-K5-X24x,Pusat
O-C1-K5-X25x,O-C1-K5-X25x,Pusat
O-C1-K5-X26x,O-C1-K5-X26x,Pusat
O-C1-K5-X27x,O-C1-K5-X27x,Pusat
O-C1-K5-X28x,O-C1-K5-X28x,Pusat
O-C1-K5-X29x,O-C1-K5-X29x,Pusat
O-C1-K5-X2x,O-C1-K5-X2x,Pusat
O-C1-K5-X30x,O-C1-K5-X30x,Pusat
O-C1-K5-X3x,O-C1-K5-X3x,Pusat
O-C1-K5-X4x,O-C1-K5-X4x,Pusat
O-C1-K5-X5x,O-C1-K5-X5x,Pusat
O-C1-K5-X6x,O-C1-K5-X6x,Pusat
O-C1-K5-X7x,O-C1-K5-X7x,Pusat
O-C1-K5-X8x,O-C1-K5-X8x,Pusat
O-C1-K5-X9x,O-C1-K5-X9x,Pusat
O-C1-K6-X10x,O-C1-K6-X10x,Pusat
O-C1-K6-X11x,O-C1-K6-X11x,Pusat
O-C1-K6-X12x,O-C1-K6-X12x,Pusat
O-C1-K6-X13x,O-C1-K6-X13x,Pusat
O-C1-K6-X14x,O-C1-K6-X14x,Pusat
O-C1-K6-X15x,O-C1-K6-X15x,Pusat
O-C1-K6-X16x,O-C1-K6-X16x,Pusat
O-C1-K6-X17x,O-C1-K6-X17x,Pusat
O-C1-K6-X18x,O-C1-K6-X18x,Pusat
O-C1-K6-X19x,O-C1-K6-X19x,Pusat
O-C1-K6-X1x,O-C1-K6-X1x,Pusat
O-C1-K6-X20x,O-C1-K6-X20x,Pusat
O-C1-K6-X21x,O-C1-K6-X21x,Pusat
O-C1-K6-X22x,O-C1-K6-X22x,Pusat
O-C1-K6-X23x,O-C1-K6-X23x,Pusat
O-C1-K6-X24x,O-C1-K6-X24x,Pusat
O-C1-K6-X25x,O-C1-K6-X25x,Pusat
O-C1-K6-X26x,O-C1-K6-X26x,Pusat
O-C1-K6-X27x,O-C1-K6-X27x,Pusat
O-C1-K6-X28x,O-C1-K6-X28x,Pusat
O-C1-K6-X29x,O-C1-K6-X29x,Pusat
O-C1-K6-X2x,O-C1-K6-X2x,Pusat
O-C1-K6-X30x,O-C1-K6-X30x,Pusat
O-C1-K6-X3x,O-C1-K6-X3x,Pusat
O-C1-K6-X4x,O-C1-K6-X4x,Pusat
O-C1-K6-X5x,O-C1-K6-X5x,Pusat
O-C1-K6-X6x,O-C1-K6-X6x,Pusat
O-C1-K6-X7x,O-C1-K6-X7x,Pusat
O-C1-K6-X8x,O-C1-K6-X8x,Pusat
O-C1-K6-X9x,O-C1-K6-X9x,Pusat
O-C1-K7-X10x,O-C1-K7-X10x,Pusat
O-C1-K7-X11x,O-C1-K7-X11x,Pusat
O-C1-K7-X12x,O-C1-K7-X12x,Pusat
O-C1-K7-X13x,O-C1-K7-X13x,Pusat
O-C1-K7-X14x,O-C1-K7-X14x,Pusat
O-C1-K7-X15x,O-C1-K7-X15x,Pusat
O-C1-K7-X16x,O-C1-K7-X16x,Pusat
O-C1-K7-X17x,O-C1-K7-X17x,Pusat
O-C1-K7-X18x,O-C1-K7-X18x,Pusat
O-C1-K7-X19x,O-C1-K7-X19x,Pusat
O-C1-K7-X1x,O-C1-K7-X1x,Pusat
O-C1-K7-X20x,O-C1-K7-X20x,Pusat
O-C1-K7-X21x,O-C1-K7-X21x,Pusat
O-C1-K7-X22x,O-C1-K7-X22x,Pusat
O-C1-K7-X23x,O-C1-K7-X23x,Pusat
O-C1-K7-X24x,O-C1-K7-X24x,Pusat
O-C1-K7-X25x,O-C1-K7-X25x,Pusat
O-C1-K7-X26x,O-C1-K7-X26x,Pusat
O-C1-K7-X27x,O-C1-K7-X27x,Pusat
O-C1-K7-X28x,O-C1-K7-X28x,Pusat
O-C1-K7-X29x,O-C1-K7-X29x,Pusat
O-C1-K7-X2x,O-C1-K7-X2x,Pusat
O-C1-K7-X30x,O-C1-K7-X30x,Pusat
O-C1-K7-X3x,O-C1-K7-X3x,Pusat
O-C1-K7-X4x,O-C1-K7-X4x,Pusat
O-C1-K7-X5x,O-C1-K7-X5x,Pusat
O-C1-K7-X6x,O-C1-K7-X6x,Pusat
O-C1-K7-X7x,O-C1-K7-X7x,Pusat
O-C1-K7-X8x,O-C1-K7-X8x,Pusat
O-C1-K7-X9x,O-C1-K7-X9x,Pusat
O-C10-K1-X10x,O-C10-K1-X10x,Pusat
O-C10-K1-X11x,O-C10-K1-X11x,Pusat
O-C10-K1-X12x,O-C10-K1-X12x,Pusat
O-C10-K1-X13x,O-C10-K1-X13x,Pusat
O-C10-K1-X14x,O-C10-K1-X14x,Pusat
O-C10-K1-X15x,O-C10-K1-X15x,Pusat
O-C10-K1-X16x,O-C10-K1-X16x,Pusat
O-C10-K1-X17x,O-C10-K1-X17x,Pusat
O-C10-K1-X18x,O-C10-K1-X18x,Pusat
O-C10-K1-X19x,O-C10-K1-X19x,Pusat
O-C10-K1-X1x,O-C10-K1-X1x,Pusat
O-C10-K1-X20x,O-C10-K1-X20x,Pusat
O-C10-K1-X21x,O-C10-K1-X21x,Pusat
O-C10-K1-X22x,O-C10-K1-X22x,Pusat
O-C10-K1-X23x,O-C10-K1-X23x,Pusat
O-C10-K1-X24x,O-C10-K1-X24x,Pusat
O-C10-K1-X25x,O-C10-K1-X25x,Pusat
O-C10-K1-X26x,O-C10-K1-X26x,Pusat
O-C10-K1-X27x,O-C10-K1-X27x,Pusat
O-C10-K1-X28x,O-C10-K1-X28x,Pusat
O-C10-K1-X29x,O-C10-K1-X29x,Pusat
O-C10-K1-X2x,O-C10-K1-X2x,Pusat
O-C10-K1-X30x,O-C10-K1-X30x,Pusat
O-C10-K1-X3x,O-C10-K1-X3x,Pusat
O-C10-K1-X4x,O-C10-K1-X4x,Pusat
O-C10-K1-X5x,O-C10-K1-X5x,Pusat
O-C10-K1-X6x,O-C10-K1-X6x,Pusat
O-C10-K1-X7x,O-C10-K1-X7x,Pusat
O-C10-K1-X8x,O-C10-K1-X8x,Pusat
O-C10-K1-X9x,O-C10-K1-X9x,Pusat
O-C10-K2-X10x,O-C10-K2-X10x,Pusat
O-C10-K2-X11x,O-C10-K2-X11x,Pusat
O-C10-K2-X12x,O-C10-K2-X12x,Pusat
O-C10-K2-X13x,O-C10-K2-X13x,Pusat
O-C10-K2-X14x,O-C10-K2-X14x,Pusat
O-C10-K2-X15x,O-C10-K2-X15x,Pusat
O-C10-K2-X16x,O-C10-K2-X16x,Pusat
O-C10-K2-X17x,O-C10-K2-X17x,Pusat
O-C10-K2-X18x,O-C10-K2-X18x,Pusat
O-C10-K2-X19x,O-C10-K2-X19x,Pusat
O-C10-K2-X1x,O-C10-K2-X1x,Pusat
O-C10-K2-X20x,O-C10-K2-X20x,Pusat
O-C10-K2-X21x,O-C10-K2-X21x,Pusat
O-C10-K2-X22x,O-C10-K2-X22x,Pusat
O-C10-K2-X23x,O-C10-K2-X23x,Pusat
O-C10-K2-X24x,O-C10-K2-X24x,Pusat
O-C10-K2-X25x,O-C10-K2-X25x,Pusat
O-C10-K2-X26x,O-C10-K2-X26x,Pusat
O-C10-K2-X27x,O-C10-K2-X27x,Pusat
O-C10-K2-X28x,O-C10-K2-X28x,Pusat
O-C10-K2-X29x,O-C10-K2-X29x,Pusat
O-C10-K2-X2x,O-C10-K2-X2x,Pusat
O-C10-K2-X30x,O-C10-K2-X30x,Pusat
O-C10-K2-X3x,O-C10-K2-X3x,Pusat
O-C10-K2-X4x,O-C10-K2-X4x,Pusat
O-C10-K2-X5x,O-C10-K2-X5x,Pusat
O-C10-K2-X6x,O-C10-K2-X6x,Pusat
O-C10-K2-X7x,O-C10-K2-X7x,Pusat
O-C10-K2-X8x,O-C10-K2-X8x,Pusat
O-C10-K2-X9x,O-C10-K2-X9x,Pusat
O-C10-K3-X10x,O-C10-K3-X10x,Pusat
O-C10-K3-X11x,O-C10-K3-X11x,Pusat
O-C10-K3-X12x,O-C10-K3-X12x,Pusat
O-C10-K3-X13x,O-C10-K3-X13x,Pusat
O-C10-K3-X14x,O-C10-K3-X14x,Pusat
O-C10-K3-X15x,O-C10-K3-X15x,Pusat
O-C10-K3-X16x,O-C10-K3-X16x,Pusat
O-C10-K3-X17x,O-C10-K3-X17x,Pusat
O-C10-K3-X18x,O-C10-K3-X18x,Pusat
O-C10-K3-X19x,O-C10-K3-X19x,Pusat
O-C10-K3-X1x,O-C10-K3-X1x,Pusat
O-C10-K3-X20x,O-C10-K3-X20x,Pusat
O-C10-K3-X21x,O-C10-K3-X21x,Pusat
O-C10-K3-X22x,O-C10-K3-X22x,Pusat
O-C10-K3-X23x,O-C10-K3-X23x,Pusat
O-C10-K3-X24x,O-C10-K3-X24x,Pusat
O-C10-K3-X25x,O-C10-K3-X25x,Pusat
O-C10-K3-X26x,O-C10-K3-X26x,Pusat
O-C10-K3-X27x,O-C10-K3-X27x,Pusat
O-C10-K3-X28x,O-C10-K3-X28x,Pusat
O-C10-K3-X29x,O-C10-K3-X29x,Pusat
O-C10-K3-X2x,O-C10-K3-X2x,Pusat
O-C10-K3-X30x,O-C10-K3-X30x,Pusat
O-C10-K3-X3x,O-C10-K3-X3x,Pusat
O-C10-K3-X4x,O-C10-K3-X4x,Pusat
O-C10-K3-X5x,O-C10-K3-X5x,Pusat
O-C10-K3-X6x,O-C10-K3-X6x,Pusat
O-C10-K3-X7x,O-C10-K3-X7x,Pusat
O-C10-K3-X8x,O-C10-K3-X8x,Pusat
O-C10-K3-X9x,O-C10-K3-X9x,Pusat
O-C10-K4-X10x,O-C10-K4-X10x,Pusat
O-C10-K4-X11x,O-C10-K4-X11x,Pusat
O-C10-K4-X12x,O-C10-K4-X12x,Pusat
O-C10-K4-X13x,O-C10-K4-X13x,Pusat
O-C10-K4-X14x,O-C10-K4-X14x,Pusat
O-C10-K4-X15x,O-C10-K4-X15x,Pusat
O-C10-K4-X16x,O-C10-K4-X16x,Pusat
O-C10-K4-X17x,O-C10-K4-X17x,Pusat
O-C10-K4-X18x,O-C10-K4-X18x,Pusat
O-C10-K4-X19x,O-C10-K4-X19x,Pusat
O-C10-K4-X1x,O-C10-K4-X1x,Pusat
O-C10-K4-X20x,O-C10-K4-X20x,Pusat
O-C10-K4-X21x,O-C10-K4-X21x,Pusat
O-C10-K4-X22x,O-C10-K4-X22x,Pusat
O-C10-K4-X23x,O-C10-K4-X23x,Pusat
O-C10-K4-X24x,O-C10-K4-X24x,Pusat
O-C10-K4-X25x,O-C10-K4-X25x,Pusat
O-C10-K4-X26x,O-C10-K4-X26x,Pusat
O-C10-K4-X27x,O-C10-K4-X27x,Pusat
O-C10-K4-X28x,O-C10-K4-X28x,Pusat
O-C10-K4-X29x,O-C10-K4-X29x,Pusat
O-C10-K4-X2x,O-C10-K4-X2x,Pusat
O-C10-K4-X30x,O-C10-K4-X30x,Pusat
O-C10-K4-X3x,O-C10-K4-X3x,Pusat
O-C10-K4-X4x,O-C10-K4-X4x,Pusat
O-C10-K4-X5x,O-C10-K4-X5x,Pusat
O-C10-K4-X6x,O-C10-K4-X6x,Pusat
O-C10-K4-X7x,O-C10-K4-X7x,Pusat
O-C10-K4-X8x,O-C10-K4-X8x,Pusat
O-C10-K4-X9x,O-C10-K4-X9x,Pusat
O-C10-K5-X10x,O-C10-K5-X10x,Pusat
O-C10-K5-X11x,O-C10-K5-X11x,Pusat
O-C10-K5-X12x,O-C10-K5-X12x,Pusat
O-C10-K5-X13x,O-C10-K5-X13x,Pusat
O-C10-K5-X14x,O-C10-K5-X14x,Pusat
O-C10-K5-X15x,O-C10-K5-X15x,Pusat
O-C10-K5-X16x,O-C10-K5-X16x,Pusat
O-C10-K5-X17x,O-C10-K5-X17x,Pusat
O-C10-K5-X18x,O-C10-K5-X18x,Pusat
O-C10-K5-X19x,O-C10-K5-X19x,Pusat
O-C10-K5-X1x,O-C10-K5-X1x,Pusat
O-C10-K5-X20x,O-C10-K5-X20x,Pusat
O-C10-K5-X21x,O-C10-K5-X21x,Pusat
O-C10-K5-X22x,O-C10-K5-X22x,Pusat
O-C10-K5-X23x,O-C10-K5-X23x,Pusat
O-C10-K5-X24x,O-C10-K5-X24x,Pusat
O-C10-K5-X25x,O-C10-K5-X25x,Pusat
O-C10-K5-X26x,O-C10-K5-X26x,Pusat
O-C10-K5-X27x,O-C10-K5-X27x,Pusat
O-C10-K5-X28x,O-C10-K5-X28x,Pusat
O-C10-K5-X29x,O-C10-K5-X29x,Pusat
O-C10-K5-X2x,O-C10-K5-X2x,Pusat
O-C10-K5-X30x,O-C10-K5-X30x,Pusat
O-C10-K5-X3x,O-C10-K5-X3x,Pusat
O-C10-K5-X4x,O-C10-K5-X4x,Pusat
O-C10-K5-X5x,O-C10-K5-X5x,Pusat
O-C10-K5-X6x,O-C10-K5-X6x,Pusat
O-C10-K5-X7x,O-C10-K5-X7x,Pusat
O-C10-K5-X8x,O-C10-K5-X8x,Pusat
O-C10-K5-X9x,O-C10-K5-X9x,Pusat
O-C10-K6-X10x,O-C10-K6-X10x,Pusat
O-C10-K6-X11x,O-C10-K6-X11x,Pusat
O-C10-K6-X12x,O-C10-K6-X12x,Pusat
O-C10-K6-X13x,O-C10-K6-X13x,Pusat
O-C10-K6-X14x,O-C10-K6-X14x,Pusat
O-C10-K6-X15x,O-C10-K6-X15x,Pusat
O-C10-K6-X16x,O-C10-K6-X16x,Pusat
O-C10-K6-X17x,O-C10-K6-X17x,Pusat
O-C10-K6-X18x,O-C10-K6-X18x,Pusat
O-C10-K6-X19x,O-C10-K6-X19x,Pusat
O-C10-K6-X1x,O-C10-K6-X1x,Pusat
O-C10-K6-X20x,O-C10-K6-X20x,Pusat
O-C10-K6-X21x,O-C10-K6-X21x,Pusat
O-C10-K6-X22x,O-C10-K6-X22x,Pusat
O-C10-K6-X23x,O-C10-K6-X23x,Pusat
O-C10-K6-X24x,O-C10-K6-X24x,Pusat
O-C10-K6-X25x,O-C10-K6-X25x,Pusat
O-C10-K6-X26x,O-C10-K6-X26x,Pusat
O-C10-K6-X27x,O-C10-K6-X27x,Pusat
O-C10-K6-X28x,O-C10-K6-X28x,Pusat
O-C10-K6-X29x,O-C10-K6-X29x,Pusat
O-C10-K6-X2x,O-C10-K6-X2x,Pusat
O-C10-K6-X30x,O-C10-K6-X30x,Pusat
O-C10-K6-X3x,O-C10-K6-X3x,Pusat
O-C10-K6-X4x,O-C10-K6-X4x,Pusat
O-C10-K6-X5x,O-C10-K6-X5x,Pusat
O-C10-K6-X6x,O-C10-K6-X6x,Pusat
O-C10-K6-X7x,O-C10-K6-X7x,Pusat
O-C10-K6-X8x,O-C10-K6-X8x,Pusat
O-C10-K6-X9x,O-C10-K6-X9x,Pusat
O-C10-K7-X10x,O-C10-K7-X10x,Pusat
O-C10-K7-X11x,O-C10-K7-X11x,Pusat
O-C10-K7-X12x,O-C10-K7-X12x,Pusat
O-C10-K7-X13x,O-C10-K7-X13x,Pusat
O-C10-K7-X14x,O-C10-K7-X14x,Pusat
O-C10-K7-X15x,O-C10-K7-X15x,Pusat
O-C10-K7-X16x,O-C10-K7-X16x,Pusat
O-C10-K7-X17x,O-C10-K7-X17x,Pusat
O-C10-K7-X18x,O-C10-K7-X18x,Pusat
O-C10-K7-X19x,O-C10-K7-X19x,Pusat
O-C10-K7-X1x,O-C10-K7-X1x,Pusat
O-C10-K7-X20x,O-C10-K7-X20x,Pusat
O-C10-K7-X21x,O-C10-K7-X21x,Pusat
O-C10-K7-X22x,O-C10-K7-X22x,Pusat
O-C10-K7-X23x,O-C10-K7-X23x,Pusat
O-C10-K7-X24x,O-C10-K7-X24x,Pusat
O-C10-K7-X25x,O-C10-K7-X25x,Pusat
O-C10-K7-X26x,O-C10-K7-X26x,Pusat
O-C10-K7-X27x,O-C10-K7-X27x,Pusat
O-C10-K7-X28x,O-C10-K7-X28x,Pusat
O-C10-K7-X29x,O-C10-K7-X29x,Pusat
O-C10-K7-X2x,O-C10-K7-X2x,Pusat
O-C10-K7-X30x,O-C10-K7-X30x,Pusat
O-C10-K7-X3x,O-C10-K7-X3x,Pusat
O-C10-K7-X4x,O-C10-K7-X4x,Pusat
O-C10-K7-X5x,O-C10-K7-X5x,Pusat
O-C10-K7-X6x,O-C10-K7-X6x,Pusat
O-C10-K7-X7x,O-C10-K7-X7x,Pusat
O-C10-K7-X8x,O-C10-K7-X8x,Pusat
O-C10-K7-X9x,O-C10-K7-X9x,Pusat
O-C11-K1-X10x,O-C11-K1-X10x,Pusat
O-C11-K1-X11x,O-C11-K1-X11x,Pusat
O-C11-K1-X12x,O-C11-K1-X12x,Pusat
O-C11-K1-X13x,O-C11-K1-X13x,Pusat
O-C11-K1-X14x,O-C11-K1-X14x,Pusat
O-C11-K1-X15x,O-C11-K1-X15x,Pusat
O-C11-K1-X16x,O-C11-K1-X16x,Pusat
O-C11-K1-X17x,O-C11-K1-X17x,Pusat
O-C11-K1-X18x,O-C11-K1-X18x,Pusat
O-C11-K1-X19x,O-C11-K1-X19x,Pusat
O-C11-K1-X1x,O-C11-K1-X1x,Pusat
O-C11-K1-X20x,O-C11-K1-X20x,Pusat
O-C11-K1-X21x,O-C11-K1-X21x,Pusat
O-C11-K1-X22x,O-C11-K1-X22x,Pusat
O-C11-K1-X23x,O-C11-K1-X23x,Pusat
O-C11-K1-X24x,O-C11-K1-X24x,Pusat
O-C11-K1-X25x,O-C11-K1-X25x,Pusat
O-C11-K1-X26x,O-C11-K1-X26x,Pusat
O-C11-K1-X27x,O-C11-K1-X27x,Pusat
O-C11-K1-X28x,O-C11-K1-X28x,Pusat
O-C11-K1-X29x,O-C11-K1-X29x,Pusat
O-C11-K1-X2x,O-C11-K1-X2x,Pusat
O-C11-K1-X30x,O-C11-K1-X30x,Pusat
O-C11-K1-X3x,O-C11-K1-X3x,Pusat
O-C11-K1-X4x,O-C11-K1-X4x,Pusat
O-C11-K1-X5x,O-C11-K1-X5x,Pusat
O-C11-K1-X6x,O-C11-K1-X6x,Pusat
O-C11-K1-X7x,O-C11-K1-X7x,Pusat
O-C11-K1-X8x,O-C11-K1-X8x,Pusat
O-C11-K1-X9x,O-C11-K1-X9x,Pusat
O-C11-K2-X10x,O-C11-K2-X10x,Pusat
O-C11-K2-X11x,O-C11-K2-X11x,Pusat
O-C11-K2-X12x,O-C11-K2-X12x,Pusat
O-C11-K2-X13x,O-C11-K2-X13x,Pusat
O-C11-K2-X14x,O-C11-K2-X14x,Pusat
O-C11-K2-X15x,O-C11-K2-X15x,Pusat
O-C11-K2-X16x,O-C11-K2-X16x,Pusat
O-C11-K2-X17x,O-C11-K2-X17x,Pusat
O-C11-K2-X18x,O-C11-K2-X18x,Pusat
O-C11-K2-X19x,O-C11-K2-X19x,Pusat
O-C11-K2-X1x,O-C11-K2-X1x,Pusat
O-C11-K2-X20x,O-C11-K2-X20x,Pusat
O-C11-K2-X21x,O-C11-K2-X21x,Pusat
O-C11-K2-X22x,O-C11-K2-X22x,Pusat
O-C11-K2-X23x,O-C11-K2-X23x,Pusat
O-C11-K2-X24x,O-C11-K2-X24x,Pusat
O-C11-K2-X25x,O-C11-K2-X25x,Pusat
O-C11-K2-X26x,O-C11-K2-X26x,Pusat
O-C11-K2-X27x,O-C11-K2-X27x,Pusat
O-C11-K2-X28x,O-C11-K2-X28x,Pusat
O-C11-K2-X29x,O-C11-K2-X29x,Pusat
O-C11-K2-X2x,O-C11-K2-X2x,Pusat
O-C11-K2-X30x,O-C11-K2-X30x,Pusat
O-C11-K2-X3x,O-C11-K2-X3x,Pusat
O-C11-K2-X4x,O-C11-K2-X4x,Pusat
O-C11-K2-X5x,O-C11-K2-X5x,Pusat
O-C11-K2-X6x,O-C11-K2-X6x,Pusat
O-C11-K2-X7x,O-C11-K2-X7x,Pusat
O-C11-K2-X8x,O-C11-K2-X8x,Pusat
O-C11-K2-X9x,O-C11-K2-X9x,Pusat
O-C11-K3-X10x,O-C11-K3-X10x,Pusat
O-C11-K3-X11x,O-C11-K3-X11x,Pusat
O-C11-K3-X12x,O-C11-K3-X12x,Pusat
O-C11-K3-X13x,O-C11-K3-X13x,Pusat
O-C11-K3-X14x,O-C11-K3-X14x,Pusat
O-C11-K3-X15x,O-C11-K3-X15x,Pusat
O-C11-K3-X16x,O-C11-K3-X16x,Pusat
O-C11-K3-X17x,O-C11-K3-X17x,Pusat
O-C11-K3-X18x,O-C11-K3-X18x,Pusat
O-C11-K3-X19x,O-C11-K3-X19x,Pusat
O-C11-K3-X1x,O-C11-K3-X1x,Pusat
O-C11-K3-X20x,O-C11-K3-X20x,Pusat
O-C11-K3-X21x,O-C11-K3-X21x,Pusat
O-C11-K3-X22x,O-C11-K3-X22x,Pusat
O-C11-K3-X23x,O-C11-K3-X23x,Pusat
O-C11-K3-X24x,O-C11-K3-X24x,Pusat
O-C11-K3-X25x,O-C11-K3-X25x,Pusat
O-C11-K3-X26x,O-C11-K3-X26x,Pusat
O-C11-K3-X27x,O-C11-K3-X27x,Pusat
O-C11-K3-X28x,O-C11-K3-X28x,Pusat
O-C11-K3-X29x,O-C11-K3-X29x,Pusat
O-C11-K3-X2x,O-C11-K3-X2x,Pusat
O-C11-K3-X30x,O-C11-K3-X30x,Pusat
O-C11-K3-X3x,O-C11-K3-X3x,Pusat
O-C11-K3-X4x,O-C11-K3-X4x,Pusat
O-C11-K3-X5x,O-C11-K3-X5x,Pusat
O-C11-K3-X6x,O-C11-K3-X6x,Pusat
O-C11-K3-X7x,O-C11-K3-X7x,Pusat
O-C11-K3-X8x,O-C11-K3-X8x,Pusat
O-C11-K3-X9x,O-C11-K3-X9x,Pusat
O-C11-K4-X10x,O-C11-K4-X10x,Pusat
O-C11-K4-X11x,O-C11-K4-X11x,Pusat
O-C11-K4-X12x,O-C11-K4-X12x,Pusat
O-C11-K4-X13x,O-C11-K4-X13x,Pusat
O-C11-K4-X14x,O-C11-K4-X14x,Pusat
O-C11-K4-X15x,O-C11-K4-X15x,Pusat
O-C11-K4-X16x,O-C11-K4-X16x,Pusat
O-C11-K4-X17x,O-C11-K4-X17x,Pusat
O-C11-K4-X18x,O-C11-K4-X18x,Pusat
O-C11-K4-X19x,O-C11-K4-X19x,Pusat
O-C11-K4-X1x,O-C11-K4-X1x,Pusat
O-C11-K4-X20x,O-C11-K4-X20x,Pusat
O-C11-K4-X21x,O-C11-K4-X21x,Pusat
O-C11-K4-X22x,O-C11-K4-X22x,Pusat
O-C11-K4-X23x,O-C11-K4-X23x,Pusat
O-C11-K4-X24x,O-C11-K4-X24x,Pusat
O-C11-K4-X25x,O-C11-K4-X25x,Pusat
O-C11-K4-X26x,O-C11-K4-X26x,Pusat
O-C11-K4-X27x,O-C11-K4-X27x,Pusat
O-C11-K4-X28x,O-C11-K4-X28x,Pusat
O-C11-K4-X29x,O-C11-K4-X29x,Pusat
O-C11-K4-X2x,O-C11-K4-X2x,Pusat
O-C11-K4-X30x,O-C11-K4-X30x,Pusat
O-C11-K4-X3x,O-C11-K4-X3x,Pusat
O-C11-K4-X4x,O-C11-K4-X4x,Pusat
O-C11-K4-X5x,O-C11-K4-X5x,Pusat
O-C11-K4-X6x,O-C11-K4-X6x,Pusat
O-C11-K4-X7x,O-C11-K4-X7x,Pusat
O-C11-K4-X8x,O-C11-K4-X8x,Pusat
O-C11-K4-X9x,O-C11-K4-X9x,Pusat
O-C11-K5-X10x,O-C11-K5-X10x,Pusat
O-C11-K5-X11x,O-C11-K5-X11x,Pusat
O-C11-K5-X12x,O-C11-K5-X12x,Pusat
O-C11-K5-X13x,O-C11-K5-X13x,Pusat
O-C11-K5-X14x,O-C11-K5-X14x,Pusat
O-C11-K5-X15x,O-C11-K5-X15x,Pusat
O-C11-K5-X16x,O-C11-K5-X16x,Pusat
O-C11-K5-X17x,O-C11-K5-X17x,Pusat
O-C11-K5-X18x,O-C11-K5-X18x,Pusat
O-C11-K5-X19x,O-C11-K5-X19x,Pusat
O-C11-K5-X1x,O-C11-K5-X1x,Pusat
O-C11-K5-X20x,O-C11-K5-X20x,Pusat
O-C11-K5-X21x,O-C11-K5-X21x,Pusat
O-C11-K5-X22x,O-C11-K5-X22x,Pusat
O-C11-K5-X23x,O-C11-K5-X23x,Pusat
O-C11-K5-X24x,O-C11-K5-X24x,Pusat
O-C11-K5-X25x,O-C11-K5-X25x,Pusat
O-C11-K5-X26x,O-C11-K5-X26x,Pusat
O-C11-K5-X27x,O-C11-K5-X27x,Pusat
O-C11-K5-X28x,O-C11-K5-X28x,Pusat
O-C11-K5-X29x,O-C11-K5-X29x,Pusat
O-C11-K5-X2x,O-C11-K5-X2x,Pusat
O-C11-K5-X30x,O-C11-K5-X30x,Pusat
O-C11-K5-X3x,O-C11-K5-X3x,Pusat
O-C11-K5-X4x,O-C11-K5-X4x,Pusat
O-C11-K5-X5x,O-C11-K5-X5x,Pusat
O-C11-K5-X6x,O-C11-K5-X6x,Pusat
O-C11-K5-X7x,O-C11-K5-X7x,Pusat
O-C11-K5-X8x,O-C11-K5-X8x,Pusat
O-C11-K5-X9x,O-C11-K5-X9x,Pusat
O-C11-K6-X10x,O-C11-K6-X10x,Pusat
O-C11-K6-X11x,O-C11-K6-X11x,Pusat
O-C11-K6-X12x,O-C11-K6-X12x,Pusat
O-C11-K6-X13x,O-C11-K6-X13x,Pusat
O-C11-K6-X14x,O-C11-K6-X14x,Pusat
O-C11-K6-X15x,O-C11-K6-X15x,Pusat
O-C11-K6-X16x,O-C11-K6-X16x,Pusat
O-C11-K6-X17x,O-C11-K6-X17x,Pusat
O-C11-K6-X18x,O-C11-K6-X18x,Pusat
O-C11-K6-X19x,O-C11-K6-X19x,Pusat
O-C11-K6-X1x,O-C11-K6-X1x,Pusat
O-C11-K6-X20x,O-C11-K6-X20x,Pusat
O-C11-K6-X21x,O-C11-K6-X21x,Pusat
O-C11-K6-X22x,O-C11-K6-X22x,Pusat
O-C11-K6-X23x,O-C11-K6-X23x,Pusat
O-C11-K6-X24x,O-C11-K6-X24x,Pusat
O-C11-K6-X25x,O-C11-K6-X25x,Pusat
O-C11-K6-X26x,O-C11-K6-X26x,Pusat
O-C11-K6-X27x,O-C11-K6-X27x,Pusat
O-C11-K6-X28x,O-C11-K6-X28x,Pusat
O-C11-K6-X29x,O-C11-K6-X29x,Pusat
O-C11-K6-X2x,O-C11-K6-X2x,Pusat
O-C11-K6-X30x,O-C11-K6-X30x,Pusat
O-C11-K6-X3x,O-C11-K6-X3x,Pusat
O-C11-K6-X4x,O-C11-K6-X4x,Pusat
O-C11-K6-X5x,O-C11-K6-X5x,Pusat
O-C11-K6-X6x,O-C11-K6-X6x,Pusat
O-C11-K6-X7x,O-C11-K6-X7x,Pusat
O-C11-K6-X8x,O-C11-K6-X8x,Pusat
O-C11-K6-X9x,O-C11-K6-X9x,Pusat
O-C11-K7-X10x,O-C11-K7-X10x,Pusat
O-C11-K7-X11x,O-C11-K7-X11x,Pusat
O-C11-K7-X12x,O-C11-K7-X12x,Pusat
O-C11-K7-X13x,O-C11-K7-X13x,Pusat
O-C11-K7-X14x,O-C11-K7-X14x,Pusat
O-C11-K7-X15x,O-C11-K7-X15x,Pusat
O-C11-K7-X16x,O-C11-K7-X16x,Pusat
O-C11-K7-X17x,O-C11-K7-X17x,Pusat
O-C11-K7-X18x,O-C11-K7-X18x,Pusat
O-C11-K7-X19x,O-C11-K7-X19x,Pusat
O-C11-K7-X1x,O-C11-K7-X1x,Pusat
O-C11-K7-X20x,O-C11-K7-X20x,Pusat
O-C11-K7-X21x,O-C11-K7-X21x,Pusat
O-C11-K7-X22x,O-C11-K7-X22x,Pusat
O-C11-K7-X23x,O-C11-K7-X23x,Pusat
O-C11-K7-X24x,O-C11-K7-X24x,Pusat
O-C11-K7-X25x,O-C11-K7-X25x,Pusat
O-C11-K7-X26x,O-C11-K7-X26x,Pusat
O-C11-K7-X27x,O-C11-K7-X27x,Pusat
O-C11-K7-X28x,O-C11-K7-X28x,Pusat
O-C11-K7-X29x,O-C11-K7-X29x,Pusat
O-C11-K7-X2x,O-C11-K7-X2x,Pusat
O-C11-K7-X30x,O-C11-K7-X30x,Pusat
O-C11-K7-X3x,O-C11-K7-X3x,Pusat
O-C11-K7-X4x,O-C11-K7-X4x,Pusat
O-C11-K7-X5x,O-C11-K7-X5x,Pusat
O-C11-K7-X6x,O-C11-K7-X6x,Pusat
O-C11-K7-X7x,O-C11-K7-X7x,Pusat
O-C11-K7-X8x,O-C11-K7-X8x,Pusat
O-C11-K7-X9x,O-C11-K7-X9x,Pusat
O-C12-K1-X10x,O-C12-K1-X10x,Pusat
O-C12-K1-X11x,O-C12-K1-X11x,Pusat
O-C12-K1-X12x,O-C12-K1-X12x,Pusat
O-C12-K1-X13x,O-C12-K1-X13x,Pusat
O-C12-K1-X14x,O-C12-K1-X14x,Pusat
O-C12-K1-X15x,O-C12-K1-X15x,Pusat
O-C12-K1-X16x,O-C12-K1-X16x,Pusat
O-C12-K1-X17x,O-C12-K1-X17x,Pusat
O-C12-K1-X18x,O-C12-K1-X18x,Pusat
O-C12-K1-X19x,O-C12-K1-X19x,Pusat
O-C12-K1-X1x,O-C12-K1-X1x,Pusat
O-C12-K1-X20x,O-C12-K1-X20x,Pusat
O-C12-K1-X21x,O-C12-K1-X21x,Pusat
O-C12-K1-X22x,O-C12-K1-X22x,Pusat
O-C12-K1-X23x,O-C12-K1-X23x,Pusat
O-C12-K1-X24x,O-C12-K1-X24x,Pusat
O-C12-K1-X25x,O-C12-K1-X25x,Pusat
O-C12-K1-X26x,O-C12-K1-X26x,Pusat
O-C12-K1-X27x,O-C12-K1-X27x,Pusat
O-C12-K1-X28x,O-C12-K1-X28x,Pusat
O-C12-K1-X29x,O-C12-K1-X29x,Pusat
O-C12-K1-X2x,O-C12-K1-X2x,Pusat
O-C12-K1-X30x,O-C12-K1-X30x,Pusat
O-C12-K1-X3x,O-C12-K1-X3x,Pusat
O-C12-K1-X4x,O-C12-K1-X4x,Pusat
O-C12-K1-X5x,O-C12-K1-X5x,Pusat
O-C12-K1-X6x,O-C12-K1-X6x,Pusat
O-C12-K1-X7x,O-C12-K1-X7x,Pusat
O-C12-K1-X8x,O-C12-K1-X8x,Pusat
O-C12-K1-X9x,O-C12-K1-X9x,Pusat
O-C12-K2-X10x,O-C12-K2-X10x,Pusat
O-C12-K2-X11x,O-C12-K2-X11x,Pusat
O-C12-K2-X12x,O-C12-K2-X12x,Pusat
O-C12-K2-X13x,O-C12-K2-X13x,Pusat
O-C12-K2-X14x,O-C12-K2-X14x,Pusat
O-C12-K2-X15x,O-C12-K2-X15x,Pusat
O-C12-K2-X16x,O-C12-K2-X16x,Pusat
O-C12-K2-X17x,O-C12-K2-X17x,Pusat
O-C12-K2-X18x,O-C12-K2-X18x,Pusat
O-C12-K2-X19x,O-C12-K2-X19x,Pusat
O-C12-K2-X1x,O-C12-K2-X1x,Pusat
O-C12-K2-X20x,O-C12-K2-X20x,Pusat
O-C12-K2-X21x,O-C12-K2-X21x,Pusat
O-C12-K2-X22x,O-C12-K2-X22x,Pusat
O-C12-K2-X23x,O-C12-K2-X23x,Pusat
O-C12-K2-X24x,O-C12-K2-X24x,Pusat
O-C12-K2-X25x,O-C12-K2-X25x,Pusat
O-C12-K2-X26x,O-C12-K2-X26x,Pusat
O-C12-K2-X27x,O-C12-K2-X27x,Pusat
O-C12-K2-X28x,O-C12-K2-X28x,Pusat
O-C12-K2-X29x,O-C12-K2-X29x,Pusat
O-C12-K2-X2x,O-C12-K2-X2x,Pusat
O-C12-K2-X30x,O-C12-K2-X30x,Pusat
O-C12-K2-X3x,O-C12-K2-X3x,Pusat
O-C12-K2-X4x,O-C12-K2-X4x,Pusat
O-C12-K2-X5x,O-C12-K2-X5x,Pusat
O-C12-K2-X6x,O-C12-K2-X6x,Pusat
O-C12-K2-X7x,O-C12-K2-X7x,Pusat
O-C12-K2-X8x,O-C12-K2-X8x,Pusat
O-C12-K2-X9x,O-C12-K2-X9x,Pusat
O-C12-K3-X10x,O-C12-K3-X10x,Pusat
O-C12-K3-X11x,O-C12-K3-X11x,Pusat
O-C12-K3-X12x,O-C12-K3-X12x,Pusat
O-C12-K3-X13x,O-C12-K3-X13x,Pusat
O-C12-K3-X14x,O-C12-K3-X14x,Pusat
O-C12-K3-X15x,O-C12-K3-X15x,Pusat
O-C12-K3-X16x,O-C12-K3-X16x,Pusat
O-C12-K3-X17x,O-C12-K3-X17x,Pusat
O-C12-K3-X18x,O-C12-K3-X18x,Pusat
O-C12-K3-X19x,O-C12-K3-X19x,Pusat
O-C12-K3-X1x,O-C12-K3-X1x,Pusat
O-C12-K3-X20x,O-C12-K3-X20x,Pusat
O-C12-K3-X21x,O-C12-K3-X21x,Pusat
O-C12-K3-X22x,O-C12-K3-X22x,Pusat
O-C12-K3-X23x,O-C12-K3-X23x,Pusat
O-C12-K3-X24x,O-C12-K3-X24x,Pusat
O-C12-K3-X25x,O-C12-K3-X25x,Pusat
O-C12-K3-X26x,O-C12-K3-X26x,Pusat
O-C12-K3-X27x,O-C12-K3-X27x,Pusat
O-C12-K3-X28x,O-C12-K3-X28x,Pusat
O-C12-K3-X29x,O-C12-K3-X29x,Pusat
O-C12-K3-X2x,O-C12-K3-X2x,Pusat
O-C12-K3-X30x,O-C12-K3-X30x,Pusat
O-C12-K3-X3x,O-C12-K3-X3x,Pusat
O-C12-K3-X4x,O-C12-K3-X4x,Pusat
O-C12-K3-X5x,O-C12-K3-X5x,Pusat
O-C12-K3-X6x,O-C12-K3-X6x,Pusat
O-C12-K3-X7x,O-C12-K3-X7x,Pusat
O-C12-K3-X8x,O-C12-K3-X8x,Pusat
O-C12-K3-X9x,O-C12-K3-X9x,Pusat
O-C12-K4-X10x,O-C12-K4-X10x,Pusat
O-C12-K4-X11x,O-C12-K4-X11x,Pusat
O-C12-K4-X12x,O-C12-K4-X12x,Pusat
O-C12-K4-X13x,O-C12-K4-X13x,Pusat
O-C12-K4-X14x,O-C12-K4-X14x,Pusat
O-C12-K4-X15x,O-C12-K4-X15x,Pusat
O-C12-K4-X16x,O-C12-K4-X16x,Pusat
O-C12-K4-X17x,O-C12-K4-X17x,Pusat
O-C12-K4-X18x,O-C12-K4-X18x,Pusat
O-C12-K4-X19x,O-C12-K4-X19x,Pusat
O-C12-K4-X1x,O-C12-K4-X1x,Pusat
O-C12-K4-X20x,O-C12-K4-X20x,Pusat
O-C12-K4-X21x,O-C12-K4-X21x,Pusat
O-C12-K4-X22x,O-C12-K4-X22x,Pusat
O-C12-K4-X23x,O-C12-K4-X23x,Pusat
O-C12-K4-X24x,O-C12-K4-X24x,Pusat
O-C12-K4-X25x,O-C12-K4-X25x,Pusat
O-C12-K4-X26x,O-C12-K4-X26x,Pusat
O-C12-K4-X27x,O-C12-K4-X27x,Pusat
O-C12-K4-X28x,O-C12-K4-X28x,Pusat
O-C12-K4-X29x,O-C12-K4-X29x,Pusat
O-C12-K4-X2x,O-C12-K4-X2x,Pusat
O-C12-K4-X30x,O-C12-K4-X30x,Pusat
O-C12-K4-X3x,O-C12-K4-X3x,Pusat
O-C12-K4-X4x,O-C12-K4-X4x,Pusat
O-C12-K4-X5x,O-C12-K4-X5x,Pusat
O-C12-K4-X6x,O-C12-K4-X6x,Pusat
O-C12-K4-X7x,O-C12-K4-X7x,Pusat
O-C12-K4-X8x,O-C12-K4-X8x,Pusat
O-C12-K4-X9x,O-C12-K4-X9x,Pusat
O-C12-K5-X10x,O-C12-K5-X10x,Pusat
O-C12-K5-X11x,O-C12-K5-X11x,Pusat
O-C12-K5-X12x,O-C12-K5-X12x,Pusat
O-C12-K5-X13x,O-C12-K5-X13x,Pusat
O-C12-K5-X14x,O-C12-K5-X14x,Pusat
O-C12-K5-X15x,O-C12-K5-X15x,Pusat
O-C12-K5-X16x,O-C12-K5-X16x,Pusat
O-C12-K5-X17x,O-C12-K5-X17x,Pusat
O-C12-K5-X18x,O-C12-K5-X18x,Pusat
O-C12-K5-X19x,O-C12-K5-X19x,Pusat
O-C12-K5-X1x,O-C12-K5-X1x,Pusat
O-C12-K5-X20x,O-C12-K5-X20x,Pusat
O-C12-K5-X21x,O-C12-K5-X21x,Pusat
O-C12-K5-X22x,O-C12-K5-X22x,Pusat
O-C12-K5-X23x,O-C12-K5-X23x,Pusat
O-C12-K5-X24x,O-C12-K5-X24x,Pusat
O-C12-K5-X25x,O-C12-K5-X25x,Pusat
O-C12-K5-X26x,O-C12-K5-X26x,Pusat
O-C12-K5-X27x,O-C12-K5-X27x,Pusat
O-C12-K5-X28x,O-C12-K5-X28x,Pusat
O-C12-K5-X29x,O-C12-K5-X29x,Pusat
O-C12-K5-X2x,O-C12-K5-X2x,Pusat
O-C12-K5-X30x,O-C12-K5-X30x,Pusat
O-C12-K5-X3x,O-C12-K5-X3x,Pusat
O-C12-K5-X4x,O-C12-K5-X4x,Pusat
O-C12-K5-X5x,O-C12-K5-X5x,Pusat
O-C12-K5-X6x,O-C12-K5-X6x,Pusat
O-C12-K5-X7x,O-C12-K5-X7x,Pusat
O-C12-K5-X8x,O-C12-K5-X8x,Pusat
O-C12-K5-X9x,O-C12-K5-X9x,Pusat
O-C12-K6-X10x,O-C12-K6-X10x,Pusat
O-C12-K6-X11x,O-C12-K6-X11x,Pusat
O-C12-K6-X12x,O-C12-K6-X12x,Pusat
O-C12-K6-X13x,O-C12-K6-X13x,Pusat
O-C12-K6-X14x,O-C12-K6-X14x,Pusat
O-C12-K6-X15x,O-C12-K6-X15x,Pusat
O-C12-K6-X16x,O-C12-K6-X16x,Pusat
O-C12-K6-X17x,O-C12-K6-X17x,Pusat
O-C12-K6-X18x,O-C12-K6-X18x,Pusat
O-C12-K6-X19x,O-C12-K6-X19x,Pusat
O-C12-K6-X1x,O-C12-K6-X1x,Pusat
O-C12-K6-X20x,O-C12-K6-X20x,Pusat
O-C12-K6-X21x,O-C12-K6-X21x,Pusat
O-C12-K6-X22x,O-C12-K6-X22x,Pusat
O-C12-K6-X23x,O-C12-K6-X23x,Pusat
O-C12-K6-X24x,O-C12-K6-X24x,Pusat
O-C12-K6-X25x,O-C12-K6-X25x,Pusat
O-C12-K6-X26x,O-C12-K6-X26x,Pusat
O-C12-K6-X27x,O-C12-K6-X27x,Pusat
O-C12-K6-X28x,O-C12-K6-X28x,Pusat
O-C12-K6-X29x,O-C12-K6-X29x,Pusat
O-C12-K6-X2x,O-C12-K6-X2x,Pusat
O-C12-K6-X30x,O-C12-K6-X30x,Pusat
O-C12-K6-X3x,O-C12-K6-X3x,Pusat
O-C12-K6-X4x,O-C12-K6-X4x,Pusat
O-C12-K6-X5x,O-C12-K6-X5x,Pusat
O-C12-K6-X6x,O-C12-K6-X6x,Pusat
O-C12-K6-X7x,O-C12-K6-X7x,Pusat
O-C12-K6-X8x,O-C12-K6-X8x,Pusat
O-C12-K6-X9x,O-C12-K6-X9x,Pusat
O-C12-K7-X10x,O-C12-K7-X10x,Pusat
O-C12-K7-X11x,O-C12-K7-X11x,Pusat
O-C12-K7-X12x,O-C12-K7-X12x,Pusat
O-C12-K7-X13x,O-C12-K7-X13x,Pusat
O-C12-K7-X14x,O-C12-K7-X14x,Pusat
O-C12-K7-X15x,O-C12-K7-X15x,Pusat
O-C12-K7-X16x,O-C12-K7-X16x,Pusat
O-C12-K7-X17x,O-C12-K7-X17x,Pusat
O-C12-K7-X18x,O-C12-K7-X18x,Pusat
O-C12-K7-X19x,O-C12-K7-X19x,Pusat
O-C12-K7-X1x,O-C12-K7-X1x,Pusat
O-C12-K7-X20x,O-C12-K7-X20x,Pusat
O-C12-K7-X21x,O-C12-K7-X21x,Pusat
O-C12-K7-X22x,O-C12-K7-X22x,Pusat
O-C12-K7-X23x,O-C12-K7-X23x,Pusat
O-C12-K7-X24x,O-C12-K7-X24x,Pusat
O-C12-K7-X25x,O-C12-K7-X25x,Pusat
O-C12-K7-X26x,O-C12-K7-X26x,Pusat
O-C12-K7-X27x,O-C12-K7-X27x,Pusat
O-C12-K7-X28x,O-C12-K7-X28x,Pusat
O-C12-K7-X29x,O-C12-K7-X29x,Pusat
O-C12-K7-X2x,O-C12-K7-X2x,Pusat
O-C12-K7-X30x,O-C12-K7-X30x,Pusat
O-C12-K7-X3x,O-C12-K7-X3x,Pusat
O-C12-K7-X4x,O-C12-K7-X4x,Pusat
O-C12-K7-X5x,O-C12-K7-X5x,Pusat
O-C12-K7-X6x,O-C12-K7-X6x,Pusat
O-C12-K7-X7x,O-C12-K7-X7x,Pusat
O-C12-K7-X8x,O-C12-K7-X8x,Pusat
O-C12-K7-X9x,O-C12-K7-X9x,Pusat
O-C13-K1-X10x,O-C13-K1-X10x,Pusat
O-C13-K1-X11x,O-C13-K1-X11x,Pusat
O-C13-K1-X12x,O-C13-K1-X12x,Pusat
O-C13-K1-X13x,O-C13-K1-X13x,Pusat
O-C13-K1-X14x,O-C13-K1-X14x,Pusat
O-C13-K1-X15x,O-C13-K1-X15x,Pusat
O-C13-K1-X16x,O-C13-K1-X16x,Pusat
O-C13-K1-X17x,O-C13-K1-X17x,Pusat
O-C13-K1-X18x,O-C13-K1-X18x,Pusat
O-C13-K1-X19x,O-C13-K1-X19x,Pusat
O-C13-K1-X1x,O-C13-K1-X1x,Pusat
O-C13-K1-X20x,O-C13-K1-X20x,Pusat
O-C13-K1-X21x,O-C13-K1-X21x,Pusat
O-C13-K1-X22x,O-C13-K1-X22x,Pusat
O-C13-K1-X23x,O-C13-K1-X23x,Pusat
O-C13-K1-X24x,O-C13-K1-X24x,Pusat
O-C13-K1-X25x,O-C13-K1-X25x,Pusat
O-C13-K1-X26x,O-C13-K1-X26x,Pusat
O-C13-K1-X27x,O-C13-K1-X27x,Pusat
O-C13-K1-X28x,O-C13-K1-X28x,Pusat
O-C13-K1-X29x,O-C13-K1-X29x,Pusat
O-C13-K1-X2x,O-C13-K1-X2x,Pusat
O-C13-K1-X30x,O-C13-K1-X30x,Pusat
O-C13-K1-X3x,O-C13-K1-X3x,Pusat
O-C13-K1-X4x,O-C13-K1-X4x,Pusat
O-C13-K1-X5x,O-C13-K1-X5x,Pusat
O-C13-K1-X6x,O-C13-K1-X6x,Pusat
O-C13-K1-X7x,O-C13-K1-X7x,Pusat
O-C13-K1-X8x,O-C13-K1-X8x,Pusat
O-C13-K1-X9x,O-C13-K1-X9x,Pusat
O-C13-K2-X10x,O-C13-K2-X10x,Pusat
O-C13-K2-X11x,O-C13-K2-X11x,Pusat
O-C13-K2-X12x,O-C13-K2-X12x,Pusat
O-C13-K2-X13x,O-C13-K2-X13x,Pusat
O-C13-K2-X14x,O-C13-K2-X14x,Pusat
O-C13-K2-X15x,O-C13-K2-X15x,Pusat
O-C13-K2-X16x,O-C13-K2-X16x,Pusat
O-C13-K2-X17x,O-C13-K2-X17x,Pusat
O-C13-K2-X18x,O-C13-K2-X18x,Pusat
O-C13-K2-X19x,O-C13-K2-X19x,Pusat
O-C13-K2-X1x,O-C13-K2-X1x,Pusat
O-C13-K2-X20x,O-C13-K2-X20x,Pusat
O-C13-K2-X21x,O-C13-K2-X21x,Pusat
O-C13-K2-X22x,O-C13-K2-X22x,Pusat
O-C13-K2-X23x,O-C13-K2-X23x,Pusat
O-C13-K2-X24x,O-C13-K2-X24x,Pusat
O-C13-K2-X25x,O-C13-K2-X25x,Pusat
O-C13-K2-X26x,O-C13-K2-X26x,Pusat
O-C13-K2-X27x,O-C13-K2-X27x,Pusat
O-C13-K2-X28x,O-C13-K2-X28x,Pusat
O-C13-K2-X29x,O-C13-K2-X29x,Pusat
O-C13-K2-X2x,O-C13-K2-X2x,Pusat
O-C13-K2-X30x,O-C13-K2-X30x,Pusat
O-C13-K2-X3x,O-C13-K2-X3x,Pusat
O-C13-K2-X4x,O-C13-K2-X4x,Pusat
O-C13-K2-X5x,O-C13-K2-X5x,Pusat
O-C13-K2-X6x,O-C13-K2-X6x,Pusat
O-C13-K2-X7x,O-C13-K2-X7x,Pusat
O-C13-K2-X8x,O-C13-K2-X8x,Pusat
O-C13-K2-X9x,O-C13-K2-X9x,Pusat
O-C13-K3-X10x,O-C13-K3-X10x,Pusat
O-C13-K3-X11x,O-C13-K3-X11x,Pusat
O-C13-K3-X12x,O-C13-K3-X12x,Pusat
O-C13-K3-X13x,O-C13-K3-X13x,Pusat
O-C13-K3-X14x,O-C13-K3-X14x,Pusat
O-C13-K3-X15x,O-C13-K3-X15x,Pusat
O-C13-K3-X16x,O-C13-K3-X16x,Pusat
O-C13-K3-X17x,O-C13-K3-X17x,Pusat
O-C13-K3-X18x,O-C13-K3-X18x,Pusat
O-C13-K3-X19x,O-C13-K3-X19x,Pusat
O-C13-K3-X1x,O-C13-K3-X1x,Pusat
O-C13-K3-X20x,O-C13-K3-X20x,Pusat
O-C13-K3-X21x,O-C13-K3-X21x,Pusat
O-C13-K3-X22x,O-C13-K3-X22x,Pusat
O-C13-K3-X23x,O-C13-K3-X23x,Pusat
O-C13-K3-X24x,O-C13-K3-X24x,Pusat
O-C13-K3-X25x,O-C13-K3-X25x,Pusat
O-C13-K3-X26x,O-C13-K3-X26x,Pusat
O-C13-K3-X27x,O-C13-K3-X27x,Pusat
O-C13-K3-X28x,O-C13-K3-X28x,Pusat
O-C13-K3-X29x,O-C13-K3-X29x,Pusat
O-C13-K3-X2x,O-C13-K3-X2x,Pusat
O-C13-K3-X30x,O-C13-K3-X30x,Pusat
O-C13-K3-X3x,O-C13-K3-X3x,Pusat
O-C13-K3-X4x,O-C13-K3-X4x,Pusat
O-C13-K3-X5x,O-C13-K3-X5x,Pusat
O-C13-K3-X6x,O-C13-K3-X6x,Pusat
O-C13-K3-X7x,O-C13-K3-X7x,Pusat
O-C13-K3-X8x,O-C13-K3-X8x,Pusat
O-C13-K3-X9x,O-C13-K3-X9x,Pusat
O-C13-K4-X10x,O-C13-K4-X10x,Pusat
O-C13-K4-X11x,O-C13-K4-X11x,Pusat
O-C13-K4-X12x,O-C13-K4-X12x,Pusat
O-C13-K4-X13x,O-C13-K4-X13x,Pusat
O-C13-K4-X14x,O-C13-K4-X14x,Pusat
O-C13-K4-X15x,O-C13-K4-X15x,Pusat
O-C13-K4-X16x,O-C13-K4-X16x,Pusat
O-C13-K4-X17x,O-C13-K4-X17x,Pusat
O-C13-K4-X18x,O-C13-K4-X18x,Pusat
O-C13-K4-X19x,O-C13-K4-X19x,Pusat
O-C13-K4-X1x,O-C13-K4-X1x,Pusat
O-C13-K4-X20x,O-C13-K4-X20x,Pusat
O-C13-K4-X21x,O-C13-K4-X21x,Pusat
O-C13-K4-X22x,O-C13-K4-X22x,Pusat
O-C13-K4-X23x,O-C13-K4-X23x,Pusat
O-C13-K4-X24x,O-C13-K4-X24x,Pusat
O-C13-K4-X25x,O-C13-K4-X25x,Pusat
O-C13-K4-X26x,O-C13-K4-X26x,Pusat
O-C13-K4-X27x,O-C13-K4-X27x,Pusat
O-C13-K4-X28x,O-C13-K4-X28x,Pusat
O-C13-K4-X29x,O-C13-K4-X29x,Pusat
O-C13-K4-X2x,O-C13-K4-X2x,Pusat
O-C13-K4-X30x,O-C13-K4-X30x,Pusat
O-C13-K4-X3x,O-C13-K4-X3x,Pusat
O-C13-K4-X4x,O-C13-K4-X4x,Pusat
O-C13-K4-X5x,O-C13-K4-X5x,Pusat
O-C13-K4-X6x,O-C13-K4-X6x,Pusat
O-C13-K4-X7x,O-C13-K4-X7x,Pusat
O-C13-K4-X8x,O-C13-K4-X8x,Pusat
O-C13-K4-X9x,O-C13-K4-X9x,Pusat
O-C13-K5-X10x,O-C13-K5-X10x,Pusat
O-C13-K5-X11x,O-C13-K5-X11x,Pusat
O-C13-K5-X12x,O-C13-K5-X12x,Pusat
O-C13-K5-X13x,O-C13-K5-X13x,Pusat
O-C13-K5-X14x,O-C13-K5-X14x,Pusat
O-C13-K5-X15x,O-C13-K5-X15x,Pusat
O-C13-K5-X16x,O-C13-K5-X16x,Pusat
O-C13-K5-X17x,O-C13-K5-X17x,Pusat
O-C13-K5-X18x,O-C13-K5-X18x,Pusat
O-C13-K5-X19x,O-C13-K5-X19x,Pusat
O-C13-K5-X1x,O-C13-K5-X1x,Pusat
O-C13-K5-X20x,O-C13-K5-X20x,Pusat
O-C13-K5-X21x,O-C13-K5-X21x,Pusat
O-C13-K5-X22x,O-C13-K5-X22x,Pusat
O-C13-K5-X23x,O-C13-K5-X23x,Pusat
O-C13-K5-X24x,O-C13-K5-X24x,Pusat
O-C13-K5-X25x,O-C13-K5-X25x,Pusat
O-C13-K5-X26x,O-C13-K5-X26x,Pusat
O-C13-K5-X27x,O-C13-K5-X27x,Pusat
O-C13-K5-X28x,O-C13-K5-X28x,Pusat
O-C13-K5-X29x,O-C13-K5-X29x,Pusat
O-C13-K5-X2x,O-C13-K5-X2x,Pusat
O-C13-K5-X30x,O-C13-K5-X30x,Pusat
O-C13-K5-X3x,O-C13-K5-X3x,Pusat
O-C13-K5-X4x,O-C13-K5-X4x,Pusat
O-C13-K5-X5x,O-C13-K5-X5x,Pusat
O-C13-K5-X6x,O-C13-K5-X6x,Pusat
O-C13-K5-X7x,O-C13-K5-X7x,Pusat
O-C13-K5-X8x,O-C13-K5-X8x,Pusat
O-C13-K5-X9x,O-C13-K5-X9x,Pusat
O-C13-K6-X10x,O-C13-K6-X10x,Pusat
O-C13-K6-X11x,O-C13-K6-X11x,Pusat
O-C13-K6-X12x,O-C13-K6-X12x,Pusat
O-C13-K6-X13x,O-C13-K6-X13x,Pusat
O-C13-K6-X14x,O-C13-K6-X14x,Pusat
O-C13-K6-X15x,O-C13-K6-X15x,Pusat
O-C13-K6-X16x,O-C13-K6-X16x,Pusat
O-C13-K6-X17x,O-C13-K6-X17x,Pusat
O-C13-K6-X18x,O-C13-K6-X18x,Pusat
O-C13-K6-X19x,O-C13-K6-X19x,Pusat
O-C13-K6-X1x,O-C13-K6-X1x,Pusat
O-C13-K6-X20x,O-C13-K6-X20x,Pusat
O-C13-K6-X21x,O-C13-K6-X21x,Pusat
O-C13-K6-X22x,O-C13-K6-X22x,Pusat
O-C13-K6-X23x,O-C13-K6-X23x,Pusat
O-C13-K6-X24x,O-C13-K6-X24x,Pusat
O-C13-K6-X25x,O-C13-K6-X25x,Pusat
O-C13-K6-X26x,O-C13-K6-X26x,Pusat
O-C13-K6-X27x,O-C13-K6-X27x,Pusat
O-C13-K6-X28x,O-C13-K6-X28x,Pusat
O-C13-K6-X29x,O-C13-K6-X29x,Pusat
O-C13-K6-X2x,O-C13-K6-X2x,Pusat
O-C13-K6-X30x,O-C13-K6-X30x,Pusat
O-C13-K6-X3x,O-C13-K6-X3x,Pusat
O-C13-K6-X4x,O-C13-K6-X4x,Pusat
O-C13-K6-X5x,O-C13-K6-X5x,Pusat
O-C13-K6-X6x,O-C13-K6-X6x,Pusat
O-C13-K6-X7x,O-C13-K6-X7x,Pusat
O-C13-K6-X8x,O-C13-K6-X8x,Pusat
O-C13-K6-X9x,O-C13-K6-X9x,Pusat
O-C13-K7-X10x,O-C13-K7-X10x,Pusat
O-C13-K7-X11x,O-C13-K7-X11x,Pusat
O-C13-K7-X12x,O-C13-K7-X12x,Pusat
O-C13-K7-X13x,O-C13-K7-X13x,Pusat
O-C13-K7-X14x,O-C13-K7-X14x,Pusat
O-C13-K7-X15x,O-C13-K7-X15x,Pusat
O-C13-K7-X16x,O-C13-K7-X16x,Pusat
O-C13-K7-X17x,O-C13-K7-X17x,Pusat
O-C13-K7-X18x,O-C13-K7-X18x,Pusat
O-C13-K7-X19x,O-C13-K7-X19x,Pusat
O-C13-K7-X1x,O-C13-K7-X1x,Pusat
O-C13-K7-X20x,O-C13-K7-X20x,Pusat
O-C13-K7-X21x,O-C13-K7-X21x,Pusat
O-C13-K7-X22x,O-C13-K7-X22x,Pusat
O-C13-K7-X23x,O-C13-K7-X23x,Pusat
O-C13-K7-X24x,O-C13-K7-X24x,Pusat
O-C13-K7-X25x,O-C13-K7-X25x,Pusat
O-C13-K7-X26x,O-C13-K7-X26x,Pusat
O-C13-K7-X27x,O-C13-K7-X27x,Pusat
O-C13-K7-X28x,O-C13-K7-X28x,Pusat
O-C13-K7-X29x,O-C13-K7-X29x,Pusat
O-C13-K7-X2x,O-C13-K7-X2x,Pusat
O-C13-K7-X30x,O-C13-K7-X30x,Pusat
O-C13-K7-X3x,O-C13-K7-X3x,Pusat
O-C13-K7-X4x,O-C13-K7-X4x,Pusat
O-C13-K7-X5x,O-C13-K7-X5x,Pusat
O-C13-K7-X6x,O-C13-K7-X6x,Pusat
O-C13-K7-X7x,O-C13-K7-X7x,Pusat
O-C13-K7-X8x,O-C13-K7-X8x,Pusat
O-C13-K7-X9x,O-C13-K7-X9x,Pusat
O-C14-K1-X10x,O-C14-K1-X10x,Pusat
O-C14-K1-X11x,O-C14-K1-X11x,Pusat
O-C14-K1-X12x,O-C14-K1-X12x,Pusat
O-C14-K1-X13x,O-C14-K1-X13x,Pusat
O-C14-K1-X14x,O-C14-K1-X14x,Pusat
O-C14-K1-X15x,O-C14-K1-X15x,Pusat
O-C14-K1-X16x,O-C14-K1-X16x,Pusat
O-C14-K1-X17x,O-C14-K1-X17x,Pusat
O-C14-K1-X18x,O-C14-K1-X18x,Pusat
O-C14-K1-X19x,O-C14-K1-X19x,Pusat
O-C14-K1-X1x,O-C14-K1-X1x,Pusat
O-C14-K1-X20x,O-C14-K1-X20x,Pusat
O-C14-K1-X21x,O-C14-K1-X21x,Pusat
O-C14-K1-X22x,O-C14-K1-X22x,Pusat
O-C14-K1-X23x,O-C14-K1-X23x,Pusat
O-C14-K1-X24x,O-C14-K1-X24x,Pusat
O-C14-K1-X25x,O-C14-K1-X25x,Pusat
O-C14-K1-X26x,O-C14-K1-X26x,Pusat
O-C14-K1-X27x,O-C14-K1-X27x,Pusat
O-C14-K1-X28x,O-C14-K1-X28x,Pusat
O-C14-K1-X29x,O-C14-K1-X29x,Pusat
O-C14-K1-X2x,O-C14-K1-X2x,Pusat
O-C14-K1-X30x,O-C14-K1-X30x,Pusat
O-C14-K1-X3x,O-C14-K1-X3x,Pusat
O-C14-K1-X4x,O-C14-K1-X4x,Pusat
O-C14-K1-X5x,O-C14-K1-X5x,Pusat
O-C14-K1-X6x,O-C14-K1-X6x,Pusat
O-C14-K1-X7x,O-C14-K1-X7x,Pusat
O-C14-K1-X8x,O-C14-K1-X8x,Pusat
O-C14-K1-X9x,O-C14-K1-X9x,Pusat
O-C14-K2-X10x,O-C14-K2-X10x,Pusat
O-C14-K2-X11x,O-C14-K2-X11x,Pusat
O-C14-K2-X12x,O-C14-K2-X12x,Pusat
O-C14-K2-X13x,O-C14-K2-X13x,Pusat
O-C14-K2-X14x,O-C14-K2-X14x,Pusat
O-C14-K2-X15x,O-C14-K2-X15x,Pusat
O-C14-K2-X16x,O-C14-K2-X16x,Pusat
O-C14-K2-X17x,O-C14-K2-X17x,Pusat
O-C14-K2-X18x,O-C14-K2-X18x,Pusat
O-C14-K2-X19x,O-C14-K2-X19x,Pusat
O-C14-K2-X1x,O-C14-K2-X1x,Pusat
O-C14-K2-X20x,O-C14-K2-X20x,Pusat
O-C14-K2-X21x,O-C14-K2-X21x,Pusat
O-C14-K2-X22x,O-C14-K2-X22x,Pusat
O-C14-K2-X23x,O-C14-K2-X23x,Pusat
O-C14-K2-X24x,O-C14-K2-X24x,Pusat
O-C14-K2-X25x,O-C14-K2-X25x,Pusat
O-C14-K2-X26x,O-C14-K2-X26x,Pusat
O-C14-K2-X27x,O-C14-K2-X27x,Pusat
O-C14-K2-X28x,O-C14-K2-X28x,Pusat
O-C14-K2-X29x,O-C14-K2-X29x,Pusat
O-C14-K2-X2x,O-C14-K2-X2x,Pusat
O-C14-K2-X30x,O-C14-K2-X30x,Pusat
O-C14-K2-X3x,O-C14-K2-X3x,Pusat
O-C14-K2-X4x,O-C14-K2-X4x,Pusat
O-C14-K2-X5x,O-C14-K2-X5x,Pusat
O-C14-K2-X6x,O-C14-K2-X6x,Pusat
O-C14-K2-X7x,O-C14-K2-X7x,Pusat
O-C14-K2-X8x,O-C14-K2-X8x,Pusat
O-C14-K2-X9x,O-C14-K2-X9x,Pusat
O-C14-K3-X10x,O-C14-K3-X10x,Pusat
O-C14-K3-X11x,O-C14-K3-X11x,Pusat
O-C14-K3-X12x,O-C14-K3-X12x,Pusat
O-C14-K3-X13x,O-C14-K3-X13x,Pusat
O-C14-K3-X14x,O-C14-K3-X14x,Pusat
O-C14-K3-X15x,O-C14-K3-X15x,Pusat
O-C14-K3-X16x,O-C14-K3-X16x,Pusat
O-C14-K3-X17x,O-C14-K3-X17x,Pusat
O-C14-K3-X18x,O-C14-K3-X18x,Pusat
O-C14-K3-X19x,O-C14-K3-X19x,Pusat
O-C14-K3-X1x,O-C14-K3-X1x,Pusat
O-C14-K3-X20x,O-C14-K3-X20x,Pusat
O-C14-K3-X21x,O-C14-K3-X21x,Pusat
O-C14-K3-X22x,O-C14-K3-X22x,Pusat
O-C14-K3-X23x,O-C14-K3-X23x,Pusat
O-C14-K3-X24x,O-C14-K3-X24x,Pusat
O-C14-K3-X25x,O-C14-K3-X25x,Pusat
O-C14-K3-X26x,O-C14-K3-X26x,Pusat
O-C14-K3-X27x,O-C14-K3-X27x,Pusat
O-C14-K3-X28x,O-C14-K3-X28x,Pusat
O-C14-K3-X29x,O-C14-K3-X29x,Pusat
O-C14-K3-X2x,O-C14-K3-X2x,Pusat
O-C14-K3-X30x,O-C14-K3-X30x,Pusat
O-C14-K3-X3x,O-C14-K3-X3x,Pusat
O-C14-K3-X4x,O-C14-K3-X4x,Pusat
O-C14-K3-X5x,O-C14-K3-X5x,Pusat
O-C14-K3-X6x,O-C14-K3-X6x,Pusat
O-C14-K3-X7x,O-C14-K3-X7x,Pusat
O-C14-K3-X8x,O-C14-K3-X8x,Pusat
O-C14-K3-X9x,O-C14-K3-X9x,Pusat
O-C14-K4-X10x,O-C14-K4-X10x,Pusat
O-C14-K4-X11x,O-C14-K4-X11x,Pusat
O-C14-K4-X12x,O-C14-K4-X12x,Pusat
O-C14-K4-X13x,O-C14-K4-X13x,Pusat
O-C14-K4-X14x,O-C14-K4-X14x,Pusat
O-C14-K4-X15x,O-C14-K4-X15x,Pusat
O-C14-K4-X16x,O-C14-K4-X16x,Pusat
O-C14-K4-X17x,O-C14-K4-X17x,Pusat
O-C14-K4-X18x,O-C14-K4-X18x,Pusat
O-C14-K4-X19x,O-C14-K4-X19x,Pusat
O-C14-K4-X1x,O-C14-K4-X1x,Pusat
O-C14-K4-X20x,O-C14-K4-X20x,Pusat
O-C14-K4-X21x,O-C14-K4-X21x,Pusat
O-C14-K4-X22x,O-C14-K4-X22x,Pusat
O-C14-K4-X23x,O-C14-K4-X23x,Pusat
O-C14-K4-X24x,O-C14-K4-X24x,Pusat
O-C14-K4-X25x,O-C14-K4-X25x,Pusat
O-C14-K4-X26x,O-C14-K4-X26x,Pusat
O-C14-K4-X27x,O-C14-K4-X27x,Pusat
O-C14-K4-X28x,O-C14-K4-X28x,Pusat
O-C14-K4-X29x,O-C14-K4-X29x,Pusat
O-C14-K4-X2x,O-C14-K4-X2x,Pusat
O-C14-K4-X30x,O-C14-K4-X30x,Pusat
O-C14-K4-X3x,O-C14-K4-X3x,Pusat
O-C14-K4-X4x,O-C14-K4-X4x,Pusat
O-C14-K4-X5x,O-C14-K4-X5x,Pusat
O-C14-K4-X6x,O-C14-K4-X6x,Pusat
O-C14-K4-X7x,O-C14-K4-X7x,Pusat
O-C14-K4-X8x,O-C14-K4-X8x,Pusat
O-C14-K4-X9x,O-C14-K4-X9x,Pusat
O-C14-K5-X10x,O-C14-K5-X10x,Pusat
O-C14-K5-X11x,O-C14-K5-X11x,Pusat
O-C14-K5-X12x,O-C14-K5-X12x,Pusat
O-C14-K5-X13x,O-C14-K5-X13x,Pusat
O-C14-K5-X14x,O-C14-K5-X14x,Pusat
O-C14-K5-X15x,O-C14-K5-X15x,Pusat
O-C14-K5-X16x,O-C14-K5-X16x,Pusat
O-C14-K5-X17x,O-C14-K5-X17x,Pusat
O-C14-K5-X18x,O-C14-K5-X18x,Pusat
O-C14-K5-X19x,O-C14-K5-X19x,Pusat
O-C14-K5-X1x,O-C14-K5-X1x,Pusat
O-C14-K5-X20x,O-C14-K5-X20x,Pusat
O-C14-K5-X21x,O-C14-K5-X21x,Pusat
O-C14-K5-X22x,O-C14-K5-X22x,Pusat
O-C14-K5-X23x,O-C14-K5-X23x,Pusat
O-C14-K5-X24x,O-C14-K5-X24x,Pusat
O-C14-K5-X25x,O-C14-K5-X25x,Pusat
O-C14-K5-X26x,O-C14-K5-X26x,Pusat
O-C14-K5-X27x,O-C14-K5-X27x,Pusat
O-C14-K5-X28x,O-C14-K5-X28x,Pusat
O-C14-K5-X29x,O-C14-K5-X29x,Pusat
O-C14-K5-X2x,O-C14-K5-X2x,Pusat
O-C14-K5-X30x,O-C14-K5-X30x,Pusat
O-C14-K5-X3x,O-C14-K5-X3x,Pusat
O-C14-K5-X4x,O-C14-K5-X4x,Pusat
O-C14-K5-X5x,O-C14-K5-X5x,Pusat
O-C14-K5-X6x,O-C14-K5-X6x,Pusat
O-C14-K5-X7x,O-C14-K5-X7x,Pusat
O-C14-K5-X8x,O-C14-K5-X8x,Pusat
O-C14-K5-X9x,O-C14-K5-X9x,Pusat
O-C14-K6-X10x,O-C14-K6-X10x,Pusat
O-C14-K6-X11x,O-C14-K6-X11x,Pusat
O-C14-K6-X12x,O-C14-K6-X12x,Pusat
O-C14-K6-X13x,O-C14-K6-X13x,Pusat
O-C14-K6-X14x,O-C14-K6-X14x,Pusat
O-C14-K6-X15x,O-C14-K6-X15x,Pusat
O-C14-K6-X16x,O-C14-K6-X16x,Pusat
O-C14-K6-X17x,O-C14-K6-X17x,Pusat
O-C14-K6-X18x,O-C14-K6-X18x,Pusat
O-C14-K6-X19x,O-C14-K6-X19x,Pusat
O-C14-K6-X1x,O-C14-K6-X1x,Pusat
O-C14-K6-X20x,O-C14-K6-X20x,Pusat
O-C14-K6-X21x,O-C14-K6-X21x,Pusat
O-C14-K6-X22x,O-C14-K6-X22x,Pusat
O-C14-K6-X23x,O-C14-K6-X23x,Pusat
O-C14-K6-X24x,O-C14-K6-X24x,Pusat
O-C14-K6-X25x,O-C14-K6-X25x,Pusat
O-C14-K6-X26x,O-C14-K6-X26x,Pusat
O-C14-K6-X27x,O-C14-K6-X27x,Pusat
O-C14-K6-X28x,O-C14-K6-X28x,Pusat
O-C14-K6-X29x,O-C14-K6-X29x,Pusat
O-C14-K6-X2x,O-C14-K6-X2x,Pusat
O-C14-K6-X30x,O-C14-K6-X30x,Pusat
O-C14-K6-X3x,O-C14-K6-X3x,Pusat
O-C14-K6-X4x,O-C14-K6-X4x,Pusat
O-C14-K6-X5x,O-C14-K6-X5x,Pusat
O-C14-K6-X6x,O-C14-K6-X6x,Pusat
O-C14-K6-X7x,O-C14-K6-X7x,Pusat
O-C14-K6-X8x,O-C14-K6-X8x,Pusat
O-C14-K6-X9x,O-C14-K6-X9x,Pusat
O-C14-K7-X10x,O-C14-K7-X10x,Pusat
O-C14-K7-X11x,O-C14-K7-X11x,Pusat
O-C14-K7-X12x,O-C14-K7-X12x,Pusat
O-C14-K7-X13x,O-C14-K7-X13x,Pusat
O-C14-K7-X14x,O-C14-K7-X14x,Pusat
O-C14-K7-X15x,O-C14-K7-X15x,Pusat
O-C14-K7-X16x,O-C14-K7-X16x,Pusat
O-C14-K7-X17x,O-C14-K7-X17x,Pusat
O-C14-K7-X18x,O-C14-K7-X18x,Pusat
O-C14-K7-X19x,O-C14-K7-X19x,Pusat
O-C14-K7-X1x,O-C14-K7-X1x,Pusat
O-C14-K7-X20x,O-C14-K7-X20x,Pusat
O-C14-K7-X21x,O-C14-K7-X21x,Pusat
O-C14-K7-X22x,O-C14-K7-X22x,Pusat
O-C14-K7-X23x,O-C14-K7-X23x,Pusat
O-C14-K7-X24x,O-C14-K7-X24x,Pusat
O-C14-K7-X25x,O-C14-K7-X25x,Pusat
O-C14-K7-X26x,O-C14-K7-X26x,Pusat
O-C14-K7-X27x,O-C14-K7-X27x,Pusat
O-C14-K7-X28x,O-C14-K7-X28x,Pusat
O-C14-K7-X29x,O-C14-K7-X29x,Pusat
O-C14-K7-X2x,O-C14-K7-X2x,Pusat
O-C14-K7-X30x,O-C14-K7-X30x,Pusat
O-C14-K7-X3x,O-C14-K7-X3x,Pusat
O-C14-K7-X4x,O-C14-K7-X4x,Pusat
O-C14-K7-X5x,O-C14-K7-X5x,Pusat
O-C14-K7-X6x,O-C14-K7-X6x,Pusat
O-C14-K7-X7x,O-C14-K7-X7x,Pusat
O-C14-K7-X8x,O-C14-K7-X8x,Pusat
O-C14-K7-X9x,O-C14-K7-X9x,Pusat
O-C15-K1-X10x,O-C15-K1-X10x,Pusat
O-C15-K1-X11x,O-C15-K1-X11x,Pusat
O-C15-K1-X12x,O-C15-K1-X12x,Pusat
O-C15-K1-X13x,O-C15-K1-X13x,Pusat
O-C15-K1-X14x,O-C15-K1-X14x,Pusat
O-C15-K1-X15x,O-C15-K1-X15x,Pusat
O-C15-K1-X16x,O-C15-K1-X16x,Pusat
O-C15-K1-X17x,O-C15-K1-X17x,Pusat
O-C15-K1-X18x,O-C15-K1-X18x,Pusat
O-C15-K1-X19x,O-C15-K1-X19x,Pusat
O-C15-K1-X1x,O-C15-K1-X1x,Pusat
O-C15-K1-X20x,O-C15-K1-X20x,Pusat
O-C15-K1-X21x,O-C15-K1-X21x,Pusat
O-C15-K1-X22x,O-C15-K1-X22x,Pusat
O-C15-K1-X23x,O-C15-K1-X23x,Pusat
O-C15-K1-X24x,O-C15-K1-X24x,Pusat
O-C15-K1-X25x,O-C15-K1-X25x,Pusat
O-C15-K1-X26x,O-C15-K1-X26x,Pusat
O-C15-K1-X27x,O-C15-K1-X27x,Pusat
O-C15-K1-X28x,O-C15-K1-X28x,Pusat
O-C15-K1-X29x,O-C15-K1-X29x,Pusat
O-C15-K1-X2x,O-C15-K1-X2x,Pusat
O-C15-K1-X30x,O-C15-K1-X30x,Pusat
O-C15-K1-X3x,O-C15-K1-X3x,Pusat
O-C15-K1-X4x,O-C15-K1-X4x,Pusat
O-C15-K1-X5x,O-C15-K1-X5x,Pusat
O-C15-K1-X6x,O-C15-K1-X6x,Pusat
O-C15-K1-X7x,O-C15-K1-X7x,Pusat
O-C15-K1-X8x,O-C15-K1-X8x,Pusat
O-C15-K1-X9x,O-C15-K1-X9x,Pusat
O-C15-K2-X10x,O-C15-K2-X10x,Pusat
O-C15-K2-X11x,O-C15-K2-X11x,Pusat
O-C15-K2-X12x,O-C15-K2-X12x,Pusat
O-C15-K2-X13x,O-C15-K2-X13x,Pusat
O-C15-K2-X14x,O-C15-K2-X14x,Pusat
O-C15-K2-X15x,O-C15-K2-X15x,Pusat
O-C15-K2-X16x,O-C15-K2-X16x,Pusat
O-C15-K2-X17x,O-C15-K2-X17x,Pusat
O-C15-K2-X18x,O-C15-K2-X18x,Pusat
O-C15-K2-X19x,O-C15-K2-X19x,Pusat
O-C15-K2-X1x,O-C15-K2-X1x,Pusat
O-C15-K2-X20x,O-C15-K2-X20x,Pusat
O-C15-K2-X21x,O-C15-K2-X21x,Pusat
O-C15-K2-X22x,O-C15-K2-X22x,Pusat
O-C15-K2-X23x,O-C15-K2-X23x,Pusat
O-C15-K2-X24x,O-C15-K2-X24x,Pusat
O-C15-K2-X25x,O-C15-K2-X25x,Pusat
O-C15-K2-X26x,O-C15-K2-X26x,Pusat
O-C15-K2-X27x,O-C15-K2-X27x,Pusat
O-C15-K2-X28x,O-C15-K2-X28x,Pusat
O-C15-K2-X29x,O-C15-K2-X29x,Pusat
O-C15-K2-X2x,O-C15-K2-X2x,Pusat
O-C15-K2-X30x,O-C15-K2-X30x,Pusat
O-C15-K2-X3x,O-C15-K2-X3x,Pusat
O-C15-K2-X4x,O-C15-K2-X4x,Pusat
O-C15-K2-X5x,O-C15-K2-X5x,Pusat
O-C15-K2-X6x,O-C15-K2-X6x,Pusat
O-C15-K2-X7x,O-C15-K2-X7x,Pusat
O-C15-K2-X8x,O-C15-K2-X8x,Pusat
O-C15-K2-X9x,O-C15-K2-X9x,Pusat
O-C15-K3-X10x,O-C15-K3-X10x,Pusat
O-C15-K3-X11x,O-C15-K3-X11x,Pusat
O-C15-K3-X12x,O-C15-K3-X12x,Pusat
O-C15-K3-X13x,O-C15-K3-X13x,Pusat
O-C15-K3-X14x,O-C15-K3-X14x,Pusat
O-C15-K3-X15x,O-C15-K3-X15x,Pusat
O-C15-K3-X16x,O-C15-K3-X16x,Pusat
O-C15-K3-X17x,O-C15-K3-X17x,Pusat
O-C15-K3-X18x,O-C15-K3-X18x,Pusat
O-C15-K3-X19x,O-C15-K3-X19x,Pusat
O-C15-K3-X1x,O-C15-K3-X1x,Pusat
O-C15-K3-X20x,O-C15-K3-X20x,Pusat
O-C15-K3-X21x,O-C15-K3-X21x,Pusat
O-C15-K3-X22x,O-C15-K3-X22x,Pusat
O-C15-K3-X23x,O-C15-K3-X23x,Pusat
O-C15-K3-X24x,O-C15-K3-X24x,Pusat
O-C15-K3-X25x,O-C15-K3-X25x,Pusat
O-C15-K3-X26x,O-C15-K3-X26x,Pusat
O-C15-K3-X27x,O-C15-K3-X27x,Pusat
O-C15-K3-X28x,O-C15-K3-X28x,Pusat
O-C15-K3-X29x,O-C15-K3-X29x,Pusat
O-C15-K3-X2x,O-C15-K3-X2x,Pusat
O-C15-K3-X30x,O-C15-K3-X30x,Pusat
O-C15-K3-X3x,O-C15-K3-X3x,Pusat
O-C15-K3-X4x,O-C15-K3-X4x,Pusat
O-C15-K3-X5x,O-C15-K3-X5x,Pusat
O-C15-K3-X6x,O-C15-K3-X6x,Pusat
O-C15-K3-X7x,O-C15-K3-X7x,Pusat
O-C15-K3-X8x,O-C15-K3-X8x,Pusat
O-C15-K3-X9x,O-C15-K3-X9x,Pusat
O-C15-K4-X10x,O-C15-K4-X10x,Pusat
O-C15-K4-X11x,O-C15-K4-X11x,Pusat
O-C15-K4-X12x,O-C15-K4-X12x,Pusat
O-C15-K4-X13x,O-C15-K4-X13x,Pusat
O-C15-K4-X14x,O-C15-K4-X14x,Pusat
O-C15-K4-X15x,O-C15-K4-X15x,Pusat
O-C15-K4-X16x,O-C15-K4-X16x,Pusat
O-C15-K4-X17x,O-C15-K4-X17x,Pusat
O-C15-K4-X18x,O-C15-K4-X18x,Pusat
O-C15-K4-X19x,O-C15-K4-X19x,Pusat
O-C15-K4-X1x,O-C15-K4-X1x,Pusat
O-C15-K4-X20x,O-C15-K4-X20x,Pusat
O-C15-K4-X21x,O-C15-K4-X21x,Pusat
O-C15-K4-X22x,O-C15-K4-X22x,Pusat
O-C15-K4-X23x,O-C15-K4-X23x,Pusat
O-C15-K4-X24x,O-C15-K4-X24x,Pusat
O-C15-K4-X25x,O-C15-K4-X25x,Pusat
O-C15-K4-X26x,O-C15-K4-X26x,Pusat
O-C15-K4-X27x,O-C15-K4-X27x,Pusat
O-C15-K4-X28x,O-C15-K4-X28x,Pusat
O-C15-K4-X29x,O-C15-K4-X29x,Pusat
O-C15-K4-X2x,O-C15-K4-X2x,Pusat
O-C15-K4-X30x,O-C15-K4-X30x,Pusat
O-C15-K4-X3x,O-C15-K4-X3x,Pusat
O-C15-K4-X4x,O-C15-K4-X4x,Pusat
O-C15-K4-X5x,O-C15-K4-X5x,Pusat
O-C15-K4-X6x,O-C15-K4-X6x,Pusat
O-C15-K4-X7x,O-C15-K4-X7x,Pusat
O-C15-K4-X8x,O-C15-K4-X8x,Pusat
O-C15-K4-X9x,O-C15-K4-X9x,Pusat
O-C15-K5-X10x,O-C15-K5-X10x,Pusat
O-C15-K5-X11x,O-C15-K5-X11x,Pusat
O-C15-K5-X12x,O-C15-K5-X12x,Pusat
O-C15-K5-X13x,O-C15-K5-X13x,Pusat
O-C15-K5-X14x,O-C15-K5-X14x,Pusat
O-C15-K5-X15x,O-C15-K5-X15x,Pusat
O-C15-K5-X16x,O-C15-K5-X16x,Pusat
O-C15-K5-X17x,O-C15-K5-X17x,Pusat
O-C15-K5-X18x,O-C15-K5-X18x,Pusat
O-C15-K5-X19x,O-C15-K5-X19x,Pusat
O-C15-K5-X1x,O-C15-K5-X1x,Pusat
O-C15-K5-X20x,O-C15-K5-X20x,Pusat
O-C15-K5-X21x,O-C15-K5-X21x,Pusat
O-C15-K5-X22x,O-C15-K5-X22x,Pusat
O-C15-K5-X23x,O-C15-K5-X23x,Pusat
O-C15-K5-X24x,O-C15-K5-X24x,Pusat
O-C15-K5-X25x,O-C15-K5-X25x,Pusat
O-C15-K5-X26x,O-C15-K5-X26x,Pusat
O-C15-K5-X27x,O-C15-K5-X27x,Pusat
O-C15-K5-X28x,O-C15-K5-X28x,Pusat
O-C15-K5-X29x,O-C15-K5-X29x,Pusat
O-C15-K5-X2x,O-C15-K5-X2x,Pusat
O-C15-K5-X30x,O-C15-K5-X30x,Pusat
O-C15-K5-X3x,O-C15-K5-X3x,Pusat
O-C15-K5-X4x,O-C15-K5-X4x,Pusat
O-C15-K5-X5x,O-C15-K5-X5x,Pusat
O-C15-K5-X6x,O-C15-K5-X6x,Pusat
O-C15-K5-X7x,O-C15-K5-X7x,Pusat
O-C15-K5-X8x,O-C15-K5-X8x,Pusat
O-C15-K5-X9x,O-C15-K5-X9x,Pusat
O-C15-K6-X10x,O-C15-K6-X10x,Pusat
O-C15-K6-X11x,O-C15-K6-X11x,Pusat
O-C15-K6-X12x,O-C15-K6-X12x,Pusat
O-C15-K6-X13x,O-C15-K6-X13x,Pusat
O-C15-K6-X14x,O-C15-K6-X14x,Pusat
O-C15-K6-X15x,O-C15-K6-X15x,Pusat
O-C15-K6-X16x,O-C15-K6-X16x,Pusat
O-C15-K6-X17x,O-C15-K6-X17x,Pusat
O-C15-K6-X18x,O-C15-K6-X18x,Pusat
O-C15-K6-X19x,O-C15-K6-X19x,Pusat
O-C15-K6-X1x,O-C15-K6-X1x,Pusat
O-C15-K6-X20x,O-C15-K6-X20x,Pusat
O-C15-K6-X21x,O-C15-K6-X21x,Pusat
O-C15-K6-X22x,O-C15-K6-X22x,Pusat
O-C15-K6-X23x,O-C15-K6-X23x,Pusat
O-C15-K6-X24x,O-C15-K6-X24x,Pusat
O-C15-K6-X25x,O-C15-K6-X25x,Pusat
O-C15-K6-X26x,O-C15-K6-X26x,Pusat
O-C15-K6-X27x,O-C15-K6-X27x,Pusat
O-C15-K6-X28x,O-C15-K6-X28x,Pusat
O-C15-K6-X29x,O-C15-K6-X29x,Pusat
O-C15-K6-X2x,O-C15-K6-X2x,Pusat
O-C15-K6-X30x,O-C15-K6-X30x,Pusat
O-C15-K6-X3x,O-C15-K6-X3x,Pusat
O-C15-K6-X4x,O-C15-K6-X4x,Pusat
O-C15-K6-X5x,O-C15-K6-X5x,Pusat
O-C15-K6-X6x,O-C15-K6-X6x,Pusat
O-C15-K6-X7x,O-C15-K6-X7x,Pusat
O-C15-K6-X8x,O-C15-K6-X8x,Pusat
O-C15-K6-X9x,O-C15-K6-X9x,Pusat
O-C15-K7-X10x,O-C15-K7-X10x,Pusat
O-C15-K7-X11x,O-C15-K7-X11x,Pusat
O-C15-K7-X12x,O-C15-K7-X12x,Pusat
O-C15-K7-X13x,O-C15-K7-X13x,Pusat
O-C15-K7-X14x,O-C15-K7-X14x,Pusat
O-C15-K7-X15x,O-C15-K7-X15x,Pusat
O-C15-K7-X16x,O-C15-K7-X16x,Pusat
O-C15-K7-X17x,O-C15-K7-X17x,Pusat
O-C15-K7-X18x,O-C15-K7-X18x,Pusat
O-C15-K7-X19x,O-C15-K7-X19x,Pusat
O-C15-K7-X1x,O-C15-K7-X1x,Pusat
O-C15-K7-X20x,O-C15-K7-X20x,Pusat
O-C15-K7-X21x,O-C15-K7-X21x,Pusat
O-C15-K7-X22x,O-C15-K7-X22x,Pusat
O-C15-K7-X23x,O-C15-K7-X23x,Pusat
O-C15-K7-X24x,O-C15-K7-X24x,Pusat
O-C15-K7-X25x,O-C15-K7-X25x,Pusat
O-C15-K7-X26x,O-C15-K7-X26x,Pusat
O-C15-K7-X27x,O-C15-K7-X27x,Pusat
O-C15-K7-X28x,O-C15-K7-X28x,Pusat
O-C15-K7-X29x,O-C15-K7-X29x,Pusat
O-C15-K7-X2x,O-C15-K7-X2x,Pusat
O-C15-K7-X30x,O-C15-K7-X30x,Pusat
O-C15-K7-X3x,O-C15-K7-X3x,Pusat
O-C15-K7-X4x,O-C15-K7-X4x,Pusat
O-C15-K7-X5x,O-C15-K7-X5x,Pusat
O-C15-K7-X6x,O-C15-K7-X6x,Pusat
O-C15-K7-X7x,O-C15-K7-X7x,Pusat
O-C15-K7-X8x,O-C15-K7-X8x,Pusat
O-C15-K7-X9x,O-C15-K7-X9x,Pusat
O-C16-K1-X10x,O-C16-K1-X10x,Pusat
O-C16-K1-X11x,O-C16-K1-X11x,Pusat
O-C16-K1-X12x,O-C16-K1-X12x,Pusat
O-C16-K1-X13x,O-C16-K1-X13x,Pusat
O-C16-K1-X14x,O-C16-K1-X14x,Pusat
O-C16-K1-X15x,O-C16-K1-X15x,Pusat
O-C16-K1-X16x,O-C16-K1-X16x,Pusat
O-C16-K1-X17x,O-C16-K1-X17x,Pusat
O-C16-K1-X18x,O-C16-K1-X18x,Pusat
O-C16-K1-X19x,O-C16-K1-X19x,Pusat
O-C16-K1-X1x,O-C16-K1-X1x,Pusat
O-C16-K1-X20x,O-C16-K1-X20x,Pusat
O-C16-K1-X21x,O-C16-K1-X21x,Pusat
O-C16-K1-X22x,O-C16-K1-X22x,Pusat
O-C16-K1-X23x,O-C16-K1-X23x,Pusat
O-C16-K1-X24x,O-C16-K1-X24x,Pusat
O-C16-K1-X25x,O-C16-K1-X25x,Pusat
O-C16-K1-X26x,O-C16-K1-X26x,Pusat
O-C16-K1-X27x,O-C16-K1-X27x,Pusat
O-C16-K1-X28x,O-C16-K1-X28x,Pusat
O-C16-K1-X29x,O-C16-K1-X29x,Pusat
O-C16-K1-X2x,O-C16-K1-X2x,Pusat
O-C16-K1-X30x,O-C16-K1-X30x,Pusat
O-C16-K1-X3x,O-C16-K1-X3x,Pusat
O-C16-K1-X4x,O-C16-K1-X4x,Pusat
O-C16-K1-X5x,O-C16-K1-X5x,Pusat
O-C16-K1-X6x,O-C16-K1-X6x,Pusat
O-C16-K1-X7x,O-C16-K1-X7x,Pusat
O-C16-K1-X8x,O-C16-K1-X8x,Pusat
O-C16-K1-X9x,O-C16-K1-X9x,Pusat
O-C16-K2-X10x,O-C16-K2-X10x,Pusat
O-C16-K2-X11x,O-C16-K2-X11x,Pusat
O-C16-K2-X12x,O-C16-K2-X12x,Pusat
O-C16-K2-X13x,O-C16-K2-X13x,Pusat
O-C16-K2-X14x,O-C16-K2-X14x,Pusat
O-C16-K2-X15x,O-C16-K2-X15x,Pusat
O-C16-K2-X16x,O-C16-K2-X16x,Pusat
O-C16-K2-X17x,O-C16-K2-X17x,Pusat
O-C16-K2-X18x,O-C16-K2-X18x,Pusat
O-C16-K2-X19x,O-C16-K2-X19x,Pusat
O-C16-K2-X1x,O-C16-K2-X1x,Pusat
O-C16-K2-X20x,O-C16-K2-X20x,Pusat
O-C16-K2-X21x,O-C16-K2-X21x,Pusat
O-C16-K2-X22x,O-C16-K2-X22x,Pusat
O-C16-K2-X23x,O-C16-K2-X23x,Pusat
O-C16-K2-X24x,O-C16-K2-X24x,Pusat
O-C16-K2-X25x,O-C16-K2-X25x,Pusat
O-C16-K2-X26x,O-C16-K2-X26x,Pusat
O-C16-K2-X27x,O-C16-K2-X27x,Pusat
O-C16-K2-X28x,O-C16-K2-X28x,Pusat
O-C16-K2-X29x,O-C16-K2-X29x,Pusat
O-C16-K2-X2x,O-C16-K2-X2x,Pusat
O-C16-K2-X30x,O-C16-K2-X30x,Pusat
O-C16-K2-X3x,O-C16-K2-X3x,Pusat
O-C16-K2-X4x,O-C16-K2-X4x,Pusat
O-C16-K2-X5x,O-C16-K2-X5x,Pusat
O-C16-K2-X6x,O-C16-K2-X6x,Pusat
O-C16-K2-X7x,O-C16-K2-X7x,Pusat
O-C16-K2-X8x,O-C16-K2-X8x,Pusat
O-C16-K2-X9x,O-C16-K2-X9x,Pusat
O-C16-K3-X10x,O-C16-K3-X10x,Pusat
O-C16-K3-X11x,O-C16-K3-X11x,Pusat
O-C16-K3-X12x,O-C16-K3-X12x,Pusat
O-C16-K3-X13x,O-C16-K3-X13x,Pusat
O-C16-K3-X14x,O-C16-K3-X14x,Pusat
O-C16-K3-X15x,O-C16-K3-X15x,Pusat
O-C16-K3-X16x,O-C16-K3-X16x,Pusat
O-C16-K3-X17x,O-C16-K3-X17x,Pusat
O-C16-K3-X18x,O-C16-K3-X18x,Pusat
O-C16-K3-X19x,O-C16-K3-X19x,Pusat
O-C16-K3-X1x,O-C16-K3-X1x,Pusat
O-C16-K3-X20x,O-C16-K3-X20x,Pusat
O-C16-K3-X21x,O-C16-K3-X21x,Pusat
O-C16-K3-X22x,O-C16-K3-X22x,Pusat
O-C16-K3-X23x,O-C16-K3-X23x,Pusat
O-C16-K3-X24x,O-C16-K3-X24x,Pusat
O-C16-K3-X25x,O-C16-K3-X25x,Pusat
O-C16-K3-X26x,O-C16-K3-X26x,Pusat
O-C16-K3-X27x,O-C16-K3-X27x,Pusat
O-C16-K3-X28x,O-C16-K3-X28x,Pusat
O-C16-K3-X29x,O-C16-K3-X29x,Pusat
O-C16-K3-X2x,O-C16-K3-X2x,Pusat
O-C16-K3-X30x,O-C16-K3-X30x,Pusat
O-C16-K3-X3x,O-C16-K3-X3x,Pusat
O-C16-K3-X4x,O-C16-K3-X4x,Pusat
O-C16-K3-X5x,O-C16-K3-X5x,Pusat
O-C16-K3-X6x,O-C16-K3-X6x,Pusat
O-C16-K3-X7x,O-C16-K3-X7x,Pusat
O-C16-K3-X8x,O-C16-K3-X8x,Pusat
O-C16-K3-X9x,O-C16-K3-X9x,Pusat
O-C16-K4-X10x,O-C16-K4-X10x,Pusat
O-C16-K4-X11x,O-C16-K4-X11x,Pusat
O-C16-K4-X12x,O-C16-K4-X12x,Pusat
O-C16-K4-X13x,O-C16-K4-X13x,Pusat
O-C16-K4-X14x,O-C16-K4-X14x,Pusat
O-C16-K4-X15x,O-C16-K4-X15x,Pusat
O-C16-K4-X16x,O-C16-K4-X16x,Pusat
O-C16-K4-X17x,O-C16-K4-X17x,Pusat
O-C16-K4-X18x,O-C16-K4-X18x,Pusat
O-C16-K4-X19x,O-C16-K4-X19x,Pusat
O-C16-K4-X1x,O-C16-K4-X1x,Pusat
O-C16-K4-X20x,O-C16-K4-X20x,Pusat
O-C16-K4-X21x,O-C16-K4-X21x,Pusat
O-C16-K4-X22x,O-C16-K4-X22x,Pusat
O-C16-K4-X23x,O-C16-K4-X23x,Pusat
O-C16-K4-X24x,O-C16-K4-X24x,Pusat
O-C16-K4-X25x,O-C16-K4-X25x,Pusat
O-C16-K4-X26x,O-C16-K4-X26x,Pusat
O-C16-K4-X27x,O-C16-K4-X27x,Pusat
O-C16-K4-X28x,O-C16-K4-X28x,Pusat
O-C16-K4-X29x,O-C16-K4-X29x,Pusat
O-C16-K4-X2x,O-C16-K4-X2x,Pusat
O-C16-K4-X30x,O-C16-K4-X30x,Pusat
O-C16-K4-X3x,O-C16-K4-X3x,Pusat
O-C16-K4-X4x,O-C16-K4-X4x,Pusat
O-C16-K4-X5x,O-C16-K4-X5x,Pusat
O-C16-K4-X6x,O-C16-K4-X6x,Pusat
O-C16-K4-X7x,O-C16-K4-X7x,Pusat
O-C16-K4-X8x,O-C16-K4-X8x,Pusat
O-C16-K4-X9x,O-C16-K4-X9x,Pusat
O-C16-K5-X10x,O-C16-K5-X10x,Pusat
O-C16-K5-X11x,O-C16-K5-X11x,Pusat
O-C16-K5-X12x,O-C16-K5-X12x,Pusat
O-C16-K5-X13x,O-C16-K5-X13x,Pusat
O-C16-K5-X14x,O-C16-K5-X14x,Pusat
O-C16-K5-X15x,O-C16-K5-X15x,Pusat
O-C16-K5-X16x,O-C16-K5-X16x,Pusat
O-C16-K5-X17x,O-C16-K5-X17x,Pusat
O-C16-K5-X18x,O-C16-K5-X18x,Pusat
O-C16-K5-X19x,O-C16-K5-X19x,Pusat
O-C16-K5-X1x,O-C16-K5-X1x,Pusat
O-C16-K5-X20x,O-C16-K5-X20x,Pusat
O-C16-K5-X21x,O-C16-K5-X21x,Pusat
O-C16-K5-X22x,O-C16-K5-X22x,Pusat
O-C16-K5-X23x,O-C16-K5-X23x,Pusat
O-C16-K5-X24x,O-C16-K5-X24x,Pusat
O-C16-K5-X25x,O-C16-K5-X25x,Pusat
O-C16-K5-X26x,O-C16-K5-X26x,Pusat
O-C16-K5-X27x,O-C16-K5-X27x,Pusat
O-C16-K5-X28x,O-C16-K5-X28x,Pusat
O-C16-K5-X29x,O-C16-K5-X29x,Pusat
O-C16-K5-X2x,O-C16-K5-X2x,Pusat
O-C16-K5-X30x,O-C16-K5-X30x,Pusat
O-C16-K5-X3x,O-C16-K5-X3x,Pusat
O-C16-K5-X4x,O-C16-K5-X4x,Pusat
O-C16-K5-X5x,O-C16-K5-X5x,Pusat
O-C16-K5-X6x,O-C16-K5-X6x,Pusat
O-C16-K5-X7x,O-C16-K5-X7x,Pusat
O-C16-K5-X8x,O-C16-K5-X8x,Pusat
O-C16-K5-X9x,O-C16-K5-X9x,Pusat
O-C16-K6-X10x,O-C16-K6-X10x,Pusat
O-C16-K6-X11x,O-C16-K6-X11x,Pusat
O-C16-K6-X12x,O-C16-K6-X12x,Pusat
O-C16-K6-X13x,O-C16-K6-X13x,Pusat
O-C16-K6-X14x,O-C16-K6-X14x,Pusat
O-C16-K6-X15x,O-C16-K6-X15x,Pusat
O-C16-K6-X16x,O-C16-K6-X16x,Pusat
O-C16-K6-X17x,O-C16-K6-X17x,Pusat
O-C16-K6-X18x,O-C16-K6-X18x,Pusat
O-C16-K6-X19x,O-C16-K6-X19x,Pusat
O-C16-K6-X1x,O-C16-K6-X1x,Pusat
O-C16-K6-X20x,O-C16-K6-X20x,Pusat
O-C16-K6-X21x,O-C16-K6-X21x,Pusat
O-C16-K6-X22x,O-C16-K6-X22x,Pusat
O-C16-K6-X23x,O-C16-K6-X23x,Pusat
O-C16-K6-X24x,O-C16-K6-X24x,Pusat
O-C16-K6-X25x,O-C16-K6-X25x,Pusat
O-C16-K6-X26x,O-C16-K6-X26x,Pusat
O-C16-K6-X27x,O-C16-K6-X27x,Pusat
O-C16-K6-X28x,O-C16-K6-X28x,Pusat
O-C16-K6-X29x,O-C16-K6-X29x,Pusat
O-C16-K6-X2x,O-C16-K6-X2x,Pusat
O-C16-K6-X30x,O-C16-K6-X30x,Pusat
O-C16-K6-X3x,O-C16-K6-X3x,Pusat
O-C16-K6-X4x,O-C16-K6-X4x,Pusat
O-C16-K6-X5x,O-C16-K6-X5x,Pusat
O-C16-K6-X6x,O-C16-K6-X6x,Pusat
O-C16-K6-X7x,O-C16-K6-X7x,Pusat
O-C16-K6-X8x,O-C16-K6-X8x,Pusat
O-C16-K6-X9x,O-C16-K6-X9x,Pusat
O-C16-K7-X10x,O-C16-K7-X10x,Pusat
O-C16-K7-X11x,O-C16-K7-X11x,Pusat
O-C16-K7-X12x,O-C16-K7-X12x,Pusat
O-C16-K7-X13x,O-C16-K7-X13x,Pusat
O-C16-K7-X14x,O-C16-K7-X14x,Pusat
O-C16-K7-X15x,O-C16-K7-X15x,Pusat
O-C16-K7-X16x,O-C16-K7-X16x,Pusat
O-C16-K7-X17x,O-C16-K7-X17x,Pusat
O-C16-K7-X18x,O-C16-K7-X18x,Pusat
O-C16-K7-X19x,O-C16-K7-X19x,Pusat
O-C16-K7-X1x,O-C16-K7-X1x,Pusat
O-C16-K7-X20x,O-C16-K7-X20x,Pusat
O-C16-K7-X21x,O-C16-K7-X21x,Pusat
O-C16-K7-X22x,O-C16-K7-X22x,Pusat
O-C16-K7-X23x,O-C16-K7-X23x,Pusat
O-C16-K7-X24x,O-C16-K7-X24x,Pusat
O-C16-K7-X25x,O-C16-K7-X25x,Pusat
O-C16-K7-X26x,O-C16-K7-X26x,Pusat
O-C16-K7-X27x,O-C16-K7-X27x,Pusat
O-C16-K7-X28x,O-C16-K7-X28x,Pusat
O-C16-K7-X29x,O-C16-K7-X29x,Pusat
O-C16-K7-X2x,O-C16-K7-X2x,Pusat
O-C16-K7-X30x,O-C16-K7-X30x,Pusat
O-C16-K7-X3x,O-C16-K7-X3x,Pusat
O-C16-K7-X4x,O-C16-K7-X4x,Pusat
O-C16-K7-X5x,O-C16-K7-X5x,Pusat
O-C16-K7-X6x,O-C16-K7-X6x,Pusat
O-C16-K7-X7x,O-C16-K7-X7x,Pusat
O-C16-K7-X8x,O-C16-K7-X8x,Pusat
O-C16-K7-X9x,O-C16-K7-X9x,Pusat
O-C17-K1-X10x,O-C17-K1-X10x,Pusat
O-C17-K1-X11x,O-C17-K1-X11x,Pusat
O-C17-K1-X12x,O-C17-K1-X12x,Pusat
O-C17-K1-X13x,O-C17-K1-X13x,Pusat
O-C17-K1-X14x,O-C17-K1-X14x,Pusat
O-C17-K1-X15x,O-C17-K1-X15x,Pusat
O-C17-K1-X16x,O-C17-K1-X16x,Pusat
O-C17-K1-X17x,O-C17-K1-X17x,Pusat
O-C17-K1-X18x,O-C17-K1-X18x,Pusat
O-C17-K1-X19x,O-C17-K1-X19x,Pusat
O-C17-K1-X1x,O-C17-K1-X1x,Pusat
O-C17-K1-X20x,O-C17-K1-X20x,Pusat
O-C17-K1-X21x,O-C17-K1-X21x,Pusat
O-C17-K1-X22x,O-C17-K1-X22x,Pusat
O-C17-K1-X23x,O-C17-K1-X23x,Pusat
O-C17-K1-X24x,O-C17-K1-X24x,Pusat
O-C17-K1-X25x,O-C17-K1-X25x,Pusat
O-C17-K1-X26x,O-C17-K1-X26x,Pusat
O-C17-K1-X27x,O-C17-K1-X27x,Pusat
O-C17-K1-X28x,O-C17-K1-X28x,Pusat
O-C17-K1-X29x,O-C17-K1-X29x,Pusat
O-C17-K1-X2x,O-C17-K1-X2x,Pusat
O-C17-K1-X30x,O-C17-K1-X30x,Pusat
O-C17-K1-X3x,O-C17-K1-X3x,Pusat
O-C17-K1-X4x,O-C17-K1-X4x,Pusat
O-C17-K1-X5x,O-C17-K1-X5x,Pusat
O-C17-K1-X6x,O-C17-K1-X6x,Pusat
O-C17-K1-X7x,O-C17-K1-X7x,Pusat
O-C17-K1-X8x,O-C17-K1-X8x,Pusat
O-C17-K1-X9x,O-C17-K1-X9x,Pusat
O-C17-K2-X10x,O-C17-K2-X10x,Pusat
O-C17-K2-X11x,O-C17-K2-X11x,Pusat
O-C17-K2-X12x,O-C17-K2-X12x,Pusat
O-C17-K2-X13x,O-C17-K2-X13x,Pusat
O-C17-K2-X14x,O-C17-K2-X14x,Pusat
O-C17-K2-X15x,O-C17-K2-X15x,Pusat
O-C17-K2-X16x,O-C17-K2-X16x,Pusat
O-C17-K2-X17x,O-C17-K2-X17x,Pusat
O-C17-K2-X18x,O-C17-K2-X18x,Pusat
O-C17-K2-X19x,O-C17-K2-X19x,Pusat
O-C17-K2-X1x,O-C17-K2-X1x,Pusat
O-C17-K2-X20x,O-C17-K2-X20x,Pusat
O-C17-K2-X21x,O-C17-K2-X21x,Pusat
O-C17-K2-X22x,O-C17-K2-X22x,Pusat
O-C17-K2-X23x,O-C17-K2-X23x,Pusat
O-C17-K2-X24x,O-C17-K2-X24x,Pusat
O-C17-K2-X25x,O-C17-K2-X25x,Pusat
O-C17-K2-X26x,O-C17-K2-X26x,Pusat
O-C17-K2-X27x,O-C17-K2-X27x,Pusat
O-C17-K2-X28x,O-C17-K2-X28x,Pusat
O-C17-K2-X29x,O-C17-K2-X29x,Pusat
O-C17-K2-X2x,O-C17-K2-X2x,Pusat
O-C17-K2-X30x,O-C17-K2-X30x,Pusat
O-C17-K2-X3x,O-C17-K2-X3x,Pusat
O-C17-K2-X4x,O-C17-K2-X4x,Pusat
O-C17-K2-X5x,O-C17-K2-X5x,Pusat
O-C17-K2-X6x,O-C17-K2-X6x,Pusat
O-C17-K2-X7x,O-C17-K2-X7x,Pusat
O-C17-K2-X8x,O-C17-K2-X8x,Pusat
O-C17-K2-X9x,O-C17-K2-X9x,Pusat
O-C17-K3-X10x,O-C17-K3-X10x,Pusat
O-C17-K3-X11x,O-C17-K3-X11x,Pusat
O-C17-K3-X12x,O-C17-K3-X12x,Pusat
O-C17-K3-X13x,O-C17-K3-X13x,Pusat
O-C17-K3-X14x,O-C17-K3-X14x,Pusat
O-C17-K3-X15x,O-C17-K3-X15x,Pusat
O-C17-K3-X16x,O-C17-K3-X16x,Pusat
O-C17-K3-X17x,O-C17-K3-X17x,Pusat
O-C17-K3-X18x,O-C17-K3-X18x,Pusat
O-C17-K3-X19x,O-C17-K3-X19x,Pusat
O-C17-K3-X1x,O-C17-K3-X1x,Pusat
O-C17-K3-X20x,O-C17-K3-X20x,Pusat
O-C17-K3-X21x,O-C17-K3-X21x,Pusat
O-C17-K3-X22x,O-C17-K3-X22x,Pusat
O-C17-K3-X23x,O-C17-K3-X23x,Pusat
O-C17-K3-X24x,O-C17-K3-X24x,Pusat
O-C17-K3-X25x,O-C17-K3-X25x,Pusat
O-C17-K3-X26x,O-C17-K3-X26x,Pusat
O-C17-K3-X27x,O-C17-K3-X27x,Pusat
O-C17-K3-X28x,O-C17-K3-X28x,Pusat
O-C17-K3-X29x,O-C17-K3-X29x,Pusat
O-C17-K3-X2x,O-C17-K3-X2x,Pusat
O-C17-K3-X30x,O-C17-K3-X30x,Pusat
O-C17-K3-X3x,O-C17-K3-X3x,Pusat
O-C17-K3-X4x,O-C17-K3-X4x,Pusat
O-C17-K3-X5x,O-C17-K3-X5x,Pusat
O-C17-K3-X6x,O-C17-K3-X6x,Pusat
O-C17-K3-X7x,O-C17-K3-X7x,Pusat
O-C17-K3-X8x,O-C17-K3-X8x,Pusat
O-C17-K3-X9x,O-C17-K3-X9x,Pusat
O-C17-K4-X10x,O-C17-K4-X10x,Pusat
O-C17-K4-X11x,O-C17-K4-X11x,Pusat
O-C17-K4-X12x,O-C17-K4-X12x,Pusat
O-C17-K4-X13x,O-C17-K4-X13x,Pusat
O-C17-K4-X14x,O-C17-K4-X14x,Pusat
O-C17-K4-X15x,O-C17-K4-X15x,Pusat
O-C17-K4-X16x,O-C17-K4-X16x,Pusat
O-C17-K4-X17x,O-C17-K4-X17x,Pusat
O-C17-K4-X18x,O-C17-K4-X18x,Pusat
O-C17-K4-X19x,O-C17-K4-X19x,Pusat
O-C17-K4-X1x,O-C17-K4-X1x,Pusat
O-C17-K4-X20x,O-C17-K4-X20x,Pusat
O-C17-K4-X21x,O-C17-K4-X21x,Pusat
O-C17-K4-X22x,O-C17-K4-X22x,Pusat
O-C17-K4-X23x,O-C17-K4-X23x,Pusat
O-C17-K4-X24x,O-C17-K4-X24x,Pusat
O-C17-K4-X25x,O-C17-K4-X25x,Pusat
O-C17-K4-X26x,O-C17-K4-X26x,Pusat
O-C17-K4-X27x,O-C17-K4-X27x,Pusat
O-C17-K4-X28x,O-C17-K4-X28x,Pusat
O-C17-K4-X29x,O-C17-K4-X29x,Pusat
O-C17-K4-X2x,O-C17-K4-X2x,Pusat
O-C17-K4-X30x,O-C17-K4-X30x,Pusat
O-C17-K4-X3x,O-C17-K4-X3x,Pusat
O-C17-K4-X4x,O-C17-K4-X4x,Pusat
O-C17-K4-X5x,O-C17-K4-X5x,Pusat
O-C17-K4-X6x,O-C17-K4-X6x,Pusat
O-C17-K4-X7x,O-C17-K4-X7x,Pusat
O-C17-K4-X8x,O-C17-K4-X8x,Pusat
O-C17-K4-X9x,O-C17-K4-X9x,Pusat
O-C17-K5-X10x,O-C17-K5-X10x,Pusat
O-C17-K5-X11x,O-C17-K5-X11x,Pusat
O-C17-K5-X12x,O-C17-K5-X12x,Pusat
O-C17-K5-X13x,O-C17-K5-X13x,Pusat
O-C17-K5-X14x,O-C17-K5-X14x,Pusat
O-C17-K5-X15x,O-C17-K5-X15x,Pusat
O-C17-K5-X16x,O-C17-K5-X16x,Pusat
O-C17-K5-X17x,O-C17-K5-X17x,Pusat
O-C17-K5-X18x,O-C17-K5-X18x,Pusat
O-C17-K5-X19x,O-C17-K5-X19x,Pusat
O-C17-K5-X1x,O-C17-K5-X1x,Pusat
O-C17-K5-X20x,O-C17-K5-X20x,Pusat
O-C17-K5-X21x,O-C17-K5-X21x,Pusat
O-C17-K5-X22x,O-C17-K5-X22x,Pusat
O-C17-K5-X23x,O-C17-K5-X23x,Pusat
O-C17-K5-X24x,O-C17-K5-X24x,Pusat
O-C17-K5-X25x,O-C17-K5-X25x,Pusat
O-C17-K5-X26x,O-C17-K5-X26x,Pusat
O-C17-K5-X27x,O-C17-K5-X27x,Pusat
O-C17-K5-X28x,O-C17-K5-X28x,Pusat
O-C17-K5-X29x,O-C17-K5-X29x,Pusat
O-C17-K5-X2x,O-C17-K5-X2x,Pusat
O-C17-K5-X30x,O-C17-K5-X30x,Pusat
O-C17-K5-X3x,O-C17-K5-X3x,Pusat
O-C17-K5-X4x,O-C17-K5-X4x,Pusat
O-C17-K5-X5x,O-C17-K5-X5x,Pusat
O-C17-K5-X6x,O-C17-K5-X6x,Pusat
O-C17-K5-X7x,O-C17-K5-X7x,Pusat
O-C17-K5-X8x,O-C17-K5-X8x,Pusat
O-C17-K5-X9x,O-C17-K5-X9x,Pusat
O-C17-K6-X10x,O-C17-K6-X10x,Pusat
O-C17-K6-X11x,O-C17-K6-X11x,Pusat
O-C17-K6-X12x,O-C17-K6-X12x,Pusat
O-C17-K6-X13x,O-C17-K6-X13x,Pusat
O-C17-K6-X14x,O-C17-K6-X14x,Pusat
O-C17-K6-X15x,O-C17-K6-X15x,Pusat
O-C17-K6-X16x,O-C17-K6-X16x,Pusat
O-C17-K6-X17x,O-C17-K6-X17x,Pusat
O-C17-K6-X18x,O-C17-K6-X18x,Pusat
O-C17-K6-X19x,O-C17-K6-X19x,Pusat
O-C17-K6-X1x,O-C17-K6-X1x,Pusat
O-C17-K6-X20x,O-C17-K6-X20x,Pusat
O-C17-K6-X21x,O-C17-K6-X21x,Pusat
O-C17-K6-X22x,O-C17-K6-X22x,Pusat
O-C17-K6-X23x,O-C17-K6-X23x,Pusat
O-C17-K6-X24x,O-C17-K6-X24x,Pusat
O-C17-K6-X25x,O-C17-K6-X25x,Pusat
O-C17-K6-X26x,O-C17-K6-X26x,Pusat
O-C17-K6-X27x,O-C17-K6-X27x,Pusat
O-C17-K6-X28x,O-C17-K6-X28x,Pusat
O-C17-K6-X29x,O-C17-K6-X29x,Pusat
O-C17-K6-X2x,O-C17-K6-X2x,Pusat
O-C17-K6-X30x,O-C17-K6-X30x,Pusat
O-C17-K6-X3x,O-C17-K6-X3x,Pusat
O-C17-K6-X4x,O-C17-K6-X4x,Pusat
O-C17-K6-X5x,O-C17-K6-X5x,Pusat
O-C17-K6-X6x,O-C17-K6-X6x,Pusat
O-C17-K6-X7x,O-C17-K6-X7x,Pusat
O-C17-K6-X8x,O-C17-K6-X8x,Pusat
O-C17-K6-X9x,O-C17-K6-X9x,Pusat
O-C17-K7-X10x,O-C17-K7-X10x,Pusat
O-C17-K7-X11x,O-C17-K7-X11x,Pusat
O-C17-K7-X12x,O-C17-K7-X12x,Pusat
O-C17-K7-X13x,O-C17-K7-X13x,Pusat
O-C17-K7-X14x,O-C17-K7-X14x,Pusat
O-C17-K7-X15x,O-C17-K7-X15x,Pusat
O-C17-K7-X16x,O-C17-K7-X16x,Pusat
O-C17-K7-X17x,O-C17-K7-X17x,Pusat
O-C17-K7-X18x,O-C17-K7-X18x,Pusat
O-C17-K7-X19x,O-C17-K7-X19x,Pusat
O-C17-K7-X1x,O-C17-K7-X1x,Pusat
O-C17-K7-X20x,O-C17-K7-X20x,Pusat
O-C17-K7-X21x,O-C17-K7-X21x,Pusat
O-C17-K7-X22x,O-C17-K7-X22x,Pusat
O-C17-K7-X23x,O-C17-K7-X23x,Pusat
O-C17-K7-X24x,O-C17-K7-X24x,Pusat
O-C17-K7-X25x,O-C17-K7-X25x,Pusat
O-C17-K7-X26x,O-C17-K7-X26x,Pusat
O-C17-K7-X27x,O-C17-K7-X27x,Pusat
O-C17-K7-X28x,O-C17-K7-X28x,Pusat
O-C17-K7-X29x,O-C17-K7-X29x,Pusat
O-C17-K7-X2x,O-C17-K7-X2x,Pusat
O-C17-K7-X30x,O-C17-K7-X30x,Pusat
O-C17-K7-X3x,O-C17-K7-X3x,Pusat
O-C17-K7-X4x,O-C17-K7-X4x,Pusat
O-C17-K7-X5x,O-C17-K7-X5x,Pusat
O-C17-K7-X6x,O-C17-K7-X6x,Pusat
O-C17-K7-X7x,O-C17-K7-X7x,Pusat
O-C17-K7-X8x,O-C17-K7-X8x,Pusat
O-C17-K7-X9x,O-C17-K7-X9x,Pusat
O-C18-K1-X10x,O-C18-K1-X10x,Pusat
O-C18-K1-X11x,O-C18-K1-X11x,Pusat
O-C18-K1-X12x,O-C18-K1-X12x,Pusat
O-C18-K1-X13x,O-C18-K1-X13x,Pusat
O-C18-K1-X14x,O-C18-K1-X14x,Pusat
O-C18-K1-X15x,O-C18-K1-X15x,Pusat
O-C18-K1-X16x,O-C18-K1-X16x,Pusat
O-C18-K1-X17x,O-C18-K1-X17x,Pusat
O-C18-K1-X18x,O-C18-K1-X18x,Pusat
O-C18-K1-X19x,O-C18-K1-X19x,Pusat
O-C18-K1-X1x,O-C18-K1-X1x,Pusat
O-C18-K1-X20x,O-C18-K1-X20x,Pusat
O-C18-K1-X21x,O-C18-K1-X21x,Pusat
O-C18-K1-X22x,O-C18-K1-X22x,Pusat
O-C18-K1-X23x,O-C18-K1-X23x,Pusat
O-C18-K1-X24x,O-C18-K1-X24x,Pusat
O-C18-K1-X25x,O-C18-K1-X25x,Pusat
O-C18-K1-X26x,O-C18-K1-X26x,Pusat
O-C18-K1-X27x,O-C18-K1-X27x,Pusat
O-C18-K1-X28x,O-C18-K1-X28x,Pusat
O-C18-K1-X29x,O-C18-K1-X29x,Pusat
O-C18-K1-X2x,O-C18-K1-X2x,Pusat
O-C18-K1-X30x,O-C18-K1-X30x,Pusat
O-C18-K1-X3x,O-C18-K1-X3x,Pusat
O-C18-K1-X4x,O-C18-K1-X4x,Pusat
O-C18-K1-X5x,O-C18-K1-X5x,Pusat
O-C18-K1-X6x,O-C18-K1-X6x,Pusat
O-C18-K1-X7x,O-C18-K1-X7x,Pusat
O-C18-K1-X8x,O-C18-K1-X8x,Pusat
O-C18-K1-X9x,O-C18-K1-X9x,Pusat
O-C18-K2-X10x,O-C18-K2-X10x,Pusat
O-C18-K2-X11x,O-C18-K2-X11x,Pusat
O-C18-K2-X12x,O-C18-K2-X12x,Pusat
O-C18-K2-X13x,O-C18-K2-X13x,Pusat
O-C18-K2-X14x,O-C18-K2-X14x,Pusat
O-C18-K2-X15x,O-C18-K2-X15x,Pusat
O-C18-K2-X16x,O-C18-K2-X16x,Pusat
O-C18-K2-X17x,O-C18-K2-X17x,Pusat
O-C18-K2-X18x,O-C18-K2-X18x,Pusat
O-C18-K2-X19x,O-C18-K2-X19x,Pusat
O-C18-K2-X1x,O-C18-K2-X1x,Pusat
O-C18-K2-X20x,O-C18-K2-X20x,Pusat
O-C18-K2-X21x,O-C18-K2-X21x,Pusat
O-C18-K2-X22x,O-C18-K2-X22x,Pusat
O-C18-K2-X23x,O-C18-K2-X23x,Pusat
O-C18-K2-X24x,O-C18-K2-X24x,Pusat
O-C18-K2-X25x,O-C18-K2-X25x,Pusat
O-C18-K2-X26x,O-C18-K2-X26x,Pusat
O-C18-K2-X27x,O-C18-K2-X27x,Pusat
O-C18-K2-X28x,O-C18-K2-X28x,Pusat
O-C18-K2-X29x,O-C18-K2-X29x,Pusat
O-C18-K2-X2x,O-C18-K2-X2x,Pusat
O-C18-K2-X30x,O-C18-K2-X30x,Pusat
O-C18-K2-X3x,O-C18-K2-X3x,Pusat
O-C18-K2-X4x,O-C18-K2-X4x,Pusat
O-C18-K2-X5x,O-C18-K2-X5x,Pusat
O-C18-K2-X6x,O-C18-K2-X6x,Pusat
O-C18-K2-X7x,O-C18-K2-X7x,Pusat
O-C18-K2-X8x,O-C18-K2-X8x,Pusat
O-C18-K2-X9x,O-C18-K2-X9x,Pusat
O-C18-K3-X10x,O-C18-K3-X10x,Pusat
O-C18-K3-X11x,O-C18-K3-X11x,Pusat
O-C18-K3-X12x,O-C18-K3-X12x,Pusat
O-C18-K3-X13x,O-C18-K3-X13x,Pusat
O-C18-K3-X14x,O-C18-K3-X14x,Pusat
O-C18-K3-X15x,O-C18-K3-X15x,Pusat
O-C18-K3-X16x,O-C18-K3-X16x,Pusat
O-C18-K3-X17x,O-C18-K3-X17x,Pusat
O-C18-K3-X18x,O-C18-K3-X18x,Pusat
O-C18-K3-X19x,O-C18-K3-X19x,Pusat
O-C18-K3-X1x,O-C18-K3-X1x,Pusat
O-C18-K3-X20x,O-C18-K3-X20x,Pusat
O-C18-K3-X21x,O-C18-K3-X21x,Pusat
O-C18-K3-X22x,O-C18-K3-X22x,Pusat
O-C18-K3-X23x,O-C18-K3-X23x,Pusat
O-C18-K3-X24x,O-C18-K3-X24x,Pusat
O-C18-K3-X25x,O-C18-K3-X25x,Pusat
O-C18-K3-X26x,O-C18-K3-X26x,Pusat
O-C18-K3-X27x,O-C18-K3-X27x,Pusat
O-C18-K3-X28x,O-C18-K3-X28x,Pusat
O-C18-K3-X29x,O-C18-K3-X29x,Pusat
O-C18-K3-X2x,O-C18-K3-X2x,Pusat
O-C18-K3-X30x,O-C18-K3-X30x,Pusat
O-C18-K3-X3x,O-C18-K3-X3x,Pusat
O-C18-K3-X4x,O-C18-K3-X4x,Pusat
O-C18-K3-X5x,O-C18-K3-X5x,Pusat
O-C18-K3-X6x,O-C18-K3-X6x,Pusat
O-C18-K3-X7x,O-C18-K3-X7x,Pusat
O-C18-K3-X8x,O-C18-K3-X8x,Pusat
O-C18-K3-X9x,O-C18-K3-X9x,Pusat
O-C18-K4-X10x,O-C18-K4-X10x,Pusat
O-C18-K4-X11x,O-C18-K4-X11x,Pusat
O-C18-K4-X12x,O-C18-K4-X12x,Pusat
O-C18-K4-X13x,O-C18-K4-X13x,Pusat
O-C18-K4-X14x,O-C18-K4-X14x,Pusat
O-C18-K4-X15x,O-C18-K4-X15x,Pusat
O-C18-K4-X16x,O-C18-K4-X16x,Pusat
O-C18-K4-X17x,O-C18-K4-X17x,Pusat
O-C18-K4-X18x,O-C18-K4-X18x,Pusat
O-C18-K4-X19x,O-C18-K4-X19x,Pusat
O-C18-K4-X1x,O-C18-K4-X1x,Pusat
O-C18-K4-X20x,O-C18-K4-X20x,Pusat
O-C18-K4-X21x,O-C18-K4-X21x,Pusat
O-C18-K4-X22x,O-C18-K4-X22x,Pusat
O-C18-K4-X23x,O-C18-K4-X23x,Pusat
O-C18-K4-X24x,O-C18-K4-X24x,Pusat
O-C18-K4-X25x,O-C18-K4-X25x,Pusat
O-C18-K4-X26x,O-C18-K4-X26x,Pusat
O-C18-K4-X27x,O-C18-K4-X27x,Pusat
O-C18-K4-X28x,O-C18-K4-X28x,Pusat
O-C18-K4-X29x,O-C18-K4-X29x,Pusat
O-C18-K4-X2x,O-C18-K4-X2x,Pusat
O-C18-K4-X30x,O-C18-K4-X30x,Pusat
O-C18-K4-X3x,O-C18-K4-X3x,Pusat
O-C18-K4-X4x,O-C18-K4-X4x,Pusat
O-C18-K4-X5x,O-C18-K4-X5x,Pusat
O-C18-K4-X6x,O-C18-K4-X6x,Pusat
O-C18-K4-X7x,O-C18-K4-X7x,Pusat
O-C18-K4-X8x,O-C18-K4-X8x,Pusat
O-C18-K4-X9x,O-C18-K4-X9x,Pusat
O-C18-K5-X10x,O-C18-K5-X10x,Pusat
O-C18-K5-X11x,O-C18-K5-X11x,Pusat
O-C18-K5-X12x,O-C18-K5-X12x,Pusat
O-C18-K5-X13x,O-C18-K5-X13x,Pusat
O-C18-K5-X14x,O-C18-K5-X14x,Pusat
O-C18-K5-X15x,O-C18-K5-X15x,Pusat
O-C18-K5-X16x,O-C18-K5-X16x,Pusat
O-C18-K5-X17x,O-C18-K5-X17x,Pusat
O-C18-K5-X18x,O-C18-K5-X18x,Pusat
O-C18-K5-X19x,O-C18-K5-X19x,Pusat
O-C18-K5-X1x,O-C18-K5-X1x,Pusat
O-C18-K5-X20x,O-C18-K5-X20x,Pusat
O-C18-K5-X21x,O-C18-K5-X21x,Pusat
O-C18-K5-X22x,O-C18-K5-X22x,Pusat
O-C18-K5-X23x,O-C18-K5-X23x,Pusat
O-C18-K5-X24x,O-C18-K5-X24x,Pusat
O-C18-K5-X25x,O-C18-K5-X25x,Pusat
O-C18-K5-X26x,O-C18-K5-X26x,Pusat
O-C18-K5-X27x,O-C18-K5-X27x,Pusat
O-C18-K5-X28x,O-C18-K5-X28x,Pusat
O-C18-K5-X29x,O-C18-K5-X29x,Pusat
O-C18-K5-X2x,O-C18-K5-X2x,Pusat
O-C18-K5-X30x,O-C18-K5-X30x,Pusat
O-C18-K5-X3x,O-C18-K5-X3x,Pusat
O-C18-K5-X4x,O-C18-K5-X4x,Pusat
O-C18-K5-X5x,O-C18-K5-X5x,Pusat
O-C18-K5-X6x,O-C18-K5-X6x,Pusat
O-C18-K5-X7x,O-C18-K5-X7x,Pusat
O-C18-K5-X8x,O-C18-K5-X8x,Pusat
O-C18-K5-X9x,O-C18-K5-X9x,Pusat
O-C18-K6-X10x,O-C18-K6-X10x,Pusat
O-C18-K6-X11x,O-C18-K6-X11x,Pusat
O-C18-K6-X12x,O-C18-K6-X12x,Pusat
O-C18-K6-X13x,O-C18-K6-X13x,Pusat
O-C18-K6-X14x,O-C18-K6-X14x,Pusat
O-C18-K6-X15x,O-C18-K6-X15x,Pusat
O-C18-K6-X16x,O-C18-K6-X16x,Pusat
O-C18-K6-X17x,O-C18-K6-X17x,Pusat
O-C18-K6-X18x,O-C18-K6-X18x,Pusat
O-C18-K6-X19x,O-C18-K6-X19x,Pusat
O-C18-K6-X1x,O-C18-K6-X1x,Pusat
O-C18-K6-X20x,O-C18-K6-X20x,Pusat
O-C18-K6-X21x,O-C18-K6-X21x,Pusat
O-C18-K6-X22x,O-C18-K6-X22x,Pusat
O-C18-K6-X23x,O-C18-K6-X23x,Pusat
O-C18-K6-X24x,O-C18-K6-X24x,Pusat
O-C18-K6-X25x,O-C18-K6-X25x,Pusat
O-C18-K6-X26x,O-C18-K6-X26x,Pusat
O-C18-K6-X27x,O-C18-K6-X27x,Pusat
O-C18-K6-X28x,O-C18-K6-X28x,Pusat
O-C18-K6-X29x,O-C18-K6-X29x,Pusat
O-C18-K6-X2x,O-C18-K6-X2x,Pusat
O-C18-K6-X30x,O-C18-K6-X30x,Pusat
O-C18-K6-X3x,O-C18-K6-X3x,Pusat
O-C18-K6-X4x,O-C18-K6-X4x,Pusat
O-C18-K6-X5x,O-C18-K6-X5x,Pusat
O-C18-K6-X6x,O-C18-K6-X6x,Pusat
O-C18-K6-X7x,O-C18-K6-X7x,Pusat
O-C18-K6-X8x,O-C18-K6-X8x,Pusat
O-C18-K6-X9x,O-C18-K6-X9x,Pusat
O-C18-K7-X10x,O-C18-K7-X10x,Pusat
O-C18-K7-X11x,O-C18-K7-X11x,Pusat
O-C18-K7-X12x,O-C18-K7-X12x,Pusat
O-C18-K7-X13x,O-C18-K7-X13x,Pusat
O-C18-K7-X14x,O-C18-K7-X14x,Pusat
O-C18-K7-X15x,O-C18-K7-X15x,Pusat
O-C18-K7-X16x,O-C18-K7-X16x,Pusat
O-C18-K7-X17x,O-C18-K7-X17x,Pusat
O-C18-K7-X18x,O-C18-K7-X18x,Pusat
O-C18-K7-X19x,O-C18-K7-X19x,Pusat
O-C18-K7-X1x,O-C18-K7-X1x,Pusat
O-C18-K7-X20x,O-C18-K7-X20x,Pusat
O-C18-K7-X21x,O-C18-K7-X21x,Pusat
O-C18-K7-X22x,O-C18-K7-X22x,Pusat
O-C18-K7-X23x,O-C18-K7-X23x,Pusat
O-C18-K7-X24x,O-C18-K7-X24x,Pusat
O-C18-K7-X25x,O-C18-K7-X25x,Pusat
O-C18-K7-X26x,O-C18-K7-X26x,Pusat
O-C18-K7-X27x,O-C18-K7-X27x,Pusat
O-C18-K7-X28x,O-C18-K7-X28x,Pusat
O-C18-K7-X29x,O-C18-K7-X29x,Pusat
O-C18-K7-X2x,O-C18-K7-X2x,Pusat
O-C18-K7-X30x,O-C18-K7-X30x,Pusat
O-C18-K7-X3x,O-C18-K7-X3x,Pusat
O-C18-K7-X4x,O-C18-K7-X4x,Pusat
O-C18-K7-X5x,O-C18-K7-X5x,Pusat
O-C18-K7-X6x,O-C18-K7-X6x,Pusat
O-C18-K7-X7x,O-C18-K7-X7x,Pusat
O-C18-K7-X8x,O-C18-K7-X8x,Pusat
O-C18-K7-X9x,O-C18-K7-X9x,Pusat
O-C2-K1-X10x,O-C2-K1-X10x,Pusat
O-C2-K1-X11x,O-C2-K1-X11x,Pusat
O-C2-K1-X12x,O-C2-K1-X12x,Pusat
O-C2-K1-X13x,O-C2-K1-X13x,Pusat
O-C2-K1-X14x,O-C2-K1-X14x,Pusat
O-C2-K1-X15x,O-C2-K1-X15x,Pusat
O-C2-K1-X16x,O-C2-K1-X16x,Pusat
O-C2-K1-X17x,O-C2-K1-X17x,Pusat
O-C2-K1-X18x,O-C2-K1-X18x,Pusat
O-C2-K1-X19x,O-C2-K1-X19x,Pusat
O-C2-K1-X1x,O-C2-K1-X1x,Pusat
O-C2-K1-X20x,O-C2-K1-X20x,Pusat
O-C2-K1-X21x,O-C2-K1-X21x,Pusat
O-C2-K1-X22x,O-C2-K1-X22x,Pusat
O-C2-K1-X23x,O-C2-K1-X23x,Pusat
O-C2-K1-X24x,O-C2-K1-X24x,Pusat
O-C2-K1-X25x,O-C2-K1-X25x,Pusat
O-C2-K1-X26x,O-C2-K1-X26x,Pusat
O-C2-K1-X27x,O-C2-K1-X27x,Pusat
O-C2-K1-X28x,O-C2-K1-X28x,Pusat
O-C2-K1-X29x,O-C2-K1-X29x,Pusat
O-C2-K1-X2x,O-C2-K1-X2x,Pusat
O-C2-K1-X30x,O-C2-K1-X30x,Pusat
O-C2-K1-X3x,O-C2-K1-X3x,Pusat
O-C2-K1-X4x,O-C2-K1-X4x,Pusat
O-C2-K1-X5x,O-C2-K1-X5x,Pusat
O-C2-K1-X6x,O-C2-K1-X6x,Pusat
O-C2-K1-X7x,O-C2-K1-X7x,Pusat
O-C2-K1-X8x,O-C2-K1-X8x,Pusat
O-C2-K1-X9x,O-C2-K1-X9x,Pusat
O-C2-K2-X10x,O-C2-K2-X10x,Pusat
O-C2-K2-X11x,O-C2-K2-X11x,Pusat
O-C2-K2-X12x,O-C2-K2-X12x,Pusat
O-C2-K2-X13x,O-C2-K2-X13x,Pusat
O-C2-K2-X14x,O-C2-K2-X14x,Pusat
O-C2-K2-X15x,O-C2-K2-X15x,Pusat
O-C2-K2-X16x,O-C2-K2-X16x,Pusat
O-C2-K2-X17x,O-C2-K2-X17x,Pusat
O-C2-K2-X18x,O-C2-K2-X18x,Pusat
O-C2-K2-X19x,O-C2-K2-X19x,Pusat
O-C2-K2-X1x,O-C2-K2-X1x,Pusat
O-C2-K2-X20x,O-C2-K2-X20x,Pusat
O-C2-K2-X21x,O-C2-K2-X21x,Pusat
O-C2-K2-X22x,O-C2-K2-X22x,Pusat
O-C2-K2-X23x,O-C2-K2-X23x,Pusat
O-C2-K2-X24x,O-C2-K2-X24x,Pusat
O-C2-K2-X25x,O-C2-K2-X25x,Pusat
O-C2-K2-X26x,O-C2-K2-X26x,Pusat
O-C2-K2-X27x,O-C2-K2-X27x,Pusat
O-C2-K2-X28x,O-C2-K2-X28x,Pusat
O-C2-K2-X29x,O-C2-K2-X29x,Pusat
O-C2-K2-X2x,O-C2-K2-X2x,Pusat
O-C2-K2-X30x,O-C2-K2-X30x,Pusat
O-C2-K2-X3x,O-C2-K2-X3x,Pusat
O-C2-K2-X4x,O-C2-K2-X4x,Pusat
O-C2-K2-X5x,O-C2-K2-X5x,Pusat
O-C2-K2-X6x,O-C2-K2-X6x,Pusat
O-C2-K2-X7x,O-C2-K2-X7x,Pusat
O-C2-K2-X8x,O-C2-K2-X8x,Pusat
O-C2-K2-X9x,O-C2-K2-X9x,Pusat
O-C2-K3-X10x,O-C2-K3-X10x,Pusat
O-C2-K3-X11x,O-C2-K3-X11x,Pusat
O-C2-K3-X12x,O-C2-K3-X12x,Pusat
O-C2-K3-X13x,O-C2-K3-X13x,Pusat
O-C2-K3-X14x,O-C2-K3-X14x,Pusat
O-C2-K3-X15x,O-C2-K3-X15x,Pusat
O-C2-K3-X16x,O-C2-K3-X16x,Pusat
O-C2-K3-X17x,O-C2-K3-X17x,Pusat
O-C2-K3-X18x,O-C2-K3-X18x,Pusat
O-C2-K3-X19x,O-C2-K3-X19x,Pusat
O-C2-K3-X1x,O-C2-K3-X1x,Pusat
O-C2-K3-X20x,O-C2-K3-X20x,Pusat
O-C2-K3-X21x,O-C2-K3-X21x,Pusat
O-C2-K3-X22x,O-C2-K3-X22x,Pusat
O-C2-K3-X23x,O-C2-K3-X23x,Pusat
O-C2-K3-X24x,O-C2-K3-X24x,Pusat
O-C2-K3-X25x,O-C2-K3-X25x,Pusat
O-C2-K3-X26x,O-C2-K3-X26x,Pusat
O-C2-K3-X27x,O-C2-K3-X27x,Pusat
O-C2-K3-X28x,O-C2-K3-X28x,Pusat
O-C2-K3-X29x,O-C2-K3-X29x,Pusat
O-C2-K3-X2x,O-C2-K3-X2x,Pusat
O-C2-K3-X30x,O-C2-K3-X30x,Pusat
O-C2-K3-X3x,O-C2-K3-X3x,Pusat
O-C2-K3-X4x,O-C2-K3-X4x,Pusat
O-C2-K3-X5x,O-C2-K3-X5x,Pusat
O-C2-K3-X6x,O-C2-K3-X6x,Pusat
O-C2-K3-X7x,O-C2-K3-X7x,Pusat
O-C2-K3-X8x,O-C2-K3-X8x,Pusat
O-C2-K3-X9x,O-C2-K3-X9x,Pusat
O-C2-K4-X10x,O-C2-K4-X10x,Pusat
O-C2-K4-X11x,O-C2-K4-X11x,Pusat
O-C2-K4-X12x,O-C2-K4-X12x,Pusat
O-C2-K4-X13x,O-C2-K4-X13x,Pusat
O-C2-K4-X14x,O-C2-K4-X14x,Pusat
O-C2-K4-X15x,O-C2-K4-X15x,Pusat
O-C2-K4-X16x,O-C2-K4-X16x,Pusat
O-C2-K4-X17x,O-C2-K4-X17x,Pusat
O-C2-K4-X18x,O-C2-K4-X18x,Pusat
O-C2-K4-X19x,O-C2-K4-X19x,Pusat
O-C2-K4-X1x,O-C2-K4-X1x,Pusat
O-C2-K4-X20x,O-C2-K4-X20x,Pusat
O-C2-K4-X21x,O-C2-K4-X21x,Pusat
O-C2-K4-X22x,O-C2-K4-X22x,Pusat
O-C2-K4-X23x,O-C2-K4-X23x,Pusat
O-C2-K4-X24x,O-C2-K4-X24x,Pusat
O-C2-K4-X25x,O-C2-K4-X25x,Pusat
O-C2-K4-X26x,O-C2-K4-X26x,Pusat
O-C2-K4-X27x,O-C2-K4-X27x,Pusat
O-C2-K4-X28x,O-C2-K4-X28x,Pusat
O-C2-K4-X29x,O-C2-K4-X29x,Pusat
O-C2-K4-X2x,O-C2-K4-X2x,Pusat
O-C2-K4-X30x,O-C2-K4-X30x,Pusat
O-C2-K4-X3x,O-C2-K4-X3x,Pusat
O-C2-K4-X4x,O-C2-K4-X4x,Pusat
O-C2-K4-X5x,O-C2-K4-X5x,Pusat
O-C2-K4-X6x,O-C2-K4-X6x,Pusat
O-C2-K4-X7x,O-C2-K4-X7x,Pusat
O-C2-K4-X8x,O-C2-K4-X8x,Pusat
O-C2-K4-X9x,O-C2-K4-X9x,Pusat
O-C2-K5-X10x,O-C2-K5-X10x,Pusat
O-C2-K5-X11x,O-C2-K5-X11x,Pusat
O-C2-K5-X12x,O-C2-K5-X12x,Pusat
O-C2-K5-X13x,O-C2-K5-X13x,Pusat
O-C2-K5-X14x,O-C2-K5-X14x,Pusat
O-C2-K5-X15x,O-C2-K5-X15x,Pusat
O-C2-K5-X16x,O-C2-K5-X16x,Pusat
O-C2-K5-X17x,O-C2-K5-X17x,Pusat
O-C2-K5-X18x,O-C2-K5-X18x,Pusat
O-C2-K5-X19x,O-C2-K5-X19x,Pusat
O-C2-K5-X1x,O-C2-K5-X1x,Pusat
O-C2-K5-X20x,O-C2-K5-X20x,Pusat
O-C2-K5-X21x,O-C2-K5-X21x,Pusat
O-C2-K5-X22x,O-C2-K5-X22x,Pusat
O-C2-K5-X23x,O-C2-K5-X23x,Pusat
O-C2-K5-X24x,O-C2-K5-X24x,Pusat
O-C2-K5-X25x,O-C2-K5-X25x,Pusat
O-C2-K5-X26x,O-C2-K5-X26x,Pusat
O-C2-K5-X27x,O-C2-K5-X27x,Pusat
O-C2-K5-X28x,O-C2-K5-X28x,Pusat
O-C2-K5-X29x,O-C2-K5-X29x,Pusat
O-C2-K5-X2x,O-C2-K5-X2x,Pusat
O-C2-K5-X30x,O-C2-K5-X30x,Pusat
O-C2-K5-X3x,O-C2-K5-X3x,Pusat
O-C2-K5-X4x,O-C2-K5-X4x,Pusat
O-C2-K5-X5x,O-C2-K5-X5x,Pusat
O-C2-K5-X6x,O-C2-K5-X6x,Pusat
O-C2-K5-X7x,O-C2-K5-X7x,Pusat
O-C2-K5-X8x,O-C2-K5-X8x,Pusat
O-C2-K5-X9x,O-C2-K5-X9x,Pusat
O-C2-K6-X10x,O-C2-K6-X10x,Pusat
O-C2-K6-X11x,O-C2-K6-X11x,Pusat
O-C2-K6-X12x,O-C2-K6-X12x,Pusat
O-C2-K6-X13x,O-C2-K6-X13x,Pusat
O-C2-K6-X14x,O-C2-K6-X14x,Pusat
O-C2-K6-X15x,O-C2-K6-X15x,Pusat
O-C2-K6-X16x,O-C2-K6-X16x,Pusat
O-C2-K6-X17x,O-C2-K6-X17x,Pusat
O-C2-K6-X18x,O-C2-K6-X18x,Pusat
O-C2-K6-X19x,O-C2-K6-X19x,Pusat
O-C2-K6-X1x,O-C2-K6-X1x,Pusat
O-C2-K6-X20x,O-C2-K6-X20x,Pusat
O-C2-K6-X21x,O-C2-K6-X21x,Pusat
O-C2-K6-X22x,O-C2-K6-X22x,Pusat
O-C2-K6-X23x,O-C2-K6-X23x,Pusat
O-C2-K6-X24x,O-C2-K6-X24x,Pusat
O-C2-K6-X25x,O-C2-K6-X25x,Pusat
O-C2-K6-X26x,O-C2-K6-X26x,Pusat
O-C2-K6-X27x,O-C2-K6-X27x,Pusat
O-C2-K6-X28x,O-C2-K6-X28x,Pusat
O-C2-K6-X29x,O-C2-K6-X29x,Pusat
O-C2-K6-X2x,O-C2-K6-X2x,Pusat
O-C2-K6-X30x,O-C2-K6-X30x,Pusat
O-C2-K6-X3x,O-C2-K6-X3x,Pusat
O-C2-K6-X4x,O-C2-K6-X4x,Pusat
O-C2-K6-X5x,O-C2-K6-X5x,Pusat
O-C2-K6-X6x,O-C2-K6-X6x,Pusat
O-C2-K6-X7x,O-C2-K6-X7x,Pusat
O-C2-K6-X8x,O-C2-K6-X8x,Pusat
O-C2-K6-X9x,O-C2-K6-X9x,Pusat
O-C2-K7-X10x,O-C2-K7-X10x,Pusat
O-C2-K7-X11x,O-C2-K7-X11x,Pusat
O-C2-K7-X12x,O-C2-K7-X12x,Pusat
O-C2-K7-X13x,O-C2-K7-X13x,Pusat
O-C2-K7-X14x,O-C2-K7-X14x,Pusat
O-C2-K7-X15x,O-C2-K7-X15x,Pusat
O-C2-K7-X16x,O-C2-K7-X16x,Pusat
O-C2-K7-X17x,O-C2-K7-X17x,Pusat
O-C2-K7-X18x,O-C2-K7-X18x,Pusat
O-C2-K7-X19x,O-C2-K7-X19x,Pusat
O-C2-K7-X1x,O-C2-K7-X1x,Pusat
O-C2-K7-X20x,O-C2-K7-X20x,Pusat
O-C2-K7-X21x,O-C2-K7-X21x,Pusat
O-C2-K7-X22x,O-C2-K7-X22x,Pusat
O-C2-K7-X23x,O-C2-K7-X23x,Pusat
O-C2-K7-X24x,O-C2-K7-X24x,Pusat
O-C2-K7-X25x,O-C2-K7-X25x,Pusat
O-C2-K7-X26x,O-C2-K7-X26x,Pusat
O-C2-K7-X27x,O-C2-K7-X27x,Pusat
O-C2-K7-X28x,O-C2-K7-X28x,Pusat
O-C2-K7-X29x,O-C2-K7-X29x,Pusat
O-C2-K7-X2x,O-C2-K7-X2x,Pusat
O-C2-K7-X30x,O-C2-K7-X30x,Pusat
O-C2-K7-X3x,O-C2-K7-X3x,Pusat
O-C2-K7-X4x,O-C2-K7-X4x,Pusat
O-C2-K7-X5x,O-C2-K7-X5x,Pusat
O-C2-K7-X6x,O-C2-K7-X6x,Pusat
O-C2-K7-X7x,O-C2-K7-X7x,Pusat
O-C2-K7-X8x,O-C2-K7-X8x,Pusat
O-C2-K7-X9x,O-C2-K7-X9x,Pusat
O-C3-K1-X10x,O-C3-K1-X10x,Pusat
O-C3-K1-X11x,O-C3-K1-X11x,Pusat
O-C3-K1-X12x,O-C3-K1-X12x,Pusat
O-C3-K1-X13x,O-C3-K1-X13x,Pusat
O-C3-K1-X14x,O-C3-K1-X14x,Pusat
O-C3-K1-X15x,O-C3-K1-X15x,Pusat
O-C3-K1-X16x,O-C3-K1-X16x,Pusat
O-C3-K1-X17x,O-C3-K1-X17x,Pusat
O-C3-K1-X18x,O-C3-K1-X18x,Pusat
O-C3-K1-X19x,O-C3-K1-X19x,Pusat
O-C3-K1-X1x,O-C3-K1-X1x,Pusat
O-C3-K1-X20x,O-C3-K1-X20x,Pusat
O-C3-K1-X21x,O-C3-K1-X21x,Pusat
O-C3-K1-X22x,O-C3-K1-X22x,Pusat
O-C3-K1-X23x,O-C3-K1-X23x,Pusat
O-C3-K1-X24x,O-C3-K1-X24x,Pusat
O-C3-K1-X25x,O-C3-K1-X25x,Pusat
O-C3-K1-X26x,O-C3-K1-X26x,Pusat
O-C3-K1-X27x,O-C3-K1-X27x,Pusat
O-C3-K1-X28x,O-C3-K1-X28x,Pusat
O-C3-K1-X29x,O-C3-K1-X29x,Pusat
O-C3-K1-X2x,O-C3-K1-X2x,Pusat
O-C3-K1-X30x,O-C3-K1-X30x,Pusat
O-C3-K1-X3x,O-C3-K1-X3x,Pusat
O-C3-K1-X4x,O-C3-K1-X4x,Pusat
O-C3-K1-X5x,O-C3-K1-X5x,Pusat
O-C3-K1-X6x,O-C3-K1-X6x,Pusat
O-C3-K1-X7x,O-C3-K1-X7x,Pusat
O-C3-K1-X8x,O-C3-K1-X8x,Pusat
O-C3-K1-X9x,O-C3-K1-X9x,Pusat
O-C3-K2-X10x,O-C3-K2-X10x,Pusat
O-C3-K2-X11x,O-C3-K2-X11x,Pusat
O-C3-K2-X12x,O-C3-K2-X12x,Pusat
O-C3-K2-X13x,O-C3-K2-X13x,Pusat
O-C3-K2-X14x,O-C3-K2-X14x,Pusat
O-C3-K2-X15x,O-C3-K2-X15x,Pusat
O-C3-K2-X16x,O-C3-K2-X16x,Pusat
O-C3-K2-X17x,O-C3-K2-X17x,Pusat
O-C3-K2-X18x,O-C3-K2-X18x,Pusat
O-C3-K2-X19x,O-C3-K2-X19x,Pusat
O-C3-K2-X1x,O-C3-K2-X1x,Pusat
O-C3-K2-X20x,O-C3-K2-X20x,Pusat
O-C3-K2-X21x,O-C3-K2-X21x,Pusat
O-C3-K2-X22x,O-C3-K2-X22x,Pusat
O-C3-K2-X23x,O-C3-K2-X23x,Pusat
O-C3-K2-X24x,O-C3-K2-X24x,Pusat
O-C3-K2-X25x,O-C3-K2-X25x,Pusat
O-C3-K2-X26x,O-C3-K2-X26x,Pusat
O-C3-K2-X27x,O-C3-K2-X27x,Pusat
O-C3-K2-X28x,O-C3-K2-X28x,Pusat
O-C3-K2-X29x,O-C3-K2-X29x,Pusat
O-C3-K2-X2x,O-C3-K2-X2x,Pusat
O-C3-K2-X30x,O-C3-K2-X30x,Pusat
O-C3-K2-X3x,O-C3-K2-X3x,Pusat
O-C3-K2-X4x,O-C3-K2-X4x,Pusat
O-C3-K2-X5x,O-C3-K2-X5x,Pusat
O-C3-K2-X6x,O-C3-K2-X6x,Pusat
O-C3-K2-X7x,O-C3-K2-X7x,Pusat
O-C3-K2-X8x,O-C3-K2-X8x,Pusat
O-C3-K2-X9x,O-C3-K2-X9x,Pusat
O-C3-K3-X10x,O-C3-K3-X10x,Pusat
O-C3-K3-X11x,O-C3-K3-X11x,Pusat
O-C3-K3-X12x,O-C3-K3-X12x,Pusat
O-C3-K3-X13x,O-C3-K3-X13x,Pusat
O-C3-K3-X14x,O-C3-K3-X14x,Pusat
O-C3-K3-X15x,O-C3-K3-X15x,Pusat
O-C3-K3-X16x,O-C3-K3-X16x,Pusat
O-C3-K3-X17x,O-C3-K3-X17x,Pusat
O-C3-K3-X18x,O-C3-K3-X18x,Pusat
O-C3-K3-X19x,O-C3-K3-X19x,Pusat
O-C3-K3-X1x,O-C3-K3-X1x,Pusat
O-C3-K3-X20x,O-C3-K3-X20x,Pusat
O-C3-K3-X21x,O-C3-K3-X21x,Pusat
O-C3-K3-X22x,O-C3-K3-X22x,Pusat
O-C3-K3-X23x,O-C3-K3-X23x,Pusat
O-C3-K3-X24x,O-C3-K3-X24x,Pusat
O-C3-K3-X25x,O-C3-K3-X25x,Pusat
O-C3-K3-X26x,O-C3-K3-X26x,Pusat
O-C3-K3-X27x,O-C3-K3-X27x,Pusat
O-C3-K3-X28x,O-C3-K3-X28x,Pusat
O-C3-K3-X29x,O-C3-K3-X29x,Pusat
O-C3-K3-X2x,O-C3-K3-X2x,Pusat
O-C3-K3-X30x,O-C3-K3-X30x,Pusat
O-C3-K3-X3x,O-C3-K3-X3x,Pusat
O-C3-K3-X4x,O-C3-K3-X4x,Pusat
O-C3-K3-X5x,O-C3-K3-X5x,Pusat
O-C3-K3-X6x,O-C3-K3-X6x,Pusat
O-C3-K3-X7x,O-C3-K3-X7x,Pusat
O-C3-K3-X8x,O-C3-K3-X8x,Pusat
O-C3-K3-X9x,O-C3-K3-X9x,Pusat
O-C3-K4-X10x,O-C3-K4-X10x,Pusat
O-C3-K4-X11x,O-C3-K4-X11x,Pusat
O-C3-K4-X12x,O-C3-K4-X12x,Pusat
O-C3-K4-X13x,O-C3-K4-X13x,Pusat
O-C3-K4-X14x,O-C3-K4-X14x,Pusat
O-C3-K4-X15x,O-C3-K4-X15x,Pusat
O-C3-K4-X16x,O-C3-K4-X16x,Pusat
O-C3-K4-X17x,O-C3-K4-X17x,Pusat
O-C3-K4-X18x,O-C3-K4-X18x,Pusat
O-C3-K4-X19x,O-C3-K4-X19x,Pusat
O-C3-K4-X1x,O-C3-K4-X1x,Pusat
O-C3-K4-X20x,O-C3-K4-X20x,Pusat
O-C3-K4-X21x,O-C3-K4-X21x,Pusat
O-C3-K4-X22x,O-C3-K4-X22x,Pusat
O-C3-K4-X23x,O-C3-K4-X23x,Pusat
O-C3-K4-X24x,O-C3-K4-X24x,Pusat
O-C3-K4-X25x,O-C3-K4-X25x,Pusat
O-C3-K4-X26x,O-C3-K4-X26x,Pusat
O-C3-K4-X27x,O-C3-K4-X27x,Pusat
O-C3-K4-X28x,O-C3-K4-X28x,Pusat
O-C3-K4-X29x,O-C3-K4-X29x,Pusat
O-C3-K4-X2x,O-C3-K4-X2x,Pusat
O-C3-K4-X30x,O-C3-K4-X30x,Pusat
O-C3-K4-X3x,O-C3-K4-X3x,Pusat
O-C3-K4-X4x,O-C3-K4-X4x,Pusat
O-C3-K4-X5x,O-C3-K4-X5x,Pusat
O-C3-K4-X6x,O-C3-K4-X6x,Pusat
O-C3-K4-X7x,O-C3-K4-X7x,Pusat
O-C3-K4-X8x,O-C3-K4-X8x,Pusat
O-C3-K4-X9x,O-C3-K4-X9x,Pusat
O-C3-K5-X10x,O-C3-K5-X10x,Pusat
O-C3-K5-X11x,O-C3-K5-X11x,Pusat
O-C3-K5-X12x,O-C3-K5-X12x,Pusat
O-C3-K5-X13x,O-C3-K5-X13x,Pusat
O-C3-K5-X14x,O-C3-K5-X14x,Pusat
O-C3-K5-X15x,O-C3-K5-X15x,Pusat
O-C3-K5-X16x,O-C3-K5-X16x,Pusat
O-C3-K5-X17x,O-C3-K5-X17x,Pusat
O-C3-K5-X18x,O-C3-K5-X18x,Pusat
O-C3-K5-X19x,O-C3-K5-X19x,Pusat
O-C3-K5-X1x,O-C3-K5-X1x,Pusat
O-C3-K5-X20x,O-C3-K5-X20x,Pusat
O-C3-K5-X21x,O-C3-K5-X21x,Pusat
O-C3-K5-X22x,O-C3-K5-X22x,Pusat
O-C3-K5-X23x,O-C3-K5-X23x,Pusat
O-C3-K5-X24x,O-C3-K5-X24x,Pusat
O-C3-K5-X25x,O-C3-K5-X25x,Pusat
O-C3-K5-X26x,O-C3-K5-X26x,Pusat
O-C3-K5-X27x,O-C3-K5-X27x,Pusat
O-C3-K5-X28x,O-C3-K5-X28x,Pusat
O-C3-K5-X29x,O-C3-K5-X29x,Pusat
O-C3-K5-X2x,O-C3-K5-X2x,Pusat
O-C3-K5-X30x,O-C3-K5-X30x,Pusat
O-C3-K5-X3x,O-C3-K5-X3x,Pusat
O-C3-K5-X4x,O-C3-K5-X4x,Pusat
O-C3-K5-X5x,O-C3-K5-X5x,Pusat
O-C3-K5-X6x,O-C3-K5-X6x,Pusat
O-C3-K5-X7x,O-C3-K5-X7x,Pusat
O-C3-K5-X8x,O-C3-K5-X8x,Pusat
O-C3-K5-X9x,O-C3-K5-X9x,Pusat
O-C3-K6-X10x,O-C3-K6-X10x,Pusat
O-C3-K6-X11x,O-C3-K6-X11x,Pusat
O-C3-K6-X12x,O-C3-K6-X12x,Pusat
O-C3-K6-X13x,O-C3-K6-X13x,Pusat
O-C3-K6-X14x,O-C3-K6-X14x,Pusat
O-C3-K6-X15x,O-C3-K6-X15x,Pusat
O-C3-K6-X16x,O-C3-K6-X16x,Pusat
O-C3-K6-X17x,O-C3-K6-X17x,Pusat
O-C3-K6-X18x,O-C3-K6-X18x,Pusat
O-C3-K6-X19x,O-C3-K6-X19x,Pusat
O-C3-K6-X1x,O-C3-K6-X1x,Pusat
O-C3-K6-X20x,O-C3-K6-X20x,Pusat
O-C3-K6-X21x,O-C3-K6-X21x,Pusat
O-C3-K6-X22x,O-C3-K6-X22x,Pusat
O-C3-K6-X23x,O-C3-K6-X23x,Pusat
O-C3-K6-X24x,O-C3-K6-X24x,Pusat
O-C3-K6-X25x,O-C3-K6-X25x,Pusat
O-C3-K6-X26x,O-C3-K6-X26x,Pusat
O-C3-K6-X27x,O-C3-K6-X27x,Pusat
O-C3-K6-X28x,O-C3-K6-X28x,Pusat
O-C3-K6-X29x,O-C3-K6-X29x,Pusat
O-C3-K6-X2x,O-C3-K6-X2x,Pusat
O-C3-K6-X30x,O-C3-K6-X30x,Pusat
O-C3-K6-X3x,O-C3-K6-X3x,Pusat
O-C3-K6-X4x,O-C3-K6-X4x,Pusat
O-C3-K6-X5x,O-C3-K6-X5x,Pusat
O-C3-K6-X6x,O-C3-K6-X6x,Pusat
O-C3-K6-X7x,O-C3-K6-X7x,Pusat
O-C3-K6-X8x,O-C3-K6-X8x,Pusat
O-C3-K6-X9x,O-C3-K6-X9x,Pusat
O-C3-K7-X10x,O-C3-K7-X10x,Pusat
O-C3-K7-X11x,O-C3-K7-X11x,Pusat
O-C3-K7-X12x,O-C3-K7-X12x,Pusat
O-C3-K7-X13x,O-C3-K7-X13x,Pusat
O-C3-K7-X14x,O-C3-K7-X14x,Pusat
O-C3-K7-X15x,O-C3-K7-X15x,Pusat
O-C3-K7-X16x,O-C3-K7-X16x,Pusat
O-C3-K7-X17x,O-C3-K7-X17x,Pusat
O-C3-K7-X18x,O-C3-K7-X18x,Pusat
O-C3-K7-X19x,O-C3-K7-X19x,Pusat
O-C3-K7-X1x,O-C3-K7-X1x,Pusat
O-C3-K7-X20x,O-C3-K7-X20x,Pusat
O-C3-K7-X21x,O-C3-K7-X21x,Pusat
O-C3-K7-X22x,O-C3-K7-X22x,Pusat
O-C3-K7-X23x,O-C3-K7-X23x,Pusat
O-C3-K7-X24x,O-C3-K7-X24x,Pusat
O-C3-K7-X25x,O-C3-K7-X25x,Pusat
O-C3-K7-X26x,O-C3-K7-X26x,Pusat
O-C3-K7-X27x,O-C3-K7-X27x,Pusat
O-C3-K7-X28x,O-C3-K7-X28x,Pusat
O-C3-K7-X29x,O-C3-K7-X29x,Pusat
O-C3-K7-X2x,O-C3-K7-X2x,Pusat
O-C3-K7-X30x,O-C3-K7-X30x,Pusat
O-C3-K7-X3x,O-C3-K7-X3x,Pusat
O-C3-K7-X4x,O-C3-K7-X4x,Pusat
O-C3-K7-X5x,O-C3-K7-X5x,Pusat
O-C3-K7-X6x,O-C3-K7-X6x,Pusat
O-C3-K7-X7x,O-C3-K7-X7x,Pusat
O-C3-K7-X8x,O-C3-K7-X8x,Pusat
O-C3-K7-X9x,O-C3-K7-X9x,Pusat
O-C4-K1-X10x,O-C4-K1-X10x,Pusat
O-C4-K1-X11x,O-C4-K1-X11x,Pusat
O-C4-K1-X12x,O-C4-K1-X12x,Pusat
O-C4-K1-X13x,O-C4-K1-X13x,Pusat
O-C4-K1-X14x,O-C4-K1-X14x,Pusat
O-C4-K1-X15x,O-C4-K1-X15x,Pusat
O-C4-K1-X16x,O-C4-K1-X16x,Pusat
O-C4-K1-X17x,O-C4-K1-X17x,Pusat
O-C4-K1-X18x,O-C4-K1-X18x,Pusat
O-C4-K1-X19x,O-C4-K1-X19x,Pusat
O-C4-K1-X1x,O-C4-K1-X1x,Pusat
O-C4-K1-X20x,O-C4-K1-X20x,Pusat
O-C4-K1-X21x,O-C4-K1-X21x,Pusat
O-C4-K1-X22x,O-C4-K1-X22x,Pusat
O-C4-K1-X23x,O-C4-K1-X23x,Pusat
O-C4-K1-X24x,O-C4-K1-X24x,Pusat
O-C4-K1-X25x,O-C4-K1-X25x,Pusat
O-C4-K1-X26x,O-C4-K1-X26x,Pusat
O-C4-K1-X27x,O-C4-K1-X27x,Pusat
O-C4-K1-X28x,O-C4-K1-X28x,Pusat
O-C4-K1-X29x,O-C4-K1-X29x,Pusat
O-C4-K1-X2x,O-C4-K1-X2x,Pusat
O-C4-K1-X30x,O-C4-K1-X30x,Pusat
O-C4-K1-X3x,O-C4-K1-X3x,Pusat
O-C4-K1-X4x,O-C4-K1-X4x,Pusat
O-C4-K1-X5x,O-C4-K1-X5x,Pusat
O-C4-K1-X6x,O-C4-K1-X6x,Pusat
O-C4-K1-X7x,O-C4-K1-X7x,Pusat
O-C4-K1-X8x,O-C4-K1-X8x,Pusat
O-C4-K1-X9x,O-C4-K1-X9x,Pusat
O-C4-K2-X10x,O-C4-K2-X10x,Pusat
O-C4-K2-X11x,O-C4-K2-X11x,Pusat
O-C4-K2-X12x,O-C4-K2-X12x,Pusat
O-C4-K2-X13x,O-C4-K2-X13x,Pusat
O-C4-K2-X14x,O-C4-K2-X14x,Pusat
O-C4-K2-X15x,O-C4-K2-X15x,Pusat
O-C4-K2-X16x,O-C4-K2-X16x,Pusat
O-C4-K2-X17x,O-C4-K2-X17x,Pusat
O-C4-K2-X18x,O-C4-K2-X18x,Pusat
O-C4-K2-X19x,O-C4-K2-X19x,Pusat
O-C4-K2-X1x,O-C4-K2-X1x,Pusat
O-C4-K2-X20x,O-C4-K2-X20x,Pusat
O-C4-K2-X21x,O-C4-K2-X21x,Pusat
O-C4-K2-X22x,O-C4-K2-X22x,Pusat
O-C4-K2-X23x,O-C4-K2-X23x,Pusat
O-C4-K2-X24x,O-C4-K2-X24x,Pusat
O-C4-K2-X25x,O-C4-K2-X25x,Pusat
O-C4-K2-X26x,O-C4-K2-X26x,Pusat
O-C4-K2-X27x,O-C4-K2-X27x,Pusat
O-C4-K2-X28x,O-C4-K2-X28x,Pusat
O-C4-K2-X29x,O-C4-K2-X29x,Pusat
O-C4-K2-X2x,O-C4-K2-X2x,Pusat
O-C4-K2-X30x,O-C4-K2-X30x,Pusat
O-C4-K2-X3x,O-C4-K2-X3x,Pusat
O-C4-K2-X4x,O-C4-K2-X4x,Pusat
O-C4-K2-X5x,O-C4-K2-X5x,Pusat
O-C4-K2-X6x,O-C4-K2-X6x,Pusat
O-C4-K2-X7x,O-C4-K2-X7x,Pusat
O-C4-K2-X8x,O-C4-K2-X8x,Pusat
O-C4-K2-X9x,O-C4-K2-X9x,Pusat
O-C4-K3-X10x,O-C4-K3-X10x,Pusat
O-C4-K3-X11x,O-C4-K3-X11x,Pusat
O-C4-K3-X12x,O-C4-K3-X12x,Pusat
O-C4-K3-X13x,O-C4-K3-X13x,Pusat
O-C4-K3-X14x,O-C4-K3-X14x,Pusat
O-C4-K3-X15x,O-C4-K3-X15x,Pusat
O-C4-K3-X16x,O-C4-K3-X16x,Pusat
O-C4-K3-X17x,O-C4-K3-X17x,Pusat
O-C4-K3-X18x,O-C4-K3-X18x,Pusat
O-C4-K3-X19x,O-C4-K3-X19x,Pusat
O-C4-K3-X1x,O-C4-K3-X1x,Pusat
O-C4-K3-X20x,O-C4-K3-X20x,Pusat
O-C4-K3-X21x,O-C4-K3-X21x,Pusat
O-C4-K3-X22x,O-C4-K3-X22x,Pusat
O-C4-K3-X23x,O-C4-K3-X23x,Pusat
O-C4-K3-X24x,O-C4-K3-X24x,Pusat
O-C4-K3-X25x,O-C4-K3-X25x,Pusat
O-C4-K3-X26x,O-C4-K3-X26x,Pusat
O-C4-K3-X27x,O-C4-K3-X27x,Pusat
O-C4-K3-X28x,O-C4-K3-X28x,Pusat
O-C4-K3-X29x,O-C4-K3-X29x,Pusat
O-C4-K3-X2x,O-C4-K3-X2x,Pusat
O-C4-K3-X30x,O-C4-K3-X30x,Pusat
O-C4-K3-X3x,O-C4-K3-X3x,Pusat
O-C4-K3-X4x,O-C4-K3-X4x,Pusat
O-C4-K3-X5x,O-C4-K3-X5x,Pusat
O-C4-K3-X6x,O-C4-K3-X6x,Pusat
O-C4-K3-X7x,O-C4-K3-X7x,Pusat
O-C4-K3-X8x,O-C4-K3-X8x,Pusat
O-C4-K3-X9x,O-C4-K3-X9x,Pusat
O-C4-K4-X10x,O-C4-K4-X10x,Pusat
O-C4-K4-X11x,O-C4-K4-X11x,Pusat
O-C4-K4-X12x,O-C4-K4-X12x,Pusat
O-C4-K4-X13x,O-C4-K4-X13x,Pusat
O-C4-K4-X14x,O-C4-K4-X14x,Pusat
O-C4-K4-X15x,O-C4-K4-X15x,Pusat
O-C4-K4-X16x,O-C4-K4-X16x,Pusat
O-C4-K4-X17x,O-C4-K4-X17x,Pusat
O-C4-K4-X18x,O-C4-K4-X18x,Pusat
O-C4-K4-X19x,O-C4-K4-X19x,Pusat
O-C4-K4-X1x,O-C4-K4-X1x,Pusat
O-C4-K4-X20x,O-C4-K4-X20x,Pusat
O-C4-K4-X21x,O-C4-K4-X21x,Pusat
O-C4-K4-X22x,O-C4-K4-X22x,Pusat
O-C4-K4-X23x,O-C4-K4-X23x,Pusat
O-C4-K4-X24x,O-C4-K4-X24x,Pusat
O-C4-K4-X25x,O-C4-K4-X25x,Pusat
O-C4-K4-X26x,O-C4-K4-X26x,Pusat
O-C4-K4-X27x,O-C4-K4-X27x,Pusat
O-C4-K4-X28x,O-C4-K4-X28x,Pusat
O-C4-K4-X29x,O-C4-K4-X29x,Pusat
O-C4-K4-X2x,O-C4-K4-X2x,Pusat
O-C4-K4-X30x,O-C4-K4-X30x,Pusat
O-C4-K4-X3x,O-C4-K4-X3x,Pusat
O-C4-K4-X4x,O-C4-K4-X4x,Pusat
O-C4-K4-X5x,O-C4-K4-X5x,Pusat
O-C4-K4-X6x,O-C4-K4-X6x,Pusat
O-C4-K4-X7x,O-C4-K4-X7x,Pusat
O-C4-K4-X8x,O-C4-K4-X8x,Pusat
O-C4-K4-X9x,O-C4-K4-X9x,Pusat
O-C4-K5-X10x,O-C4-K5-X10x,Pusat
O-C4-K5-X11x,O-C4-K5-X11x,Pusat
O-C4-K5-X12x,O-C4-K5-X12x,Pusat
O-C4-K5-X13x,O-C4-K5-X13x,Pusat
O-C4-K5-X14x,O-C4-K5-X14x,Pusat
O-C4-K5-X15x,O-C4-K5-X15x,Pusat
O-C4-K5-X16x,O-C4-K5-X16x,Pusat
O-C4-K5-X17x,O-C4-K5-X17x,Pusat
O-C4-K5-X18x,O-C4-K5-X18x,Pusat
O-C4-K5-X19x,O-C4-K5-X19x,Pusat
O-C4-K5-X1x,O-C4-K5-X1x,Pusat
O-C4-K5-X20x,O-C4-K5-X20x,Pusat
O-C4-K5-X21x,O-C4-K5-X21x,Pusat
O-C4-K5-X22x,O-C4-K5-X22x,Pusat
O-C4-K5-X23x,O-C4-K5-X23x,Pusat
O-C4-K5-X24x,O-C4-K5-X24x,Pusat
O-C4-K5-X25x,O-C4-K5-X25x,Pusat
O-C4-K5-X26x,O-C4-K5-X26x,Pusat
O-C4-K5-X27x,O-C4-K5-X27x,Pusat
O-C4-K5-X28x,O-C4-K5-X28x,Pusat
O-C4-K5-X29x,O-C4-K5-X29x,Pusat
O-C4-K5-X2x,O-C4-K5-X2x,Pusat
O-C4-K5-X30x,O-C4-K5-X30x,Pusat
O-C4-K5-X3x,O-C4-K5-X3x,Pusat
O-C4-K5-X4x,O-C4-K5-X4x,Pusat
O-C4-K5-X5x,O-C4-K5-X5x,Pusat
O-C4-K5-X6x,O-C4-K5-X6x,Pusat
O-C4-K5-X7x,O-C4-K5-X7x,Pusat
O-C4-K5-X8x,O-C4-K5-X8x,Pusat
O-C4-K5-X9x,O-C4-K5-X9x,Pusat
O-C4-K6-X10x,O-C4-K6-X10x,Pusat
O-C4-K6-X11x,O-C4-K6-X11x,Pusat
O-C4-K6-X12x,O-C4-K6-X12x,Pusat
O-C4-K6-X13x,O-C4-K6-X13x,Pusat
O-C4-K6-X14x,O-C4-K6-X14x,Pusat
O-C4-K6-X15x,O-C4-K6-X15x,Pusat
O-C4-K6-X16x,O-C4-K6-X16x,Pusat
O-C4-K6-X17x,O-C4-K6-X17x,Pusat
O-C4-K6-X18x,O-C4-K6-X18x,Pusat
O-C4-K6-X19x,O-C4-K6-X19x,Pusat
O-C4-K6-X1x,O-C4-K6-X1x,Pusat
O-C4-K6-X20x,O-C4-K6-X20x,Pusat
O-C4-K6-X21x,O-C4-K6-X21x,Pusat
O-C4-K6-X22x,O-C4-K6-X22x,Pusat
O-C4-K6-X23x,O-C4-K6-X23x,Pusat
O-C4-K6-X24x,O-C4-K6-X24x,Pusat
O-C4-K6-X25x,O-C4-K6-X25x,Pusat
O-C4-K6-X26x,O-C4-K6-X26x,Pusat
O-C4-K6-X27x,O-C4-K6-X27x,Pusat
O-C4-K6-X28x,O-C4-K6-X28x,Pusat
O-C4-K6-X29x,O-C4-K6-X29x,Pusat
O-C4-K6-X2x,O-C4-K6-X2x,Pusat
O-C4-K6-X30x,O-C4-K6-X30x,Pusat
O-C4-K6-X3x,O-C4-K6-X3x,Pusat
O-C4-K6-X4x,O-C4-K6-X4x,Pusat
O-C4-K6-X5x,O-C4-K6-X5x,Pusat
O-C4-K6-X6x,O-C4-K6-X6x,Pusat
O-C4-K6-X7x,O-C4-K6-X7x,Pusat
O-C4-K6-X8x,O-C4-K6-X8x,Pusat
O-C4-K6-X9x,O-C4-K6-X9x,Pusat
O-C4-K7-X10x,O-C4-K7-X10x,Pusat
O-C4-K7-X11x,O-C4-K7-X11x,Pusat
O-C4-K7-X12x,O-C4-K7-X12x,Pusat
O-C4-K7-X13x,O-C4-K7-X13x,Pusat
O-C4-K7-X14x,O-C4-K7-X14x,Pusat
O-C4-K7-X15x,O-C4-K7-X15x,Pusat
O-C4-K7-X16x,O-C4-K7-X16x,Pusat
O-C4-K7-X17x,O-C4-K7-X17x,Pusat
O-C4-K7-X18x,O-C4-K7-X18x,Pusat
O-C4-K7-X19x,O-C4-K7-X19x,Pusat
O-C4-K7-X1x,O-C4-K7-X1x,Pusat
O-C4-K7-X20x,O-C4-K7-X20x,Pusat
O-C4-K7-X21x,O-C4-K7-X21x,Pusat
O-C4-K7-X22x,O-C4-K7-X22x,Pusat
O-C4-K7-X23x,O-C4-K7-X23x,Pusat
O-C4-K7-X24x,O-C4-K7-X24x,Pusat
O-C4-K7-X25x,O-C4-K7-X25x,Pusat
O-C4-K7-X26x,O-C4-K7-X26x,Pusat
O-C4-K7-X27x,O-C4-K7-X27x,Pusat
O-C4-K7-X28x,O-C4-K7-X28x,Pusat
O-C4-K7-X29x,O-C4-K7-X29x,Pusat
O-C4-K7-X2x,O-C4-K7-X2x,Pusat
O-C4-K7-X30x,O-C4-K7-X30x,Pusat
O-C4-K7-X3x,O-C4-K7-X3x,Pusat
O-C4-K7-X4x,O-C4-K7-X4x,Pusat
O-C4-K7-X5x,O-C4-K7-X5x,Pusat
O-C4-K7-X6x,O-C4-K7-X6x,Pusat
O-C4-K7-X7x,O-C4-K7-X7x,Pusat
O-C4-K7-X8x,O-C4-K7-X8x,Pusat
O-C4-K7-X9x,O-C4-K7-X9x,Pusat
O-C5-K1-X10x,O-C5-K1-X10x,Pusat
O-C5-K1-X11x,O-C5-K1-X11x,Pusat
O-C5-K1-X12x,O-C5-K1-X12x,Pusat
O-C5-K1-X13x,O-C5-K1-X13x,Pusat
O-C5-K1-X14x,O-C5-K1-X14x,Pusat
O-C5-K1-X15x,O-C5-K1-X15x,Pusat
O-C5-K1-X16x,O-C5-K1-X16x,Pusat
O-C5-K1-X17x,O-C5-K1-X17x,Pusat
O-C5-K1-X18x,O-C5-K1-X18x,Pusat
O-C5-K1-X19x,O-C5-K1-X19x,Pusat
O-C5-K1-X1x,O-C5-K1-X1x,Pusat
O-C5-K1-X20x,O-C5-K1-X20x,Pusat
O-C5-K1-X21x,O-C5-K1-X21x,Pusat
O-C5-K1-X22x,O-C5-K1-X22x,Pusat
O-C5-K1-X23x,O-C5-K1-X23x,Pusat
O-C5-K1-X24x,O-C5-K1-X24x,Pusat
O-C5-K1-X25x,O-C5-K1-X25x,Pusat
O-C5-K1-X26x,O-C5-K1-X26x,Pusat
O-C5-K1-X27x,O-C5-K1-X27x,Pusat
O-C5-K1-X28x,O-C5-K1-X28x,Pusat
O-C5-K1-X29x,O-C5-K1-X29x,Pusat
O-C5-K1-X2x,O-C5-K1-X2x,Pusat
O-C5-K1-X30x,O-C5-K1-X30x,Pusat
O-C5-K1-X3x,O-C5-K1-X3x,Pusat
O-C5-K1-X4x,O-C5-K1-X4x,Pusat
O-C5-K1-X5x,O-C5-K1-X5x,Pusat
O-C5-K1-X6x,O-C5-K1-X6x,Pusat
O-C5-K1-X7x,O-C5-K1-X7x,Pusat
O-C5-K1-X8x,O-C5-K1-X8x,Pusat
O-C5-K1-X9x,O-C5-K1-X9x,Pusat
O-C5-K2-X10x,O-C5-K2-X10x,Pusat
O-C5-K2-X11x,O-C5-K2-X11x,Pusat
O-C5-K2-X12x,O-C5-K2-X12x,Pusat
O-C5-K2-X13x,O-C5-K2-X13x,Pusat
O-C5-K2-X14x,O-C5-K2-X14x,Pusat
O-C5-K2-X15x,O-C5-K2-X15x,Pusat
O-C5-K2-X16x,O-C5-K2-X16x,Pusat
O-C5-K2-X17x,O-C5-K2-X17x,Pusat
O-C5-K2-X18x,O-C5-K2-X18x,Pusat
O-C5-K2-X19x,O-C5-K2-X19x,Pusat
O-C5-K2-X1x,O-C5-K2-X1x,Pusat
O-C5-K2-X20x,O-C5-K2-X20x,Pusat
O-C5-K2-X21x,O-C5-K2-X21x,Pusat
O-C5-K2-X22x,O-C5-K2-X22x,Pusat
O-C5-K2-X23x,O-C5-K2-X23x,Pusat
O-C5-K2-X24x,O-C5-K2-X24x,Pusat
O-C5-K2-X25x,O-C5-K2-X25x,Pusat
O-C5-K2-X26x,O-C5-K2-X26x,Pusat
O-C5-K2-X27x,O-C5-K2-X27x,Pusat
O-C5-K2-X28x,O-C5-K2-X28x,Pusat
O-C5-K2-X29x,O-C5-K2-X29x,Pusat
O-C5-K2-X2x,O-C5-K2-X2x,Pusat
O-C5-K2-X30x,O-C5-K2-X30x,Pusat
O-C5-K2-X3x,O-C5-K2-X3x,Pusat
O-C5-K2-X4x,O-C5-K2-X4x,Pusat
O-C5-K2-X5x,O-C5-K2-X5x,Pusat
O-C5-K2-X6x,O-C5-K2-X6x,Pusat
O-C5-K2-X7x,O-C5-K2-X7x,Pusat
O-C5-K2-X8x,O-C5-K2-X8x,Pusat
O-C5-K2-X9x,O-C5-K2-X9x,Pusat
O-C5-K3-X10x,O-C5-K3-X10x,Pusat
O-C5-K3-X11x,O-C5-K3-X11x,Pusat
O-C5-K3-X12x,O-C5-K3-X12x,Pusat
O-C5-K3-X13x,O-C5-K3-X13x,Pusat
O-C5-K3-X14x,O-C5-K3-X14x,Pusat
O-C5-K3-X15x,O-C5-K3-X15x,Pusat
O-C5-K3-X16x,O-C5-K3-X16x,Pusat
O-C5-K3-X17x,O-C5-K3-X17x,Pusat
O-C5-K3-X18x,O-C5-K3-X18x,Pusat
O-C5-K3-X19x,O-C5-K3-X19x,Pusat
O-C5-K3-X1x,O-C5-K3-X1x,Pusat
O-C5-K3-X20x,O-C5-K3-X20x,Pusat
O-C5-K3-X21x,O-C5-K3-X21x,Pusat
O-C5-K3-X22x,O-C5-K3-X22x,Pusat
O-C5-K3-X23x,O-C5-K3-X23x,Pusat
O-C5-K3-X24x,O-C5-K3-X24x,Pusat
O-C5-K3-X25x,O-C5-K3-X25x,Pusat
O-C5-K3-X26x,O-C5-K3-X26x,Pusat
O-C5-K3-X27x,O-C5-K3-X27x,Pusat
O-C5-K3-X28x,O-C5-K3-X28x,Pusat
O-C5-K3-X29x,O-C5-K3-X29x,Pusat
O-C5-K3-X2x,O-C5-K3-X2x,Pusat
O-C5-K3-X30x,O-C5-K3-X30x,Pusat
O-C5-K3-X3x,O-C5-K3-X3x,Pusat
O-C5-K3-X4x,O-C5-K3-X4x,Pusat
O-C5-K3-X5x,O-C5-K3-X5x,Pusat
O-C5-K3-X6x,O-C5-K3-X6x,Pusat
O-C5-K3-X7x,O-C5-K3-X7x,Pusat
O-C5-K3-X8x,O-C5-K3-X8x,Pusat
O-C5-K3-X9x,O-C5-K3-X9x,Pusat
O-C5-K4-X10x,O-C5-K4-X10x,Pusat
O-C5-K4-X11x,O-C5-K4-X11x,Pusat
O-C5-K4-X12x,O-C5-K4-X12x,Pusat
O-C5-K4-X13x,O-C5-K4-X13x,Pusat
O-C5-K4-X14x,O-C5-K4-X14x,Pusat
O-C5-K4-X15x,O-C5-K4-X15x,Pusat
O-C5-K4-X16x,O-C5-K4-X16x,Pusat
O-C5-K4-X17x,O-C5-K4-X17x,Pusat
O-C5-K4-X18x,O-C5-K4-X18x,Pusat
O-C5-K4-X19x,O-C5-K4-X19x,Pusat
O-C5-K4-X1x,O-C5-K4-X1x,Pusat
O-C5-K4-X20x,O-C5-K4-X20x,Pusat
O-C5-K4-X21x,O-C5-K4-X21x,Pusat
O-C5-K4-X22x,O-C5-K4-X22x,Pusat
O-C5-K4-X23x,O-C5-K4-X23x,Pusat
O-C5-K4-X24x,O-C5-K4-X24x,Pusat
O-C5-K4-X25x,O-C5-K4-X25x,Pusat
O-C5-K4-X26x,O-C5-K4-X26x,Pusat
O-C5-K4-X27x,O-C5-K4-X27x,Pusat
O-C5-K4-X28x,O-C5-K4-X28x,Pusat
O-C5-K4-X29x,O-C5-K4-X29x,Pusat
O-C5-K4-X2x,O-C5-K4-X2x,Pusat
O-C5-K4-X30x,O-C5-K4-X30x,Pusat
O-C5-K4-X3x,O-C5-K4-X3x,Pusat
O-C5-K4-X4x,O-C5-K4-X4x,Pusat
O-C5-K4-X5x,O-C5-K4-X5x,Pusat
O-C5-K4-X6x,O-C5-K4-X6x,Pusat
O-C5-K4-X7x,O-C5-K4-X7x,Pusat
O-C5-K4-X8x,O-C5-K4-X8x,Pusat
O-C5-K4-X9x,O-C5-K4-X9x,Pusat
O-C5-K5-X10x,O-C5-K5-X10x,Pusat
O-C5-K5-X11x,O-C5-K5-X11x,Pusat
O-C5-K5-X12x,O-C5-K5-X12x,Pusat
O-C5-K5-X13x,O-C5-K5-X13x,Pusat
O-C5-K5-X14x,O-C5-K5-X14x,Pusat
O-C5-K5-X15x,O-C5-K5-X15x,Pusat
O-C5-K5-X16x,O-C5-K5-X16x,Pusat
O-C5-K5-X17x,O-C5-K5-X17x,Pusat
O-C5-K5-X18x,O-C5-K5-X18x,Pusat
O-C5-K5-X19x,O-C5-K5-X19x,Pusat
O-C5-K5-X1x,O-C5-K5-X1x,Pusat
O-C5-K5-X20x,O-C5-K5-X20x,Pusat
O-C5-K5-X21x,O-C5-K5-X21x,Pusat
O-C5-K5-X22x,O-C5-K5-X22x,Pusat
O-C5-K5-X23x,O-C5-K5-X23x,Pusat
O-C5-K5-X24x,O-C5-K5-X24x,Pusat
O-C5-K5-X25x,O-C5-K5-X25x,Pusat
O-C5-K5-X26x,O-C5-K5-X26x,Pusat
O-C5-K5-X27x,O-C5-K5-X27x,Pusat
O-C5-K5-X28x,O-C5-K5-X28x,Pusat
O-C5-K5-X29x,O-C5-K5-X29x,Pusat
O-C5-K5-X2x,O-C5-K5-X2x,Pusat
O-C5-K5-X30x,O-C5-K5-X30x,Pusat
O-C5-K5-X3x,O-C5-K5-X3x,Pusat
O-C5-K5-X4x,O-C5-K5-X4x,Pusat
O-C5-K5-X5x,O-C5-K5-X5x,Pusat
O-C5-K5-X6x,O-C5-K5-X6x,Pusat
O-C5-K5-X7x,O-C5-K5-X7x,Pusat
O-C5-K5-X8x,O-C5-K5-X8x,Pusat
O-C5-K5-X9x,O-C5-K5-X9x,Pusat
O-C5-K6-X10x,O-C5-K6-X10x,Pusat
O-C5-K6-X11x,O-C5-K6-X11x,Pusat
O-C5-K6-X12x,O-C5-K6-X12x,Pusat
O-C5-K6-X13x,O-C5-K6-X13x,Pusat
O-C5-K6-X14x,O-C5-K6-X14x,Pusat
O-C5-K6-X15x,O-C5-K6-X15x,Pusat
O-C5-K6-X16x,O-C5-K6-X16x,Pusat
O-C5-K6-X17x,O-C5-K6-X17x,Pusat
O-C5-K6-X18x,O-C5-K6-X18x,Pusat
O-C5-K6-X19x,O-C5-K6-X19x,Pusat
O-C5-K6-X1x,O-C5-K6-X1x,Pusat
O-C5-K6-X20x,O-C5-K6-X20x,Pusat
O-C5-K6-X21x,O-C5-K6-X21x,Pusat
O-C5-K6-X22x,O-C5-K6-X22x,Pusat
O-C5-K6-X23x,O-C5-K6-X23x,Pusat
O-C5-K6-X24x,O-C5-K6-X24x,Pusat
O-C5-K6-X25x,O-C5-K6-X25x,Pusat
O-C5-K6-X26x,O-C5-K6-X26x,Pusat
O-C5-K6-X27x,O-C5-K6-X27x,Pusat
O-C5-K6-X28x,O-C5-K6-X28x,Pusat
O-C5-K6-X29x,O-C5-K6-X29x,Pusat
O-C5-K6-X2x,O-C5-K6-X2x,Pusat
O-C5-K6-X30x,O-C5-K6-X30x,Pusat
O-C5-K6-X3x,O-C5-K6-X3x,Pusat
O-C5-K6-X4x,O-C5-K6-X4x,Pusat
O-C5-K6-X5x,O-C5-K6-X5x,Pusat
O-C5-K6-X6x,O-C5-K6-X6x,Pusat
O-C5-K6-X7x,O-C5-K6-X7x,Pusat
O-C5-K6-X8x,O-C5-K6-X8x,Pusat
O-C5-K6-X9x,O-C5-K6-X9x,Pusat
O-C5-K7-X10x,O-C5-K7-X10x,Pusat
O-C5-K7-X11x,O-C5-K7-X11x,Pusat
O-C5-K7-X12x,O-C5-K7-X12x,Pusat
O-C5-K7-X13x,O-C5-K7-X13x,Pusat
O-C5-K7-X14x,O-C5-K7-X14x,Pusat
O-C5-K7-X15x,O-C5-K7-X15x,Pusat
O-C5-K7-X16x,O-C5-K7-X16x,Pusat
O-C5-K7-X17x,O-C5-K7-X17x,Pusat
O-C5-K7-X18x,O-C5-K7-X18x,Pusat
O-C5-K7-X19x,O-C5-K7-X19x,Pusat
O-C5-K7-X1x,O-C5-K7-X1x,Pusat
O-C5-K7-X20x,O-C5-K7-X20x,Pusat
O-C5-K7-X21x,O-C5-K7-X21x,Pusat
O-C5-K7-X22x,O-C5-K7-X22x,Pusat
O-C5-K7-X23x,O-C5-K7-X23x,Pusat
O-C5-K7-X24x,O-C5-K7-X24x,Pusat
O-C5-K7-X25x,O-C5-K7-X25x,Pusat
O-C5-K7-X26x,O-C5-K7-X26x,Pusat
O-C5-K7-X27x,O-C5-K7-X27x,Pusat
O-C5-K7-X28x,O-C5-K7-X28x,Pusat
O-C5-K7-X29x,O-C5-K7-X29x,Pusat
O-C5-K7-X2x,O-C5-K7-X2x,Pusat
O-C5-K7-X30x,O-C5-K7-X30x,Pusat
O-C5-K7-X3x,O-C5-K7-X3x,Pusat
O-C5-K7-X4x,O-C5-K7-X4x,Pusat
O-C5-K7-X5x,O-C5-K7-X5x,Pusat
O-C5-K7-X6x,O-C5-K7-X6x,Pusat
O-C5-K7-X7x,O-C5-K7-X7x,Pusat
O-C5-K7-X8x,O-C5-K7-X8x,Pusat
O-C5-K7-X9x,O-C5-K7-X9x,Pusat
O-C6-K1-X10x,O-C6-K1-X10x,Pusat
O-C6-K1-X11x,O-C6-K1-X11x,Pusat
O-C6-K1-X12x,O-C6-K1-X12x,Pusat
O-C6-K1-X13x,O-C6-K1-X13x,Pusat
O-C6-K1-X14x,O-C6-K1-X14x,Pusat
O-C6-K1-X15x,O-C6-K1-X15x,Pusat
O-C6-K1-X16x,O-C6-K1-X16x,Pusat
O-C6-K1-X17x,O-C6-K1-X17x,Pusat
O-C6-K1-X18x,O-C6-K1-X18x,Pusat
O-C6-K1-X19x,O-C6-K1-X19x,Pusat
O-C6-K1-X1x,O-C6-K1-X1x,Pusat
O-C6-K1-X20x,O-C6-K1-X20x,Pusat
O-C6-K1-X21x,O-C6-K1-X21x,Pusat
O-C6-K1-X22x,O-C6-K1-X22x,Pusat
O-C6-K1-X23x,O-C6-K1-X23x,Pusat
O-C6-K1-X24x,O-C6-K1-X24x,Pusat
O-C6-K1-X25x,O-C6-K1-X25x,Pusat
O-C6-K1-X26x,O-C6-K1-X26x,Pusat
O-C6-K1-X27x,O-C6-K1-X27x,Pusat
O-C6-K1-X28x,O-C6-K1-X28x,Pusat
O-C6-K1-X29x,O-C6-K1-X29x,Pusat
O-C6-K1-X2x,O-C6-K1-X2x,Pusat
O-C6-K1-X30x,O-C6-K1-X30x,Pusat
O-C6-K1-X3x,O-C6-K1-X3x,Pusat
O-C6-K1-X4x,O-C6-K1-X4x,Pusat
O-C6-K1-X5x,O-C6-K1-X5x,Pusat
O-C6-K1-X6x,O-C6-K1-X6x,Pusat
O-C6-K1-X7x,O-C6-K1-X7x,Pusat
O-C6-K1-X8x,O-C6-K1-X8x,Pusat
O-C6-K1-X9x,O-C6-K1-X9x,Pusat
O-C6-K2-X10x,O-C6-K2-X10x,Pusat
O-C6-K2-X11x,O-C6-K2-X11x,Pusat
O-C6-K2-X12x,O-C6-K2-X12x,Pusat
O-C6-K2-X13x,O-C6-K2-X13x,Pusat
O-C6-K2-X14x,O-C6-K2-X14x,Pusat
O-C6-K2-X15x,O-C6-K2-X15x,Pusat
O-C6-K2-X16x,O-C6-K2-X16x,Pusat
O-C6-K2-X17x,O-C6-K2-X17x,Pusat
O-C6-K2-X18x,O-C6-K2-X18x,Pusat
O-C6-K2-X19x,O-C6-K2-X19x,Pusat
O-C6-K2-X1x,O-C6-K2-X1x,Pusat
O-C6-K2-X20x,O-C6-K2-X20x,Pusat
O-C6-K2-X21x,O-C6-K2-X21x,Pusat
O-C6-K2-X22x,O-C6-K2-X22x,Pusat
O-C6-K2-X23x,O-C6-K2-X23x,Pusat
O-C6-K2-X24x,O-C6-K2-X24x,Pusat
O-C6-K2-X25x,O-C6-K2-X25x,Pusat
O-C6-K2-X26x,O-C6-K2-X26x,Pusat
O-C6-K2-X27x,O-C6-K2-X27x,Pusat
O-C6-K2-X28x,O-C6-K2-X28x,Pusat
O-C6-K2-X29x,O-C6-K2-X29x,Pusat
O-C6-K2-X2x,O-C6-K2-X2x,Pusat
O-C6-K2-X30x,O-C6-K2-X30x,Pusat
O-C6-K2-X3x,O-C6-K2-X3x,Pusat
O-C6-K2-X4x,O-C6-K2-X4x,Pusat
O-C6-K2-X5x,O-C6-K2-X5x,Pusat
O-C6-K2-X6x,O-C6-K2-X6x,Pusat
O-C6-K2-X7x,O-C6-K2-X7x,Pusat
O-C6-K2-X8x,O-C6-K2-X8x,Pusat
O-C6-K2-X9x,O-C6-K2-X9x,Pusat
O-C6-K3-X10x,O-C6-K3-X10x,Pusat
O-C6-K3-X11x,O-C6-K3-X11x,Pusat
O-C6-K3-X12x,O-C6-K3-X12x,Pusat
O-C6-K3-X13x,O-C6-K3-X13x,Pusat
O-C6-K3-X14x,O-C6-K3-X14x,Pusat
O-C6-K3-X15x,O-C6-K3-X15x,Pusat
O-C6-K3-X16x,O-C6-K3-X16x,Pusat
O-C6-K3-X17x,O-C6-K3-X17x,Pusat
O-C6-K3-X18x,O-C6-K3-X18x,Pusat
O-C6-K3-X19x,O-C6-K3-X19x,Pusat
O-C6-K3-X1x,O-C6-K3-X1x,Pusat
O-C6-K3-X20x,O-C6-K3-X20x,Pusat
O-C6-K3-X21x,O-C6-K3-X21x,Pusat
O-C6-K3-X22x,O-C6-K3-X22x,Pusat
O-C6-K3-X23x,O-C6-K3-X23x,Pusat
O-C6-K3-X24x,O-C6-K3-X24x,Pusat
O-C6-K3-X25x,O-C6-K3-X25x,Pusat
O-C6-K3-X26x,O-C6-K3-X26x,Pusat
O-C6-K3-X27x,O-C6-K3-X27x,Pusat
O-C6-K3-X28x,O-C6-K3-X28x,Pusat
O-C6-K3-X29x,O-C6-K3-X29x,Pusat
O-C6-K3-X2x,O-C6-K3-X2x,Pusat
O-C6-K3-X30x,O-C6-K3-X30x,Pusat
O-C6-K3-X3x,O-C6-K3-X3x,Pusat
O-C6-K3-X4x,O-C6-K3-X4x,Pusat
O-C6-K3-X5x,O-C6-K3-X5x,Pusat
O-C6-K3-X6x,O-C6-K3-X6x,Pusat
O-C6-K3-X7x,O-C6-K3-X7x,Pusat
O-C6-K3-X8x,O-C6-K3-X8x,Pusat
O-C6-K3-X9x,O-C6-K3-X9x,Pusat
O-C6-K4-X10x,O-C6-K4-X10x,Pusat
O-C6-K4-X11x,O-C6-K4-X11x,Pusat
O-C6-K4-X12x,O-C6-K4-X12x,Pusat
O-C6-K4-X13x,O-C6-K4-X13x,Pusat
O-C6-K4-X14x,O-C6-K4-X14x,Pusat
O-C6-K4-X15x,O-C6-K4-X15x,Pusat
O-C6-K4-X16x,O-C6-K4-X16x,Pusat
O-C6-K4-X17x,O-C6-K4-X17x,Pusat
O-C6-K4-X18x,O-C6-K4-X18x,Pusat
O-C6-K4-X19x,O-C6-K4-X19x,Pusat
O-C6-K4-X1x,O-C6-K4-X1x,Pusat
O-C6-K4-X20x,O-C6-K4-X20x,Pusat
O-C6-K4-X21x,O-C6-K4-X21x,Pusat
O-C6-K4-X22x,O-C6-K4-X22x,Pusat
O-C6-K4-X23x,O-C6-K4-X23x,Pusat
O-C6-K4-X24x,O-C6-K4-X24x,Pusat
O-C6-K4-X25x,O-C6-K4-X25x,Pusat
O-C6-K4-X26x,O-C6-K4-X26x,Pusat
O-C6-K4-X27x,O-C6-K4-X27x,Pusat
O-C6-K4-X28x,O-C6-K4-X28x,Pusat
O-C6-K4-X29x,O-C6-K4-X29x,Pusat
O-C6-K4-X2x,O-C6-K4-X2x,Pusat
O-C6-K4-X30x,O-C6-K4-X30x,Pusat
O-C6-K4-X3x,O-C6-K4-X3x,Pusat
O-C6-K4-X4x,O-C6-K4-X4x,Pusat
O-C6-K4-X5x,O-C6-K4-X5x,Pusat
O-C6-K4-X6x,O-C6-K4-X6x,Pusat
O-C6-K4-X7x,O-C6-K4-X7x,Pusat
O-C6-K4-X8x,O-C6-K4-X8x,Pusat
O-C6-K4-X9x,O-C6-K4-X9x,Pusat
O-C6-K5-X10x,O-C6-K5-X10x,Pusat
O-C6-K5-X11x,O-C6-K5-X11x,Pusat
O-C6-K5-X12x,O-C6-K5-X12x,Pusat
O-C6-K5-X13x,O-C6-K5-X13x,Pusat
O-C6-K5-X14x,O-C6-K5-X14x,Pusat
O-C6-K5-X15x,O-C6-K5-X15x,Pusat
O-C6-K5-X16x,O-C6-K5-X16x,Pusat
O-C6-K5-X17x,O-C6-K5-X17x,Pusat
O-C6-K5-X18x,O-C6-K5-X18x,Pusat
O-C6-K5-X19x,O-C6-K5-X19x,Pusat
O-C6-K5-X1x,O-C6-K5-X1x,Pusat
O-C6-K5-X20x,O-C6-K5-X20x,Pusat
O-C6-K5-X21x,O-C6-K5-X21x,Pusat
O-C6-K5-X22x,O-C6-K5-X22x,Pusat
O-C6-K5-X23x,O-C6-K5-X23x,Pusat
O-C6-K5-X24x,O-C6-K5-X24x,Pusat
O-C6-K5-X25x,O-C6-K5-X25x,Pusat
O-C6-K5-X26x,O-C6-K5-X26x,Pusat
O-C6-K5-X27x,O-C6-K5-X27x,Pusat
O-C6-K5-X28x,O-C6-K5-X28x,Pusat
O-C6-K5-X29x,O-C6-K5-X29x,Pusat
O-C6-K5-X2x,O-C6-K5-X2x,Pusat
O-C6-K5-X30x,O-C6-K5-X30x,Pusat
O-C6-K5-X3x,O-C6-K5-X3x,Pusat
O-C6-K5-X4x,O-C6-K5-X4x,Pusat
O-C6-K5-X5x,O-C6-K5-X5x,Pusat
O-C6-K5-X6x,O-C6-K5-X6x,Pusat
O-C6-K5-X7x,O-C6-K5-X7x,Pusat
O-C6-K5-X8x,O-C6-K5-X8x,Pusat
O-C6-K5-X9x,O-C6-K5-X9x,Pusat
O-C6-K6-X10x,O-C6-K6-X10x,Pusat
O-C6-K6-X11x,O-C6-K6-X11x,Pusat
O-C6-K6-X12x,O-C6-K6-X12x,Pusat
O-C6-K6-X13x,O-C6-K6-X13x,Pusat
O-C6-K6-X14x,O-C6-K6-X14x,Pusat
O-C6-K6-X15x,O-C6-K6-X15x,Pusat
O-C6-K6-X16x,O-C6-K6-X16x,Pusat
O-C6-K6-X17x,O-C6-K6-X17x,Pusat
O-C6-K6-X18x,O-C6-K6-X18x,Pusat
O-C6-K6-X19x,O-C6-K6-X19x,Pusat
O-C6-K6-X1x,O-C6-K6-X1x,Pusat
O-C6-K6-X20x,O-C6-K6-X20x,Pusat
O-C6-K6-X21x,O-C6-K6-X21x,Pusat
O-C6-K6-X22x,O-C6-K6-X22x,Pusat
O-C6-K6-X23x,O-C6-K6-X23x,Pusat
O-C6-K6-X24x,O-C6-K6-X24x,Pusat
O-C6-K6-X25x,O-C6-K6-X25x,Pusat
O-C6-K6-X26x,O-C6-K6-X26x,Pusat
O-C6-K6-X27x,O-C6-K6-X27x,Pusat
O-C6-K6-X28x,O-C6-K6-X28x,Pusat
O-C6-K6-X29x,O-C6-K6-X29x,Pusat
O-C6-K6-X2x,O-C6-K6-X2x,Pusat
O-C6-K6-X30x,O-C6-K6-X30x,Pusat
O-C6-K6-X3x,O-C6-K6-X3x,Pusat
O-C6-K6-X4x,O-C6-K6-X4x,Pusat
O-C6-K6-X5x,O-C6-K6-X5x,Pusat
O-C6-K6-X6x,O-C6-K6-X6x,Pusat
O-C6-K6-X7x,O-C6-K6-X7x,Pusat
O-C6-K6-X8x,O-C6-K6-X8x,Pusat
O-C6-K6-X9x,O-C6-K6-X9x,Pusat
O-C6-K7-X10x,O-C6-K7-X10x,Pusat
O-C6-K7-X11x,O-C6-K7-X11x,Pusat
O-C6-K7-X12x,O-C6-K7-X12x,Pusat
O-C6-K7-X13x,O-C6-K7-X13x,Pusat
O-C6-K7-X14x,O-C6-K7-X14x,Pusat
O-C6-K7-X15x,O-C6-K7-X15x,Pusat
O-C6-K7-X16x,O-C6-K7-X16x,Pusat
O-C6-K7-X17x,O-C6-K7-X17x,Pusat
O-C6-K7-X18x,O-C6-K7-X18x,Pusat
O-C6-K7-X19x,O-C6-K7-X19x,Pusat
O-C6-K7-X1x,O-C6-K7-X1x,Pusat
O-C6-K7-X20x,O-C6-K7-X20x,Pusat
O-C6-K7-X21x,O-C6-K7-X21x,Pusat
O-C6-K7-X22x,O-C6-K7-X22x,Pusat
O-C6-K7-X23x,O-C6-K7-X23x,Pusat
O-C6-K7-X24x,O-C6-K7-X24x,Pusat
O-C6-K7-X25x,O-C6-K7-X25x,Pusat
O-C6-K7-X26x,O-C6-K7-X26x,Pusat
O-C6-K7-X27x,O-C6-K7-X27x,Pusat
O-C6-K7-X28x,O-C6-K7-X28x,Pusat
O-C6-K7-X29x,O-C6-K7-X29x,Pusat
O-C6-K7-X2x,O-C6-K7-X2x,Pusat
O-C6-K7-X30x,O-C6-K7-X30x,Pusat
O-C6-K7-X3x,O-C6-K7-X3x,Pusat
O-C6-K7-X4x,O-C6-K7-X4x,Pusat
O-C6-K7-X5x,O-C6-K7-X5x,Pusat
O-C6-K7-X6x,O-C6-K7-X6x,Pusat
O-C6-K7-X7x,O-C6-K7-X7x,Pusat
O-C6-K7-X8x,O-C6-K7-X8x,Pusat
O-C6-K7-X9x,O-C6-K7-X9x,Pusat
O-C7-K1-X10x,O-C7-K1-X10x,Pusat
O-C7-K1-X11x,O-C7-K1-X11x,Pusat
O-C7-K1-X12x,O-C7-K1-X12x,Pusat
O-C7-K1-X13x,O-C7-K1-X13x,Pusat
O-C7-K1-X14x,O-C7-K1-X14x,Pusat
O-C7-K1-X15x,O-C7-K1-X15x,Pusat
O-C7-K1-X16x,O-C7-K1-X16x,Pusat
O-C7-K1-X17x,O-C7-K1-X17x,Pusat
O-C7-K1-X18x,O-C7-K1-X18x,Pusat
O-C7-K1-X19x,O-C7-K1-X19x,Pusat
O-C7-K1-X1x,O-C7-K1-X1x,Pusat
O-C7-K1-X20x,O-C7-K1-X20x,Pusat
O-C7-K1-X21x,O-C7-K1-X21x,Pusat
O-C7-K1-X22x,O-C7-K1-X22x,Pusat
O-C7-K1-X23x,O-C7-K1-X23x,Pusat
O-C7-K1-X24x,O-C7-K1-X24x,Pusat
O-C7-K1-X25x,O-C7-K1-X25x,Pusat
O-C7-K1-X26x,O-C7-K1-X26x,Pusat
O-C7-K1-X27x,O-C7-K1-X27x,Pusat
O-C7-K1-X28x,O-C7-K1-X28x,Pusat
O-C7-K1-X29x,O-C7-K1-X29x,Pusat
O-C7-K1-X2x,O-C7-K1-X2x,Pusat
O-C7-K1-X30x,O-C7-K1-X30x,Pusat
O-C7-K1-X3x,O-C7-K1-X3x,Pusat
O-C7-K1-X4x,O-C7-K1-X4x,Pusat
O-C7-K1-X5x,O-C7-K1-X5x,Pusat
O-C7-K1-X6x,O-C7-K1-X6x,Pusat
O-C7-K1-X7x,O-C7-K1-X7x,Pusat
O-C7-K1-X8x,O-C7-K1-X8x,Pusat
O-C7-K1-X9x,O-C7-K1-X9x,Pusat
O-C7-K2-X10x,O-C7-K2-X10x,Pusat
O-C7-K2-X11x,O-C7-K2-X11x,Pusat
O-C7-K2-X12x,O-C7-K2-X12x,Pusat
O-C7-K2-X13x,O-C7-K2-X13x,Pusat
O-C7-K2-X14x,O-C7-K2-X14x,Pusat
O-C7-K2-X15x,O-C7-K2-X15x,Pusat
O-C7-K2-X16x,O-C7-K2-X16x,Pusat
O-C7-K2-X17x,O-C7-K2-X17x,Pusat
O-C7-K2-X18x,O-C7-K2-X18x,Pusat
O-C7-K2-X19x,O-C7-K2-X19x,Pusat
O-C7-K2-X1x,O-C7-K2-X1x,Pusat
O-C7-K2-X20x,O-C7-K2-X20x,Pusat
O-C7-K2-X21x,O-C7-K2-X21x,Pusat
O-C7-K2-X22x,O-C7-K2-X22x,Pusat
O-C7-K2-X23x,O-C7-K2-X23x,Pusat
O-C7-K2-X24x,O-C7-K2-X24x,Pusat
O-C7-K2-X25x,O-C7-K2-X25x,Pusat
O-C7-K2-X26x,O-C7-K2-X26x,Pusat
O-C7-K2-X27x,O-C7-K2-X27x,Pusat
O-C7-K2-X28x,O-C7-K2-X28x,Pusat
O-C7-K2-X29x,O-C7-K2-X29x,Pusat
O-C7-K2-X2x,O-C7-K2-X2x,Pusat
O-C7-K2-X30x,O-C7-K2-X30x,Pusat
O-C7-K2-X3x,O-C7-K2-X3x,Pusat
O-C7-K2-X4x,O-C7-K2-X4x,Pusat
O-C7-K2-X5x,O-C7-K2-X5x,Pusat
O-C7-K2-X6x,O-C7-K2-X6x,Pusat
O-C7-K2-X7x,O-C7-K2-X7x,Pusat
O-C7-K2-X8x,O-C7-K2-X8x,Pusat
O-C7-K2-X9x,O-C7-K2-X9x,Pusat
O-C7-K3-X10x,O-C7-K3-X10x,Pusat
O-C7-K3-X11x,O-C7-K3-X11x,Pusat
O-C7-K3-X12x,O-C7-K3-X12x,Pusat
O-C7-K3-X13x,O-C7-K3-X13x,Pusat
O-C7-K3-X14x,O-C7-K3-X14x,Pusat
O-C7-K3-X15x,O-C7-K3-X15x,Pusat
O-C7-K3-X16x,O-C7-K3-X16x,Pusat
O-C7-K3-X17x,O-C7-K3-X17x,Pusat
O-C7-K3-X18x,O-C7-K3-X18x,Pusat
O-C7-K3-X19x,O-C7-K3-X19x,Pusat
O-C7-K3-X1x,O-C7-K3-X1x,Pusat
O-C7-K3-X20x,O-C7-K3-X20x,Pusat
O-C7-K3-X21x,O-C7-K3-X21x,Pusat
O-C7-K3-X22x,O-C7-K3-X22x,Pusat
O-C7-K3-X23x,O-C7-K3-X23x,Pusat
O-C7-K3-X24x,O-C7-K3-X24x,Pusat
O-C7-K3-X25x,O-C7-K3-X25x,Pusat
O-C7-K3-X26x,O-C7-K3-X26x,Pusat
O-C7-K3-X27x,O-C7-K3-X27x,Pusat
O-C7-K3-X28x,O-C7-K3-X28x,Pusat
O-C7-K3-X29x,O-C7-K3-X29x,Pusat
O-C7-K3-X2x,O-C7-K3-X2x,Pusat
O-C7-K3-X30x,O-C7-K3-X30x,Pusat
O-C7-K3-X3x,O-C7-K3-X3x,Pusat
O-C7-K3-X4x,O-C7-K3-X4x,Pusat
O-C7-K3-X5x,O-C7-K3-X5x,Pusat
O-C7-K3-X6x,O-C7-K3-X6x,Pusat
O-C7-K3-X7x,O-C7-K3-X7x,Pusat
O-C7-K3-X8x,O-C7-K3-X8x,Pusat
O-C7-K3-X9x,O-C7-K3-X9x,Pusat
O-C7-K4-X10x,O-C7-K4-X10x,Pusat
O-C7-K4-X11x,O-C7-K4-X11x,Pusat
O-C7-K4-X12x,O-C7-K4-X12x,Pusat
O-C7-K4-X13x,O-C7-K4-X13x,Pusat
O-C7-K4-X14x,O-C7-K4-X14x,Pusat
O-C7-K4-X15x,O-C7-K4-X15x,Pusat
O-C7-K4-X16x,O-C7-K4-X16x,Pusat
O-C7-K4-X17x,O-C7-K4-X17x,Pusat
O-C7-K4-X18x,O-C7-K4-X18x,Pusat
O-C7-K4-X19x,O-C7-K4-X19x,Pusat
O-C7-K4-X1x,O-C7-K4-X1x,Pusat
O-C7-K4-X20x,O-C7-K4-X20x,Pusat
O-C7-K4-X21x,O-C7-K4-X21x,Pusat
O-C7-K4-X22x,O-C7-K4-X22x,Pusat
O-C7-K4-X23x,O-C7-K4-X23x,Pusat
O-C7-K4-X24x,O-C7-K4-X24x,Pusat
O-C7-K4-X25x,O-C7-K4-X25x,Pusat
O-C7-K4-X26x,O-C7-K4-X26x,Pusat
O-C7-K4-X27x,O-C7-K4-X27x,Pusat
O-C7-K4-X28x,O-C7-K4-X28x,Pusat
O-C7-K4-X29x,O-C7-K4-X29x,Pusat
O-C7-K4-X2x,O-C7-K4-X2x,Pusat
O-C7-K4-X30x,O-C7-K4-X30x,Pusat
O-C7-K4-X3x,O-C7-K4-X3x,Pusat
O-C7-K4-X4x,O-C7-K4-X4x,Pusat
O-C7-K4-X5x,O-C7-K4-X5x,Pusat
O-C7-K4-X6x,O-C7-K4-X6x,Pusat
O-C7-K4-X7x,O-C7-K4-X7x,Pusat
O-C7-K4-X8x,O-C7-K4-X8x,Pusat
O-C7-K4-X9x,O-C7-K4-X9x,Pusat
O-C7-K5-X10x,O-C7-K5-X10x,Pusat
O-C7-K5-X11x,O-C7-K5-X11x,Pusat
O-C7-K5-X12x,O-C7-K5-X12x,Pusat
O-C7-K5-X13x,O-C7-K5-X13x,Pusat
O-C7-K5-X14x,O-C7-K5-X14x,Pusat
O-C7-K5-X15x,O-C7-K5-X15x,Pusat
O-C7-K5-X16x,O-C7-K5-X16x,Pusat
O-C7-K5-X17x,O-C7-K5-X17x,Pusat
O-C7-K5-X18x,O-C7-K5-X18x,Pusat
O-C7-K5-X19x,O-C7-K5-X19x,Pusat
O-C7-K5-X1x,O-C7-K5-X1x,Pusat
O-C7-K5-X20x,O-C7-K5-X20x,Pusat
O-C7-K5-X21x,O-C7-K5-X21x,Pusat
O-C7-K5-X22x,O-C7-K5-X22x,Pusat
O-C7-K5-X23x,O-C7-K5-X23x,Pusat
O-C7-K5-X24x,O-C7-K5-X24x,Pusat
O-C7-K5-X25x,O-C7-K5-X25x,Pusat
O-C7-K5-X26x,O-C7-K5-X26x,Pusat
O-C7-K5-X27x,O-C7-K5-X27x,Pusat
O-C7-K5-X28x,O-C7-K5-X28x,Pusat
O-C7-K5-X29x,O-C7-K5-X29x,Pusat
O-C7-K5-X2x,O-C7-K5-X2x,Pusat
O-C7-K5-X30x,O-C7-K5-X30x,Pusat
O-C7-K5-X3x,O-C7-K5-X3x,Pusat
O-C7-K5-X4x,O-C7-K5-X4x,Pusat
O-C7-K5-X5x,O-C7-K5-X5x,Pusat
O-C7-K5-X6x,O-C7-K5-X6x,Pusat
O-C7-K5-X7x,O-C7-K5-X7x,Pusat
O-C7-K5-X8x,O-C7-K5-X8x,Pusat
O-C7-K5-X9x,O-C7-K5-X9x,Pusat
O-C7-K6-X10x,O-C7-K6-X10x,Pusat
O-C7-K6-X11x,O-C7-K6-X11x,Pusat
O-C7-K6-X12x,O-C7-K6-X12x,Pusat
O-C7-K6-X13x,O-C7-K6-X13x,Pusat
O-C7-K6-X14x,O-C7-K6-X14x,Pusat
O-C7-K6-X15x,O-C7-K6-X15x,Pusat
O-C7-K6-X16x,O-C7-K6-X16x,Pusat
O-C7-K6-X17x,O-C7-K6-X17x,Pusat
O-C7-K6-X18x,O-C7-K6-X18x,Pusat
O-C7-K6-X19x,O-C7-K6-X19x,Pusat
O-C7-K6-X1x,O-C7-K6-X1x,Pusat
O-C7-K6-X20x,O-C7-K6-X20x,Pusat
O-C7-K6-X21x,O-C7-K6-X21x,Pusat
O-C7-K6-X22x,O-C7-K6-X22x,Pusat
O-C7-K6-X23x,O-C7-K6-X23x,Pusat
O-C7-K6-X24x,O-C7-K6-X24x,Pusat
O-C7-K6-X25x,O-C7-K6-X25x,Pusat
O-C7-K6-X26x,O-C7-K6-X26x,Pusat
O-C7-K6-X27x,O-C7-K6-X27x,Pusat
O-C7-K6-X28x,O-C7-K6-X28x,Pusat
O-C7-K6-X29x,O-C7-K6-X29x,Pusat
O-C7-K6-X2x,O-C7-K6-X2x,Pusat
O-C7-K6-X30x,O-C7-K6-X30x,Pusat
O-C7-K6-X3x,O-C7-K6-X3x,Pusat
O-C7-K6-X4x,O-C7-K6-X4x,Pusat
O-C7-K6-X5x,O-C7-K6-X5x,Pusat
O-C7-K6-X6x,O-C7-K6-X6x,Pusat
O-C7-K6-X7x,O-C7-K6-X7x,Pusat
O-C7-K6-X8x,O-C7-K6-X8x,Pusat
O-C7-K6-X9x,O-C7-K6-X9x,Pusat
O-C7-K7-X10x,O-C7-K7-X10x,Pusat
O-C7-K7-X11x,O-C7-K7-X11x,Pusat
O-C7-K7-X12x,O-C7-K7-X12x,Pusat
O-C7-K7-X13x,O-C7-K7-X13x,Pusat
O-C7-K7-X14x,O-C7-K7-X14x,Pusat
O-C7-K7-X15x,O-C7-K7-X15x,Pusat
O-C7-K7-X16x,O-C7-K7-X16x,Pusat
O-C7-K7-X17x,O-C7-K7-X17x,Pusat
O-C7-K7-X18x,O-C7-K7-X18x,Pusat
O-C7-K7-X19x,O-C7-K7-X19x,Pusat
O-C7-K7-X1x,O-C7-K7-X1x,Pusat
O-C7-K7-X20x,O-C7-K7-X20x,Pusat
O-C7-K7-X21x,O-C7-K7-X21x,Pusat
O-C7-K7-X22x,O-C7-K7-X22x,Pusat
O-C7-K7-X23x,O-C7-K7-X23x,Pusat
O-C7-K7-X24x,O-C7-K7-X24x,Pusat
O-C7-K7-X25x,O-C7-K7-X25x,Pusat
O-C7-K7-X26x,O-C7-K7-X26x,Pusat
O-C7-K7-X27x,O-C7-K7-X27x,Pusat
O-C7-K7-X28x,O-C7-K7-X28x,Pusat
O-C7-K7-X29x,O-C7-K7-X29x,Pusat
O-C7-K7-X2x,O-C7-K7-X2x,Pusat
O-C7-K7-X30x,O-C7-K7-X30x,Pusat
O-C7-K7-X3x,O-C7-K7-X3x,Pusat
O-C7-K7-X4x,O-C7-K7-X4x,Pusat
O-C7-K7-X5x,O-C7-K7-X5x,Pusat
O-C7-K7-X6x,O-C7-K7-X6x,Pusat
O-C7-K7-X7x,O-C7-K7-X7x,Pusat
O-C7-K7-X8x,O-C7-K7-X8x,Pusat
O-C7-K7-X9x,O-C7-K7-X9x,Pusat
O-C8-K1-X10x,O-C8-K1-X10x,Pusat
O-C8-K1-X11x,O-C8-K1-X11x,Pusat
O-C8-K1-X12x,O-C8-K1-X12x,Pusat
O-C8-K1-X13x,O-C8-K1-X13x,Pusat
O-C8-K1-X14x,O-C8-K1-X14x,Pusat
O-C8-K1-X15x,O-C8-K1-X15x,Pusat
O-C8-K1-X16x,O-C8-K1-X16x,Pusat
O-C8-K1-X17x,O-C8-K1-X17x,Pusat
O-C8-K1-X18x,O-C8-K1-X18x,Pusat
O-C8-K1-X19x,O-C8-K1-X19x,Pusat
O-C8-K1-X1x,O-C8-K1-X1x,Pusat
O-C8-K1-X20x,O-C8-K1-X20x,Pusat
O-C8-K1-X21x,O-C8-K1-X21x,Pusat
O-C8-K1-X22x,O-C8-K1-X22x,Pusat
O-C8-K1-X23x,O-C8-K1-X23x,Pusat
O-C8-K1-X24x,O-C8-K1-X24x,Pusat
O-C8-K1-X25x,O-C8-K1-X25x,Pusat
O-C8-K1-X26x,O-C8-K1-X26x,Pusat
O-C8-K1-X27x,O-C8-K1-X27x,Pusat
O-C8-K1-X28x,O-C8-K1-X28x,Pusat
O-C8-K1-X29x,O-C8-K1-X29x,Pusat
O-C8-K1-X2x,O-C8-K1-X2x,Pusat
O-C8-K1-X30x,O-C8-K1-X30x,Pusat
O-C8-K1-X3x,O-C8-K1-X3x,Pusat
O-C8-K1-X4x,O-C8-K1-X4x,Pusat
O-C8-K1-X5x,O-C8-K1-X5x,Pusat
O-C8-K1-X6x,O-C8-K1-X6x,Pusat
O-C8-K1-X7x,O-C8-K1-X7x,Pusat
O-C8-K1-X8x,O-C8-K1-X8x,Pusat
O-C8-K1-X9x,O-C8-K1-X9x,Pusat
O-C8-K2-X10x,O-C8-K2-X10x,Pusat
O-C8-K2-X11x,O-C8-K2-X11x,Pusat
O-C8-K2-X12x,O-C8-K2-X12x,Pusat
O-C8-K2-X13x,O-C8-K2-X13x,Pusat
O-C8-K2-X14x,O-C8-K2-X14x,Pusat
O-C8-K2-X15x,O-C8-K2-X15x,Pusat
O-C8-K2-X16x,O-C8-K2-X16x,Pusat
O-C8-K2-X17x,O-C8-K2-X17x,Pusat
O-C8-K2-X18x,O-C8-K2-X18x,Pusat
O-C8-K2-X19x,O-C8-K2-X19x,Pusat
O-C8-K2-X1x,O-C8-K2-X1x,Pusat
O-C8-K2-X20x,O-C8-K2-X20x,Pusat
O-C8-K2-X21x,O-C8-K2-X21x,Pusat
O-C8-K2-X22x,O-C8-K2-X22x,Pusat
O-C8-K2-X23x,O-C8-K2-X23x,Pusat
O-C8-K2-X24x,O-C8-K2-X24x,Pusat
O-C8-K2-X25x,O-C8-K2-X25x,Pusat
O-C8-K2-X26x,O-C8-K2-X26x,Pusat
O-C8-K2-X27x,O-C8-K2-X27x,Pusat
O-C8-K2-X28x,O-C8-K2-X28x,Pusat
O-C8-K2-X29x,O-C8-K2-X29x,Pusat
O-C8-K2-X2x,O-C8-K2-X2x,Pusat
O-C8-K2-X30x,O-C8-K2-X30x,Pusat
O-C8-K2-X3x,O-C8-K2-X3x,Pusat
O-C8-K2-X4x,O-C8-K2-X4x,Pusat
O-C8-K2-X5x,O-C8-K2-X5x,Pusat
O-C8-K2-X6x,O-C8-K2-X6x,Pusat
O-C8-K2-X7x,O-C8-K2-X7x,Pusat
O-C8-K2-X8x,O-C8-K2-X8x,Pusat
O-C8-K2-X9x,O-C8-K2-X9x,Pusat
O-C8-K3-X10x,O-C8-K3-X10x,Pusat
O-C8-K3-X11x,O-C8-K3-X11x,Pusat
O-C8-K3-X12x,O-C8-K3-X12x,Pusat
O-C8-K3-X13x,O-C8-K3-X13x,Pusat
O-C8-K3-X14x,O-C8-K3-X14x,Pusat
O-C8-K3-X15x,O-C8-K3-X15x,Pusat
O-C8-K3-X16x,O-C8-K3-X16x,Pusat
O-C8-K3-X17x,O-C8-K3-X17x,Pusat
O-C8-K3-X18x,O-C8-K3-X18x,Pusat
O-C8-K3-X19x,O-C8-K3-X19x,Pusat
O-C8-K3-X1x,O-C8-K3-X1x,Pusat
O-C8-K3-X20x,O-C8-K3-X20x,Pusat
O-C8-K3-X21x,O-C8-K3-X21x,Pusat
O-C8-K3-X22x,O-C8-K3-X22x,Pusat
O-C8-K3-X23x,O-C8-K3-X23x,Pusat
O-C8-K3-X24x,O-C8-K3-X24x,Pusat
O-C8-K3-X25x,O-C8-K3-X25x,Pusat
O-C8-K3-X26x,O-C8-K3-X26x,Pusat
O-C8-K3-X27x,O-C8-K3-X27x,Pusat
O-C8-K3-X28x,O-C8-K3-X28x,Pusat
O-C8-K3-X29x,O-C8-K3-X29x,Pusat
O-C8-K3-X2x,O-C8-K3-X2x,Pusat
O-C8-K3-X30x,O-C8-K3-X30x,Pusat
O-C8-K3-X3x,O-C8-K3-X3x,Pusat
O-C8-K3-X4x,O-C8-K3-X4x,Pusat
O-C8-K3-X5x,O-C8-K3-X5x,Pusat
O-C8-K3-X6x,O-C8-K3-X6x,Pusat
O-C8-K3-X7x,O-C8-K3-X7x,Pusat
O-C8-K3-X8x,O-C8-K3-X8x,Pusat
O-C8-K3-X9x,O-C8-K3-X9x,Pusat
O-C8-K4-X10x,O-C8-K4-X10x,Pusat
O-C8-K4-X11x,O-C8-K4-X11x,Pusat
O-C8-K4-X12x,O-C8-K4-X12x,Pusat
O-C8-K4-X13x,O-C8-K4-X13x,Pusat
O-C8-K4-X14x,O-C8-K4-X14x,Pusat
O-C8-K4-X15x,O-C8-K4-X15x,Pusat
O-C8-K4-X16x,O-C8-K4-X16x,Pusat
O-C8-K4-X17x,O-C8-K4-X17x,Pusat
O-C8-K4-X18x,O-C8-K4-X18x,Pusat
O-C8-K4-X19x,O-C8-K4-X19x,Pusat
O-C8-K4-X1x,O-C8-K4-X1x,Pusat
O-C8-K4-X20x,O-C8-K4-X20x,Pusat
O-C8-K4-X21x,O-C8-K4-X21x,Pusat
O-C8-K4-X22x,O-C8-K4-X22x,Pusat
O-C8-K4-X23x,O-C8-K4-X23x,Pusat
O-C8-K4-X24x,O-C8-K4-X24x,Pusat
O-C8-K4-X25x,O-C8-K4-X25x,Pusat
O-C8-K4-X26x,O-C8-K4-X26x,Pusat
O-C8-K4-X27x,O-C8-K4-X27x,Pusat
O-C8-K4-X28x,O-C8-K4-X28x,Pusat
O-C8-K4-X29x,O-C8-K4-X29x,Pusat
O-C8-K4-X2x,O-C8-K4-X2x,Pusat
O-C8-K4-X30x,O-C8-K4-X30x,Pusat
O-C8-K4-X3x,O-C8-K4-X3x,Pusat
O-C8-K4-X4x,O-C8-K4-X4x,Pusat
O-C8-K4-X5x,O-C8-K4-X5x,Pusat
O-C8-K4-X6x,O-C8-K4-X6x,Pusat
O-C8-K4-X7x,O-C8-K4-X7x,Pusat
O-C8-K4-X8x,O-C8-K4-X8x,Pusat
O-C8-K4-X9x,O-C8-K4-X9x,Pusat
O-C8-K5-X10x,O-C8-K5-X10x,Pusat
O-C8-K5-X11x,O-C8-K5-X11x,Pusat
O-C8-K5-X12x,O-C8-K5-X12x,Pusat
O-C8-K5-X13x,O-C8-K5-X13x,Pusat
O-C8-K5-X14x,O-C8-K5-X14x,Pusat
O-C8-K5-X15x,O-C8-K5-X15x,Pusat
O-C8-K5-X16x,O-C8-K5-X16x,Pusat
O-C8-K5-X17x,O-C8-K5-X17x,Pusat
O-C8-K5-X18x,O-C8-K5-X18x,Pusat
O-C8-K5-X19x,O-C8-K5-X19x,Pusat
O-C8-K5-X1x,O-C8-K5-X1x,Pusat
O-C8-K5-X20x,O-C8-K5-X20x,Pusat
O-C8-K5-X21x,O-C8-K5-X21x,Pusat
O-C8-K5-X22x,O-C8-K5-X22x,Pusat
O-C8-K5-X23x,O-C8-K5-X23x,Pusat
O-C8-K5-X24x,O-C8-K5-X24x,Pusat
O-C8-K5-X25x,O-C8-K5-X25x,Pusat
O-C8-K5-X26x,O-C8-K5-X26x,Pusat
O-C8-K5-X27x,O-C8-K5-X27x,Pusat
O-C8-K5-X28x,O-C8-K5-X28x,Pusat
O-C8-K5-X29x,O-C8-K5-X29x,Pusat
O-C8-K5-X2x,O-C8-K5-X2x,Pusat
O-C8-K5-X30x,O-C8-K5-X30x,Pusat
O-C8-K5-X3x,O-C8-K5-X3x,Pusat
O-C8-K5-X4x,O-C8-K5-X4x,Pusat
O-C8-K5-X5x,O-C8-K5-X5x,Pusat
O-C8-K5-X6x,O-C8-K5-X6x,Pusat
O-C8-K5-X7x,O-C8-K5-X7x,Pusat
O-C8-K5-X8x,O-C8-K5-X8x,Pusat
O-C8-K5-X9x,O-C8-K5-X9x,Pusat
O-C8-K6-X10x,O-C8-K6-X10x,Pusat
O-C8-K6-X11x,O-C8-K6-X11x,Pusat
O-C8-K6-X12x,O-C8-K6-X12x,Pusat
O-C8-K6-X13x,O-C8-K6-X13x,Pusat
O-C8-K6-X14x,O-C8-K6-X14x,Pusat
O-C8-K6-X15x,O-C8-K6-X15x,Pusat
O-C8-K6-X16x,O-C8-K6-X16x,Pusat
O-C8-K6-X17x,O-C8-K6-X17x,Pusat
O-C8-K6-X18x,O-C8-K6-X18x,Pusat
O-C8-K6-X19x,O-C8-K6-X19x,Pusat
O-C8-K6-X1x,O-C8-K6-X1x,Pusat
O-C8-K6-X20x,O-C8-K6-X20x,Pusat
O-C8-K6-X21x,O-C8-K6-X21x,Pusat
O-C8-K6-X22x,O-C8-K6-X22x,Pusat
O-C8-K6-X23x,O-C8-K6-X23x,Pusat
O-C8-K6-X24x,O-C8-K6-X24x,Pusat
O-C8-K6-X25x,O-C8-K6-X25x,Pusat
O-C8-K6-X26x,O-C8-K6-X26x,Pusat
O-C8-K6-X27x,O-C8-K6-X27x,Pusat
O-C8-K6-X28x,O-C8-K6-X28x,Pusat
O-C8-K6-X29x,O-C8-K6-X29x,Pusat
O-C8-K6-X2x,O-C8-K6-X2x,Pusat
O-C8-K6-X30x,O-C8-K6-X30x,Pusat
O-C8-K6-X3x,O-C8-K6-X3x,Pusat
O-C8-K6-X4x,O-C8-K6-X4x,Pusat
O-C8-K6-X5x,O-C8-K6-X5x,Pusat
O-C8-K6-X6x,O-C8-K6-X6x,Pusat
O-C8-K6-X7x,O-C8-K6-X7x,Pusat
O-C8-K6-X8x,O-C8-K6-X8x,Pusat
O-C8-K6-X9x,O-C8-K6-X9x,Pusat
O-C8-K7-X10x,O-C8-K7-X10x,Pusat
O-C8-K7-X11x,O-C8-K7-X11x,Pusat
O-C8-K7-X12x,O-C8-K7-X12x,Pusat
O-C8-K7-X13x,O-C8-K7-X13x,Pusat
O-C8-K7-X14x,O-C8-K7-X14x,Pusat
O-C8-K7-X15x,O-C8-K7-X15x,Pusat
O-C8-K7-X16x,O-C8-K7-X16x,Pusat
O-C8-K7-X17x,O-C8-K7-X17x,Pusat
O-C8-K7-X18x,O-C8-K7-X18x,Pusat
O-C8-K7-X19x,O-C8-K7-X19x,Pusat
O-C8-K7-X1x,O-C8-K7-X1x,Pusat
O-C8-K7-X20x,O-C8-K7-X20x,Pusat
O-C8-K7-X21x,O-C8-K7-X21x,Pusat
O-C8-K7-X22x,O-C8-K7-X22x,Pusat
O-C8-K7-X23x,O-C8-K7-X23x,Pusat
O-C8-K7-X24x,O-C8-K7-X24x,Pusat
O-C8-K7-X25x,O-C8-K7-X25x,Pusat
O-C8-K7-X26x,O-C8-K7-X26x,Pusat
O-C8-K7-X27x,O-C8-K7-X27x,Pusat
O-C8-K7-X28x,O-C8-K7-X28x,Pusat
O-C8-K7-X29x,O-C8-K7-X29x,Pusat
O-C8-K7-X2x,O-C8-K7-X2x,Pusat
O-C8-K7-X30x,O-C8-K7-X30x,Pusat
O-C8-K7-X3x,O-C8-K7-X3x,Pusat
O-C8-K7-X4x,O-C8-K7-X4x,Pusat
O-C8-K7-X5x,O-C8-K7-X5x,Pusat
O-C8-K7-X6x,O-C8-K7-X6x,Pusat
O-C8-K7-X7x,O-C8-K7-X7x,Pusat
O-C8-K7-X8x,O-C8-K7-X8x,Pusat
O-C8-K7-X9x,O-C8-K7-X9x,Pusat
O-C9-K1-X10x,O-C9-K1-X10x,Pusat
O-C9-K1-X11x,O-C9-K1-X11x,Pusat
O-C9-K1-X12x,O-C9-K1-X12x,Pusat
O-C9-K1-X13x,O-C9-K1-X13x,Pusat
O-C9-K1-X14x,O-C9-K1-X14x,Pusat
O-C9-K1-X15x,O-C9-K1-X15x,Pusat
O-C9-K1-X16x,O-C9-K1-X16x,Pusat
O-C9-K1-X17x,O-C9-K1-X17x,Pusat
O-C9-K1-X18x,O-C9-K1-X18x,Pusat
O-C9-K1-X19x,O-C9-K1-X19x,Pusat
O-C9-K1-X1x,O-C9-K1-X1x,Pusat
O-C9-K1-X20x,O-C9-K1-X20x,Pusat
O-C9-K1-X21x,O-C9-K1-X21x,Pusat
O-C9-K1-X22x,O-C9-K1-X22x,Pusat
O-C9-K1-X23x,O-C9-K1-X23x,Pusat
O-C9-K1-X24x,O-C9-K1-X24x,Pusat
O-C9-K1-X25x,O-C9-K1-X25x,Pusat
O-C9-K1-X26x,O-C9-K1-X26x,Pusat
O-C9-K1-X27x,O-C9-K1-X27x,Pusat
O-C9-K1-X28x,O-C9-K1-X28x,Pusat
O-C9-K1-X29x,O-C9-K1-X29x,Pusat
O-C9-K1-X2x,O-C9-K1-X2x,Pusat
O-C9-K1-X30x,O-C9-K1-X30x,Pusat
O-C9-K1-X3x,O-C9-K1-X3x,Pusat
O-C9-K1-X4x,O-C9-K1-X4x,Pusat
O-C9-K1-X5x,O-C9-K1-X5x,Pusat
O-C9-K1-X6x,O-C9-K1-X6x,Pusat
O-C9-K1-X7x,O-C9-K1-X7x,Pusat
O-C9-K1-X8x,O-C9-K1-X8x,Pusat
O-C9-K1-X9x,O-C9-K1-X9x,Pusat
O-C9-K2-X10x,O-C9-K2-X10x,Pusat
O-C9-K2-X11x,O-C9-K2-X11x,Pusat
O-C9-K2-X12x,O-C9-K2-X12x,Pusat
O-C9-K2-X13x,O-C9-K2-X13x,Pusat
O-C9-K2-X14x,O-C9-K2-X14x,Pusat
O-C9-K2-X15x,O-C9-K2-X15x,Pusat
O-C9-K2-X16x,O-C9-K2-X16x,Pusat
O-C9-K2-X17x,O-C9-K2-X17x,Pusat
O-C9-K2-X18x,O-C9-K2-X18x,Pusat
O-C9-K2-X19x,O-C9-K2-X19x,Pusat
O-C9-K2-X1x,O-C9-K2-X1x,Pusat
O-C9-K2-X20x,O-C9-K2-X20x,Pusat
O-C9-K2-X21x,O-C9-K2-X21x,Pusat
O-C9-K2-X22x,O-C9-K2-X22x,Pusat
O-C9-K2-X23x,O-C9-K2-X23x,Pusat
O-C9-K2-X24x,O-C9-K2-X24x,Pusat
O-C9-K2-X25x,O-C9-K2-X25x,Pusat
O-C9-K2-X26x,O-C9-K2-X26x,Pusat
O-C9-K2-X27x,O-C9-K2-X27x,Pusat
O-C9-K2-X28x,O-C9-K2-X28x,Pusat
O-C9-K2-X29x,O-C9-K2-X29x,Pusat
O-C9-K2-X2x,O-C9-K2-X2x,Pusat
O-C9-K2-X30x,O-C9-K2-X30x,Pusat
O-C9-K2-X3x,O-C9-K2-X3x,Pusat
O-C9-K2-X4x,O-C9-K2-X4x,Pusat
O-C9-K2-X5x,O-C9-K2-X5x,Pusat
O-C9-K2-X6x,O-C9-K2-X6x,Pusat
O-C9-K2-X7x,O-C9-K2-X7x,Pusat
O-C9-K2-X8x,O-C9-K2-X8x,Pusat
O-C9-K2-X9x,O-C9-K2-X9x,Pusat
O-C9-K3-X10x,O-C9-K3-X10x,Pusat
O-C9-K3-X11x,O-C9-K3-X11x,Pusat
O-C9-K3-X12x,O-C9-K3-X12x,Pusat
O-C9-K3-X13x,O-C9-K3-X13x,Pusat
O-C9-K3-X14x,O-C9-K3-X14x,Pusat
O-C9-K3-X15x,O-C9-K3-X15x,Pusat
O-C9-K3-X16x,O-C9-K3-X16x,Pusat
O-C9-K3-X17x,O-C9-K3-X17x,Pusat
O-C9-K3-X18x,O-C9-K3-X18x,Pusat
O-C9-K3-X19x,O-C9-K3-X19x,Pusat
O-C9-K3-X1x,O-C9-K3-X1x,Pusat
O-C9-K3-X20x,O-C9-K3-X20x,Pusat
O-C9-K3-X21x,O-C9-K3-X21x,Pusat
O-C9-K3-X22x,O-C9-K3-X22x,Pusat
O-C9-K3-X23x,O-C9-K3-X23x,Pusat
O-C9-K3-X24x,O-C9-K3-X24x,Pusat
O-C9-K3-X25x,O-C9-K3-X25x,Pusat
O-C9-K3-X26x,O-C9-K3-X26x,Pusat
O-C9-K3-X27x,O-C9-K3-X27x,Pusat
O-C9-K3-X28x,O-C9-K3-X28x,Pusat
O-C9-K3-X29x,O-C9-K3-X29x,Pusat
O-C9-K3-X2x,O-C9-K3-X2x,Pusat
O-C9-K3-X30x,O-C9-K3-X30x,Pusat
O-C9-K3-X3x,O-C9-K3-X3x,Pusat
O-C9-K3-X4x,O-C9-K3-X4x,Pusat
O-C9-K3-X5x,O-C9-K3-X5x,Pusat
O-C9-K3-X6x,O-C9-K3-X6x,Pusat
O-C9-K3-X7x,O-C9-K3-X7x,Pusat
O-C9-K3-X8x,O-C9-K3-X8x,Pusat
O-C9-K3-X9x,O-C9-K3-X9x,Pusat
O-C9-K4-X10x,O-C9-K4-X10x,Pusat
O-C9-K4-X11x,O-C9-K4-X11x,Pusat
O-C9-K4-X12x,O-C9-K4-X12x,Pusat
O-C9-K4-X13x,O-C9-K4-X13x,Pusat
O-C9-K4-X14x,O-C9-K4-X14x,Pusat
O-C9-K4-X15x,O-C9-K4-X15x,Pusat
O-C9-K4-X16x,O-C9-K4-X16x,Pusat
O-C9-K4-X17x,O-C9-K4-X17x,Pusat
O-C9-K4-X18x,O-C9-K4-X18x,Pusat
O-C9-K4-X19x,O-C9-K4-X19x,Pusat
O-C9-K4-X1x,O-C9-K4-X1x,Pusat
O-C9-K4-X20x,O-C9-K4-X20x,Pusat
O-C9-K4-X21x,O-C9-K4-X21x,Pusat
O-C9-K4-X22x,O-C9-K4-X22x,Pusat
O-C9-K4-X23x,O-C9-K4-X23x,Pusat
O-C9-K4-X24x,O-C9-K4-X24x,Pusat
O-C9-K4-X25x,O-C9-K4-X25x,Pusat
O-C9-K4-X26x,O-C9-K4-X26x,Pusat
O-C9-K4-X27x,O-C9-K4-X27x,Pusat
O-C9-K4-X28x,O-C9-K4-X28x,Pusat
O-C9-K4-X29x,O-C9-K4-X29x,Pusat
O-C9-K4-X2x,O-C9-K4-X2x,Pusat
O-C9-K4-X30x,O-C9-K4-X30x,Pusat
O-C9-K4-X3x,O-C9-K4-X3x,Pusat
O-C9-K4-X4x,O-C9-K4-X4x,Pusat
O-C9-K4-X5x,O-C9-K4-X5x,Pusat
O-C9-K4-X6x,O-C9-K4-X6x,Pusat
O-C9-K4-X7x,O-C9-K4-X7x,Pusat
O-C9-K4-X8x,O-C9-K4-X8x,Pusat
O-C9-K4-X9x,O-C9-K4-X9x,Pusat
O-C9-K5-X10x,O-C9-K5-X10x,Pusat
O-C9-K5-X11x,O-C9-K5-X11x,Pusat
O-C9-K5-X12x,O-C9-K5-X12x,Pusat
O-C9-K5-X13x,O-C9-K5-X13x,Pusat
O-C9-K5-X14x,O-C9-K5-X14x,Pusat
O-C9-K5-X15x,O-C9-K5-X15x,Pusat
O-C9-K5-X16x,O-C9-K5-X16x,Pusat
O-C9-K5-X17x,O-C9-K5-X17x,Pusat
O-C9-K5-X18x,O-C9-K5-X18x,Pusat
O-C9-K5-X19x,O-C9-K5-X19x,Pusat
O-C9-K5-X1x,O-C9-K5-X1x,Pusat
O-C9-K5-X20x,O-C9-K5-X20x,Pusat
O-C9-K5-X21x,O-C9-K5-X21x,Pusat
O-C9-K5-X22x,O-C9-K5-X22x,Pusat
O-C9-K5-X23x,O-C9-K5-X23x,Pusat
O-C9-K5-X24x,O-C9-K5-X24x,Pusat
O-C9-K5-X25x,O-C9-K5-X25x,Pusat
O-C9-K5-X26x,O-C9-K5-X26x,Pusat
O-C9-K5-X27x,O-C9-K5-X27x,Pusat
O-C9-K5-X28x,O-C9-K5-X28x,Pusat
O-C9-K5-X29x,O-C9-K5-X29x,Pusat
O-C9-K5-X2x,O-C9-K5-X2x,Pusat
O-C9-K5-X30x,O-C9-K5-X30x,Pusat
O-C9-K5-X3x,O-C9-K5-X3x,Pusat
O-C9-K5-X4x,O-C9-K5-X4x,Pusat
O-C9-K5-X5x,O-C9-K5-X5x,Pusat
O-C9-K5-X6x,O-C9-K5-X6x,Pusat
O-C9-K5-X7x,O-C9-K5-X7x,Pusat
O-C9-K5-X8x,O-C9-K5-X8x,Pusat
O-C9-K5-X9x,O-C9-K5-X9x,Pusat
O-C9-K6-X10x,O-C9-K6-X10x,Pusat
O-C9-K6-X11x,O-C9-K6-X11x,Pusat
O-C9-K6-X12x,O-C9-K6-X12x,Pusat
O-C9-K6-X13x,O-C9-K6-X13x,Pusat
O-C9-K6-X14x,O-C9-K6-X14x,Pusat
O-C9-K6-X15x,O-C9-K6-X15x,Pusat
O-C9-K6-X16x,O-C9-K6-X16x,Pusat
O-C9-K6-X17x,O-C9-K6-X17x,Pusat
O-C9-K6-X18x,O-C9-K6-X18x,Pusat
O-C9-K6-X19x,O-C9-K6-X19x,Pusat
O-C9-K6-X1x,O-C9-K6-X1x,Pusat
O-C9-K6-X20x,O-C9-K6-X20x,Pusat
O-C9-K6-X21x,O-C9-K6-X21x,Pusat
O-C9-K6-X22x,O-C9-K6-X22x,Pusat
O-C9-K6-X23x,O-C9-K6-X23x,Pusat
O-C9-K6-X24x,O-C9-K6-X24x,Pusat
O-C9-K6-X25x,O-C9-K6-X25x,Pusat
O-C9-K6-X26x,O-C9-K6-X26x,Pusat
O-C9-K6-X27x,O-C9-K6-X27x,Pusat
O-C9-K6-X28x,O-C9-K6-X28x,Pusat
O-C9-K6-X29x,O-C9-K6-X29x,Pusat
O-C9-K6-X2x,O-C9-K6-X2x,Pusat
O-C9-K6-X30x,O-C9-K6-X30x,Pusat
O-C9-K6-X3x,O-C9-K6-X3x,Pusat
O-C9-K6-X4x,O-C9-K6-X4x,Pusat
O-C9-K6-X5x,O-C9-K6-X5x,Pusat
O-C9-K6-X6x,O-C9-K6-X6x,Pusat
O-C9-K6-X7x,O-C9-K6-X7x,Pusat
O-C9-K6-X8x,O-C9-K6-X8x,Pusat
O-C9-K6-X9x,O-C9-K6-X9x,Pusat
O-C9-K7-X10x,O-C9-K7-X10x,Pusat
O-C9-K7-X11x,O-C9-K7-X11x,Pusat
O-C9-K7-X12x,O-C9-K7-X12x,Pusat
O-C9-K7-X13x,O-C9-K7-X13x,Pusat
O-C9-K7-X14x,O-C9-K7-X14x,Pusat
O-C9-K7-X15x,O-C9-K7-X15x,Pusat
O-C9-K7-X16x,O-C9-K7-X16x,Pusat
O-C9-K7-X17x,O-C9-K7-X17x,Pusat
O-C9-K7-X18x,O-C9-K7-X18x,Pusat
O-C9-K7-X19x,O-C9-K7-X19x,Pusat
O-C9-K7-X1x,O-C9-K7-X1x,Pusat
O-C9-K7-X20x,O-C9-K7-X20x,Pusat
O-C9-K7-X21x,O-C9-K7-X21x,Pusat
O-C9-K7-X22x,O-C9-K7-X22x,Pusat
O-C9-K7-X23x,O-C9-K7-X23x,Pusat
O-C9-K7-X24x,O-C9-K7-X24x,Pusat
O-C9-K7-X25x,O-C9-K7-X25x,Pusat
O-C9-K7-X26x,O-C9-K7-X26x,Pusat
O-C9-K7-X27x,O-C9-K7-X27x,Pusat
O-C9-K7-X28x,O-C9-K7-X28x,Pusat
O-C9-K7-X29x,O-C9-K7-X29x,Pusat
O-C9-K7-X2x,O-C9-K7-X2x,Pusat
O-C9-K7-X30x,O-C9-K7-X30x,Pusat
O-C9-K7-X3x,O-C9-K7-X3x,Pusat
O-C9-K7-X4x,O-C9-K7-X4x,Pusat
O-C9-K7-X5x,O-C9-K7-X5x,Pusat
O-C9-K7-X6x,O-C9-K7-X6x,Pusat
O-C9-K7-X7x,O-C9-K7-X7x,Pusat
O-C9-K7-X8x,O-C9-K7-X8x,Pusat
O-C9-K7-X9x,O-C9-K7-X9x,Pusat
